// Generated by tools/gen_assets.py - do not edit.
#include "assets.h"

const uint16_t font_pal[16] = {
    0x0000, 0x7FFF, 0x0C43, 0x1CA5, 0x1F1E, 0x0992, 0x2F9F, 0x3128,
    0x49EE, 0x0000, 0x0000, 0x0000, 0x0000, 0x0000, 0x0000, 0x0000,
};
const uint16_t obj_pal[240] = {
    0x0000, 0x34AF, 0x55BC, 0x6ABF, 0x7FDF, 0x1043, 0x7FFF, 0x49FF,
    0x0000, 0x0000, 0x0000, 0x0000, 0x0000, 0x0000, 0x0000, 0x0000,
    0x0000, 0x316B, 0x5AB5, 0x6B39, 0x77BD, 0x1043, 0x0000, 0x0000,
    0x0000, 0x0000, 0x0000, 0x0000, 0x0000, 0x0000, 0x0000, 0x0000,
    0x0000, 0x1966, 0x2ECB, 0x374D, 0x63B8, 0x1043, 0x0000, 0x0000,
    0x0000, 0x0000, 0x0000, 0x0000, 0x0000, 0x0000, 0x0000, 0x0000,
    0x0000, 0x3165, 0x5EA9, 0x6F2B, 0x7BB7, 0x1043, 0x0000, 0x0000,
    0x0000, 0x0000, 0x0000, 0x0000, 0x0000, 0x0000, 0x0000, 0x0000,
    0x0000, 0x34E5, 0x65A9, 0x7A0B, 0x7F37, 0x1043, 0x0000, 0x0000,
    0x0000, 0x0000, 0x0000, 0x0000, 0x0000, 0x0000, 0x0000, 0x0000,
    0x0000, 0x34A9, 0x6552, 0x7995, 0x7F1B, 0x1043, 0x0000, 0x0000,
    0x0000, 0x0000, 0x0000, 0x0000, 0x0000, 0x0000, 0x0000, 0x0000,
    0x0000, 0x28CD, 0x5179, 0x5DBE, 0x731F, 0x1043, 0x0000, 0x0000,
    0x0000, 0x0000, 0x0000, 0x0000, 0x0000, 0x0000, 0x0000, 0x0000,
    0x0000, 0x0C8D, 0x1D19, 0x215E, 0x5AFF, 0x1043, 0x0000, 0x0000,
    0x0000, 0x0000, 0x0000, 0x0000, 0x0000, 0x0000, 0x0000, 0x0000,
    0x0000, 0x090E, 0x15FA, 0x1A5F, 0x575F, 0x1043, 0x0000, 0x0000,
    0x0000, 0x0000, 0x0000, 0x0000, 0x0000, 0x0000, 0x0000, 0x0000,
    0x0000, 0x0D8E, 0x1ADA, 0x1F5F, 0x5BBF, 0x1043, 0x0000, 0x0000,
    0x0000, 0x0000, 0x0000, 0x0000, 0x0000, 0x0000, 0x0000, 0x0000,
    0x0000, 0x6B39, 0x7FDE, 0x7FFF, 0x7FFF, 0x1043, 0x0000, 0x0000,
    0x0000, 0x0000, 0x0000, 0x0000, 0x0000, 0x0000, 0x0000, 0x0000,
    0x0000, 0x1043, 0x7FFF, 0x6717, 0x41CD, 0x7DB7, 0x54AD, 0x376D,
    0x1E03, 0x2B5F, 0x09F7, 0x7EED, 0x6563, 0x669F, 0x4119, 0x1E1F,
    0x0000, 0x4E53, 0x7FFF, 0x779C, 0x62F7, 0x7EFC, 0x6E77, 0x5FB7,
    0x5313, 0x5BBF, 0x4B1C, 0x7F97, 0x72D3, 0x735F, 0x62BC, 0x531F,
    0x0000, 0x1CC5, 0x398B, 0x4E0E, 0x7B9B, 0x7FFF, 0x0000, 0x0000,
    0x0000, 0x0000, 0x0000, 0x0000, 0x0000, 0x0000, 0x0000, 0x0000,
    0x0000, 0x080D, 0x147C, 0x4A1F, 0x7FFF, 0x7B32, 0x7FDC, 0x0000,
    0x0000, 0x0000, 0x0000, 0x0000, 0x0000, 0x0000, 0x0000, 0x0000,
};
const uint16_t title_pal[256] = {
    0x0000, 0x0000, 0x0000, 0x0000, 0x0000, 0x0000, 0x0000, 0x0000,
    0x0000, 0x0000, 0x0000, 0x0000, 0x0000, 0x0000, 0x0000, 0x0000,
    0x0000, 0x0000, 0x0000, 0x0000, 0x0000, 0x0000, 0x0000, 0x0000,
    0x0000, 0x0000, 0x0000, 0x0000, 0x0000, 0x0000, 0x0000, 0x0000,
    0x0407, 0x0409, 0x04AA, 0x1043, 0x2868, 0x2C89, 0x04CB, 0x0D02,
    0x0D22, 0x2CC2, 0x1123, 0x1163, 0x15A4, 0x19E4, 0x1E25, 0x3903,
    0x4103, 0x4524, 0x3946, 0x3D67, 0x3989, 0x4525, 0x4545, 0x4546,
    0x4566, 0x4967, 0x4588, 0x49A8, 0x4589, 0x49CA, 0x080B, 0x080C,
    0x04CC, 0x080E, 0x0832, 0x0C52, 0x0C53, 0x08CD, 0x0C73, 0x0931,
    0x1073, 0x34AB, 0x34AF, 0x392C, 0x40CD, 0x492D, 0x49CB, 0x45EC,
    0x45EE, 0x1094, 0x1058, 0x14B5, 0x1079, 0x1099, 0x149A, 0x14BA,
    0x18BB, 0x18F6, 0x0D54, 0x1917, 0x1D17, 0x0D98, 0x18DB, 0x18DC,
    0x18FC, 0x1CFC, 0x11DB, 0x1D1C, 0x1D1D, 0x213D, 0x215E, 0x255E,
    0x257F, 0x11FE, 0x49C9, 0x59A5, 0x6984, 0x6985, 0x6D85, 0x69C6,
    0x6DA5, 0x6DA6, 0x6DC6, 0x6DA7, 0x6DE6, 0x6DC7, 0x6DE7, 0x6DC8,
    0x7207, 0x6DE8, 0x6DE9, 0x7208, 0x7A27, 0x49EB, 0x6E0A, 0x7209,
    0x7229, 0x720A, 0x722A, 0x724A, 0x722B, 0x49EC, 0x49ED, 0x49EE,
    0x622D, 0x722C, 0x724B, 0x726B, 0x726C, 0x766C, 0x726D, 0x5912,
    0x4A0F, 0x55F2, 0x4E53, 0x726E, 0x51BB, 0x55DB, 0x55FB, 0x6598,
    0x7578, 0x51BC, 0x55BC, 0x55FC, 0x4A5D, 0x4E7C, 0x5A3C, 0x4DDE,
    0x55DD, 0x59FD, 0x59DE, 0x59DF, 0x4A7E, 0x4E7D, 0x5A1D, 0x527D,
    0x5E3D, 0x2286, 0x26C6, 0x26E7, 0x2B07, 0x330B, 0x4EB1, 0x728E,
    0x728F, 0x72B1, 0x766B, 0x768C, 0x768D, 0x76AD, 0x768E, 0x76AE,
    0x76CE, 0x768F, 0x7ACE, 0x76AF, 0x7ACF, 0x76B0, 0x76D0, 0x76D1,
    0x76D2, 0x76F1, 0x76F2, 0x7AEF, 0x7AF0, 0x7B10, 0x7AF1, 0x7B11,
    0x7712, 0x7B12, 0x7B31, 0x7F31, 0x4677, 0x4E9E, 0x6EF4, 0x529D,
    0x7336, 0x529E, 0x52BE, 0x4EBF, 0x56BF, 0x56DF, 0x5ADF, 0x76F3,
    0x7713, 0x7337, 0x7338, 0x7358, 0x7359, 0x7714, 0x7715, 0x7734,
    0x7735, 0x7755, 0x7736, 0x7756, 0x7737, 0x7757, 0x7B32, 0x7F52,
    0x7B13, 0x7B33, 0x7B53, 0x7B34, 0x7B54, 0x7B35, 0x7B55, 0x7B57,
    0x7758, 0x7B58, 0x7759, 0x7B59, 0x7779, 0x7B79, 0x777A, 0x7B9A,
    0x779B, 0x7B9B, 0x779C, 0x7BBC, 0x7BBD, 0x7BDD, 0x7BFF, 0x7FFF,
};
const uint32_t title_tiles[9600] = {
    0x6C6C6C6C, 0x6C6C6C6C, 0x6C6C6C6C, 0x6C6C6C6C, 0x6C6C6C6C, 0x6C6C6C6C, 0x6C6C6C6C, 0x6C6C6C6C,
    0x6C6C6C6C, 0x6C6C6C6C, 0x6C6C6C6C, 0x6C6C6C6C, 0x6D6D6D6D, 0x6D6D6D6D, 0x6D6D6D6D, 0x6D6D6D6D,
    0x6C6C6C6C, 0x6C6C6C6C, 0x6C6C6C6C, 0x6C6C6C6C, 0x6C6C6C6C, 0x6C6C6C6C, 0x6C6C6C6C, 0x6C6C6C6C,
    0x6C6C6C6C, 0x6C6C6C6C, 0x6C6C6C6C, 0x6C6C6C6C, 0x6D6D6D6D, 0x6D6D6D6D, 0x6D6D6D6D, 0x6D6D6D6D,
    0x6C6C6C6C, 0xD76D6C6C, 0x6C6C6C6C, 0xD7716C6C, 0x6C6C6C6C, 0xCE7A6C6C, 0x6C6C6C6C, 0xB188716C,
    0x6C6C6C6C, 0x8E88796C, 0x6C6C6C6C, 0x7E7E7A70, 0x6D6D6D6D, 0x77756D6D, 0x6D6D6D6D, 0x736D6D6D,
    0xFFFFFFFF, 0xFFFFFFFF, 0xFFFFFFFF, 0xFDFFFFFD, 0xFDFFFDF7, 0xF7FDFFFD, 0xD7B1B1B1, 0xDEDEDED7,
    0x7E7E7E88, 0x8E8E897E, 0x6C6C6D75, 0x7A756C6C, 0x6D6D6D75, 0x706D6D6D, 0x6D6D6D71, 0x6D6D6D6D,
    0xF9FBFBFD, 0x93D7E4F7, 0xFDFDF9FB, 0x88D7F7FD, 0xFFFCF5F1, 0x75B1F9FF, 0xF9F7F1DE, 0x6C7AB1F1,
    0xBEC0B193, 0x6C6C7793, 0x6C717A7E, 0x6C6C6C6C, 0x6D6D6D6D, 0x6D6D6D6D, 0x6D6D6D6D, 0x716D6D6D,
    0x6C6C6D7E, 0x6C6C6C6C, 0x6C6C6C71, 0x6C6C6C6C, 0x6C6C6C6C, 0x6C6C6C6C, 0x7A6C6C6C, 0x6C6C797E,
    0x7A6C6C6C, 0x6C6C7A88, 0x79716C6C, 0x6C6C717A, 0x938E887E, 0x6D75888E, 0xB1B1B18E, 0x6D7A8EB0,
    0x6C6C6C6C, 0x6C6C6C6C, 0x6C6C6C6C, 0x6C6C6C6C, 0x6C6C6C6C, 0x6C6C6C6C, 0x6C6C6C6C, 0x6C6C6C6C,
    0x6C6C6C6C, 0x6C6C6C6C, 0x6C6C6C6C, 0x6C6C6C6C, 0x6D6D6D6D, 0x6D6D6D6D, 0x6D6D6D6D, 0x6D6D6D6D,
    0x6C6C6C6C, 0x6C6C6C6C, 0x6C6C6C6C, 0x6C6C6C6C, 0x6C6C6C6C, 0x6C6C6C6C, 0x6C6C6C6C, 0x6C6C6C6C,
    0x6C6C6C6C, 0x6C6C6C6C, 0x6C6C6C6C, 0x6C6C6C6C, 0x6D6D6D6D, 0x6D6D6D6D, 0x6D6D6D6D, 0x20206D6D,
    0x6C6C6C6C, 0x6C6C6C6C, 0x6C6C6C6C, 0x6C6C6C6C, 0x6C6C6C6C, 0x6C6C6C6C, 0x6C6C6C6C, 0x6C6C6C6C,
    0x6C6C6C6C, 0x6C6C6C6C, 0x6C6C6C6C, 0x6C6C6C6C, 0x6D6D6D6D, 0x6D6D6D6D, 0x20202020, 0x20202020,
    0x6C6C6C6C, 0x6C6C6C6C, 0x6C6C6C6C, 0x6C6C6C6C, 0x6C6C6C6C, 0x6C6C6C6C, 0x6C6C6C6C, 0x6C6C6C6C,
    0x6C6C6C6C, 0x6C6C6C6C, 0x6C6C6C6C, 0x6C6C6C6C, 0x6D6D6D6D, 0x6D6D6D6D, 0x20202020, 0x20202020,
    0x6C6C6C6C, 0x6C6C6C6C, 0x6C6C6C6C, 0x6C6C6C6C, 0x6C6C6C6C, 0x6C6C6C6C, 0x6C6C6C6C, 0x6C6C6C6C,
    0x6C6C6C6C, 0x6C6C6C6C, 0x6C6C6C6C, 0x6C6C6C6C, 0x6D6D6D6D, 0x6D6D6D6D, 0x6D6D2020, 0x6D6D6D6D,
    0x6C6C6C6C, 0x6C6C6C6C, 0x6C6C6C6C, 0x6C6C6C6C, 0x6C6C6C6C, 0x6C6C6C6C, 0x6C6C6C6C, 0x6C6C6C6C,
    0x6C6C6C6C, 0x6C6C6C6C, 0x6C6C6C6C, 0x6C6C6C6C, 0x6D6D6D6D, 0x6D6D6D6D, 0x6D6D6D6D, 0x6D6D6D6D,
    0x6C6C6C6C, 0x6C6C6C6C, 0x6C6C6C6C, 0x6C6C6C6C, 0x6C6C6C6C, 0x6C6C6C6C, 0x7E7A716C, 0x75777A7E,
    0xDED7B077, 0xC0D7D7DE, 0xF9F5D77E, 0xF5F9F9FA, 0xF5DEB179, 0xFDFDFDFB, 0xE4C08E75, 0xFDFDFDF9,
    0x6C6C6C6C, 0x7E6D6C6C, 0x6C6C6C6C, 0x716C6C6C, 0x6C6D6C6C, 0x6C6C6C6C, 0x7A777575, 0x71707177,
    0xC0B1B1B1, 0x7E8993B1, 0xF1F3F0F2, 0xB1B1D7EF, 0xFFFFFDFD, 0xDEE2F5FB, 0xFDFDFDFD, 0xE2E4F7FD,
    0x888E8E8E, 0x7A7A7E7E, 0x9393937E, 0x889393B1, 0xCEB1937E, 0x8EB1CED7, 0xB18E7E79, 0x7988B0B1,
    0x8E887E7E, 0x6C777E8E, 0x7A7E8E93, 0x6C757A7A, 0x7589B1D7, 0x6D6D6D6D, 0x7089B1DE, 0x6D6D6D6D,
    0x77757575, 0x88777375, 0x7171757A, 0x937E7A75, 0x6C6C6C7A, 0x7A6C6C6C, 0x6C6C6C71, 0x6C6C6C6C,
    0x6C6C6C6C, 0x6C6C6C6C, 0x6C6C6C6C, 0x6C6C6C6C, 0x20206D6D, 0x20202020, 0xD620206D, 0xD6D6D6D6,
    0xB1DEDEB1, 0x756F717E, 0x93C0D7B1, 0x6C6C6C77, 0x79888E89, 0x6C6C6C6C, 0x6C6C6C6C, 0x6C6C6C6C,
    0x6C6C6C6C, 0x6C6C6C6C, 0x6C6C6C6C, 0x6C6C6C6C, 0x20202020, 0x20202020, 0xD6D6D6D6, 0xD6D6D6D6,
    0xB1B18E7E, 0x7A7E8EB0, 0x938E7E73, 0x7E898E93, 0x7A776F6C, 0x71797E7E, 0x6C6C6C6C, 0x6C6C6C6C,
    0x6C6C6C6C, 0x6C6C6C6C, 0x6C6C6C6C, 0x6C6C6C6C, 0x20202020, 0x20202020, 0xD6D6D6D6, 0xD6D6D6D6,
    0x6C6C7579, 0x6C6C6C6C, 0x6C6C7179, 0x6C6C6C6C, 0x6C6C6C6C, 0x6C6C6C6C, 0x6C6C6C6C, 0x6C6C6C6C,
    0x6C6C6C6C, 0x6C6C6C6C, 0x6C6C6C6C, 0x6C6C6C6C, 0x6D6D2020, 0x6D6D6D6D, 0x6D2020D6, 0x6D6D6D6D,
    0x6C6C6C6C, 0x6C6C6C6C, 0x6C6C6C6C, 0x6C6C6C6C, 0x6C6C6C6C, 0x6C6C6C6C, 0x6C6C6C6C, 0x6C6C6C6C,
    0x6C6C6C6C, 0x6C6C6C6C, 0x6C6C6C6C, 0x6C6C6C6C, 0x6D6D6D6D, 0x6D6D6D6D, 0x6D6D6D6D, 0x6D6D6D6D,
    0x6C6C6C6C, 0x6C6C6C6C, 0x6C6C6C6C, 0x6C6C6C6C, 0x6C6C6C6C, 0x6C6C6C6C, 0x6C6C6C6C, 0x6C6C6C6C,
    0x6C6C6C6C, 0x6C6C6C6C, 0x6C6C6C6C, 0x6C6C6C6C, 0x6D6D6D6D, 0x6D6D6D6D, 0x6D6D6D6D, 0x6D6D6D6D,
    0x6C6C6C6C, 0x6C6C6C6C, 0x6C6C6C6C, 0x6C6C6C6C, 0x6C6C6C6C, 0x6C6C6C6C, 0x6C6C6C6C, 0x6C6C6C6C,
    0x6C6C6C6C, 0x6C6C6C6C, 0x6C6C6C6C, 0x6C6C6C6C, 0x6D6D6D6D, 0x6D6D6D6D, 0x6D6D6D6D, 0x6D6D6D6D,
    0x6C6C6C6C, 0x6C6C6C6C, 0x6C6C6C6C, 0x6C6C6C6C, 0x6C6C6C6C, 0x6C6C6C6C, 0x6C6C6C6C, 0x6C6C6C6C,
    0x6C6C6C6C, 0x6C6C6C6C, 0x6C6C6C6C, 0x6C6C6C6C, 0x6D6D6D6D, 0x6D6D6D6D, 0x6D6D6D6D, 0x6D6D6D6D,
    0x6C6C6C6C, 0x6C6C6C6C, 0x6C6C6C6C, 0x6C6C6C6C, 0x6C6C6C6C, 0x6C6C6C6C, 0x6C6C6C6C, 0x6C6C6C6C,
    0x6C6C6C6C, 0x6C6C6C6C, 0x6C6C6C6C, 0x6C6C6C6C, 0x6D6D6D6D, 0x6D6D6D6D, 0x6D6D6D6D, 0x6D6D6D6D,
    0x6C6C6C6C, 0x6C6C6C6C, 0x6C6C6C6C, 0x6C6C6C6C, 0x6C6C6C6C, 0x6C6C6C6C, 0x6C6C6C6C, 0x6C6C6C6C,
    0x6C6C6C6C, 0x6C6C6C6C, 0x6C6C6C6C, 0x6C6C6C6C, 0x6D6D6D6D, 0x6D6D6D6D, 0x6D6D6D6D, 0x6D6D6D6D,
    0x6C6C6C6C, 0x6C6C6C6C, 0x6C6C6C6C, 0x6C6C6C6C, 0x6C6C6C6C, 0x6C6C6C6C, 0x6C6C6C6C, 0x6C6C6C6C,
    0x6C6C6C6C, 0x6C6C6C6C, 0x6C6C6C6C, 0x6C6C6C6C, 0x6D6D6D6D, 0x6D6D6D6D, 0x6D6D6D6D, 0x6D6D6D6D,
    0x6C6C6C6C, 0x6C6C6C6C, 0x6C6C6C6C, 0x6C6C6C6C, 0x6C6C6C6C, 0x6C6C6C6C, 0x6C6C6C6C, 0x6C6C6C6C,
    0x6C6C6C6C, 0x6C6C6C6C, 0x6C6C6C6C, 0x6C6C6C6C, 0x6D6D6D6D, 0x6D6D6D6D, 0x6D6D6D6D, 0x6D6D6D6D,
    0x6C6C6C6C, 0x6C6C6C6C, 0x6C6C6C6C, 0x6C6C6C6C, 0x6C6C6C6C, 0x6C6C6C6C, 0x6C6C6C6C, 0x6C6C6C6C,
    0x6C6C6C6C, 0x6C6C6C6C, 0x6C6C6C6C, 0x6C6C6C6C, 0x6D6D6D6D, 0x6D6D6D6D, 0x6D6D6D6D, 0x6D6D6D6D,
    0x6C6C6C6C, 0x6C6C6C6C, 0x6C6C6C6C, 0x6C6C6C6C, 0x6C6C6C6C, 0x6C6C6C6C, 0x6C6C6C6C, 0x6C6C6C6C,
    0x6C6C6C6C, 0x6C6C6C6C, 0x6C6C6C6C, 0x6C6C6C6C, 0x6D6D6D6D, 0xB189756D, 0x6D6D6D6D, 0xDEB18471,
    0x6C6C6C6C, 0x6C6C6C6C, 0x6C6C6C6C, 0x6C6C6C6C, 0x6C6C6C6C, 0x6C6C6C6C, 0x6C6C6C6C, 0x7A7E7A71,
    0x756C6C6C, 0x88887E7A, 0x8E8C7E75, 0x9393938E, 0xC0D7DED7, 0xB1B1B1B1, 0xDEE4F2F0, 0xB1B1B1B1,
    0x6D6D6D6D, 0x6D6D6D6D, 0x6E6E6E6E, 0x6E6E6E6E, 0x6E6E6E6E, 0x6E6E6E6E, 0x70707070, 0x70707070,
    0x70707070, 0x70707070, 0x70707070, 0x70707070, 0x70707070, 0x70707070, 0x70707070, 0x70707070,
    0x6D6D6D6D, 0x6D6D6D6D, 0x6E6E6E6E, 0x6E6E6E6E, 0x6E6E6E6E, 0x6E6E6E6E, 0x70707070, 0x70707070,
    0x70707070, 0x70707070, 0x70707070, 0x70707070, 0x70707070, 0x70707070, 0x70707070, 0x70707070,
    0x6D6D6D6D, 0x6D6D6D6D, 0x6E6E6E6E, 0x6E6E6E6E, 0x6E6E6E6E, 0x6E6E6E6E, 0x70707070, 0x70707070,
    0x70707070, 0x70707070, 0x70707070, 0x70707070, 0x70707070, 0x70707070, 0x70707070, 0x70707070,
    0x6D6D6D6D, 0x6D6D6D6D, 0x6E6E6E6E, 0x6E6E6E6E, 0x20206E6E, 0x20202020, 0xD5202070, 0xD5D5D5D5,
    0xD5D52070, 0xD3D3D3D3, 0xD3D52070, 0xD3D3D3D3, 0x66D52070, 0x66666666, 0x65D42070, 0x65656565,
    0x6D6D6D6D, 0x6D6D6D6D, 0x6E6E6E6E, 0x6E6E6E6E, 0x6E6E2020, 0x6E6E6E6E, 0x702020D5, 0x70707070,
    0x2020D5D3, 0x70707070, 0x2041D3D3, 0x70707020, 0x3FD5D366, 0x70702020, 0xD4D16565, 0x702020D4,
    0x898E8E7E, 0x6D717A7E, 0x75716E6E, 0x6E707979, 0x6E6E6E6E, 0x20207775, 0x71707070, 0xD520207A,
    0x75707070, 0xD5D5207E, 0x70707070, 0xD3D5207A, 0x70707070, 0x66D52077, 0x70707070, 0x65D42070,
    0x6D6D6D6D, 0x6D6D6D6D, 0x6E6E6E6E, 0x6E6E6E6E, 0x20202020, 0x6E6E2020, 0xD5D5D5D5, 0x702020D5,
    0xD3D3D3D3, 0x2020D5D3, 0xD3D3D3D3, 0x2041D3D3, 0x66666666, 0x3F41D366, 0x65656565, 0x3F415965,
    0x6D6D6D6D, 0xD520206D, 0x6E6E6E6E, 0xD5D5206E, 0x6E6E6E6E, 0xD3D52020, 0x20207070, 0x67D5D520,
    0xD5202075, 0x6767D5D5, 0xD5D52020, 0x6666D3D3, 0xD3D52020, 0x666666D3, 0x65D4203E, 0x65656565,
    0xD5D5D5D5, 0xD5D5D5D5, 0xD3D3D3D3, 0xD3D3D3D3, 0x68D3D3D3, 0x68686868, 0x5B5B6767, 0x5B5B5B5B,
    0x415B5B67, 0x41414141, 0x41415966, 0x3F3F3F3F, 0x3F415966, 0x3E3E3E3F, 0x3F415965, 0x21213E3E,
    0xD5D5D5D5, 0xD5D5D5D5, 0xD3D3D3D3, 0xD3D3D3D3, 0x68686868, 0xD3D3D368, 0x5B5B5B5B, 0x67676767,
    0x41414141, 0x67676741, 0x3F3F3F3F, 0x66663F3F, 0x3E3E3E3E, 0x66D53E3E, 0x21212121, 0x65D42121,
    0x6D2020D5, 0x6D6D6D6D, 0x2020D5D3, 0x6E6E6E6E, 0x2041D3D3, 0x6E6E6E20, 0x3FD5D367, 0x70702020,
    0xD5D36767, 0x702020D5, 0xD3D36666, 0x2020D5D3, 0xD3666666, 0x2041D3D3, 0x65656565, 0x3F41D165,
    0x6D6D6D6D, 0x706D6D6D, 0x20206E6E, 0x20202020, 0xD520206E, 0xD5D5D5D5, 0xD5D52070, 0xD3D3D3D3,
    0xD3D52070, 0xD3D3D3D3, 0x66D52079, 0x66666666, 0x66D52020, 0x66666666, 0x65D42020, 0x65656565,
    0xDEB1937E, 0xF4E4E4DE, 0x20202020, 0x20202020, 0xD5D5D5D5, 0xD5D5D5D5, 0xD3D3D3D3, 0xD3D3D3D3,
    0x67D3D3D3, 0x67676767, 0x59596666, 0x59595959, 0x41595966, 0x41414141, 0x41415965, 0x3F3F3F3F,
    0xFDFDFDFB, 0xB1B1DEF6, 0x20202020, 0x20202020, 0xD5D5D5D5, 0xD5D5D5D5, 0xD3D3D3D3, 0xD3D3D3D3,
    0x67676767, 0xD3D3D367, 0x59595959, 0x66666666, 0x41414141, 0x66666641, 0x3F3F3F3F, 0x65653F3F,
    0x6D7A93B1, 0x6D6D6D6D, 0x6E7A2020, 0x6E6E6E6E, 0x702020D5, 0x6E6E6E6E, 0x2020D5D3, 0x70707070,
    0x2041D3D3, 0x70707020, 0x3FD5D366, 0x70702020, 0xD5D36666, 0x702020D5, 0xD1D16565, 0x2020D4D1,
    0xD5D5206D, 0xD3D3D3D3, 0xD3D5206E, 0xD3D3D3D3, 0x68D5206E, 0x68686868, 0x67D52070, 0x67676767,
    0x67D52070, 0x67676767, 0x66D52070, 0x66666666, 0x66D52070, 0x66666666, 0x65D42070, 0x65656565,
    0xD3D3D3D3, 0xD3D3D3D3, 0x68D3D3D3, 0x68686868, 0x5C5C6868, 0x5C5C5C5C, 0x415B5B67, 0x41414141,
    0x41415B67, 0x3F3F3F3F, 0x3F415966, 0x3E3E3E3F, 0x3F415966, 0x21213E3E, 0x3F415965, 0x2021213E,
    0xD3D3D3D3, 0xD3D3D3D3, 0x68686868, 0xD3D3D368, 0x5C5C5C5C, 0x68686868, 0x41414141, 0x67676741,
    0x3F3F3F3F, 0x67673F3F, 0x3E3E3E3E, 0x66D53E3E, 0x21212121, 0x66D52121, 0x20202020, 0x65D42020,
    0x2020D5D3, 0x6D6D6D6D, 0x2041D3D3, 0x6E6E6E20, 0x3FD5D368, 0x6E6E2020, 0xD5D36767, 0x702020D5,
    0xD3D36767, 0x2020D5D3, 0xD3666666, 0x2041D3D3, 0x66666666, 0x3F41D366, 0x65656565, 0x3F415965,
    0x20206D6D, 0x20202020, 0xD520206E, 0xD5D5D5D5, 0xD5D5206E, 0xD3D3D3D3, 0xD3D52070, 0xD3D3D3D3,
    0x67D52070, 0x67676767, 0x66D52020, 0x66666666, 0x66D52020, 0x66666666, 0x65D4203E, 0x65656565,
    0x6D6D2020, 0x6D6D6D6D, 0x6E2020D5, 0x6E6E6E6E, 0x2020D5D3, 0x6E6E6E6E, 0x2041D3D3, 0x70707020,
    0x3F41D367, 0x70702020, 0x3F415966, 0x7020203E, 0x3F415966, 0x7020213E, 0x3F415965, 0x7020213E,
    0x6D6D6D6D, 0x6D6D6D6D, 0x6E6E6E6E, 0x6E6E6E6E, 0x6E6E6E6E, 0x6E6E6E6E, 0x70707070, 0x70707070,
    0x70707070, 0x70707070, 0x70707070, 0x70707070, 0x70707070, 0x70707070, 0x70707070, 0x70707070,
    0x6D6D6D6D, 0x6D6D6D6D, 0x6E6E6E6E, 0x6E6E6E6E, 0x6E6E6E6E, 0x6E6E6E6E, 0x70707070, 0x70707070,
    0x70707070, 0x70707070, 0x70707070, 0x70707070, 0x70707070, 0x70707070, 0x70707070, 0x70707070,
    0x6D6D6D6D, 0x6D6D6D6D, 0x6E6E6E6E, 0x6E6E6E6E, 0x20206E6E, 0x20202020, 0xD5202070, 0xD5D5D5D5,
    0xD5D52070, 0xD3D3D3D3, 0xD3D52070, 0xD3D3D3D3, 0x66D52070, 0x66666666, 0x65D42070, 0x65656565,
    0x6D6D6D6D, 0x6D6D6D6D, 0x6E6E6E6E, 0x6E6E6E6E, 0x20202020, 0x20202020, 0xD5D5D5D5, 0xD5D5D5D5,
    0xD3D3D3D3, 0xD3D3D3D3, 0x66D3D3D3, 0x66666666, 0x59596666, 0x59595959, 0x41595965, 0x41414141,
    0x6D6D6D6D, 0x6D6D6D6D, 0x6E6E6E6E, 0x6E6E6E6E, 0x20202020, 0x20202020, 0xD5D5D5D5, 0xD5D5D5D5,
    0xD3D3D3D3, 0xD3D3D3D3, 0x66666666, 0x66666666, 0x59595959, 0x59595959, 0x41414141, 0x41414141,
    0x6D6D6D6D, 0x6D6D6D6D, 0x6E6E6E6E, 0x6E6E6E6E, 0x20202020, 0x6E6E2020, 0xD5D5D5D5, 0x702020D5,
    0xD3D3D3D3, 0x2020D5D3, 0x66666666, 0x20415959, 0x59595959, 0x3F414159, 0x41414141, 0x3F3F4141,
    0x6D6D6D6D, 0x6D6D6D6D, 0x6E6E6E6E, 0x6E6E6E6E, 0x6E6E6E6E, 0x6E6E6E6E, 0x70707070, 0x70707070,
    0x70707070, 0x70707070, 0x70707020, 0x70707070, 0x70702020, 0x70707070, 0x7020203E, 0x70707070,
    0x6D6D6D6D, 0xD793776D, 0x6E6E6E6E, 0x8C776E6E, 0x6E6E6E6E, 0x716E6E6E, 0x70707070, 0x70707070,
    0x70707070, 0x71707070, 0x70707070, 0x70707070, 0x70707070, 0x70707070, 0x70707070, 0x70707070,
    0xF6F9F4E4, 0x93B1DEF0, 0xF0E4D7B1, 0x7188B1E2, 0xDED7937E, 0x6E718ED7, 0x9393897A, 0x7070758C,
    0x797A7E7A, 0x70707070, 0x75757070, 0x70707070, 0x79757170, 0x70707071, 0x7E847E7A, 0x7070707E,
    0x70707070, 0x70707070, 0x71717171, 0x71717171, 0x71717171, 0x71717171, 0x71717171, 0x71717171,
    0x71717171, 0x71717171, 0x71717171, 0x71717171, 0x72727272, 0x72727272, 0x72727272, 0x72727272,
    0x70707070, 0x70707070, 0x71717171, 0x71717171, 0x71717171, 0x71717171, 0x71717171, 0x71717171,
    0x71717171, 0x71717171, 0x71717171, 0x71717171, 0x72727272, 0x72727272, 0x72727272, 0x72727272,
    0x70707070, 0x70707070, 0x71717171, 0x71717171, 0x71717171, 0x71717171, 0x71717171, 0x71717171,
    0x71717171, 0x71717171, 0x71717171, 0x71717171, 0x72727272, 0x72727272, 0x72727272, 0x72727272,
    0x65D42070, 0x65656565, 0x65D22071, 0x65656565, 0x64D22071, 0x64646464, 0x64D22071, 0x64646464,
    0x64D22071, 0x64646464, 0x63D22071, 0x63636363, 0x61D22072, 0x61616161, 0x61D12072, 0x61616161,
    0xD1D16565, 0x2020D4D1, 0xD1656565, 0x2041D1D1, 0x64646464, 0x3FD2D164, 0x64646464, 0xD2D16464,
    0x64646464, 0xD1D16464, 0x63636363, 0xCD636363, 0x53536161, 0x61616161, 0x41535361, 0x61616141,
    0x70707070, 0x65D42070, 0x71717120, 0x65D22071, 0x71712020, 0x64D22071, 0x712020D2, 0x64D22071,
    0x2020D2D1, 0x64D22071, 0x2041CDCD, 0x63D22020, 0x3FD2CD61, 0x61D2D220, 0xD1CD6161, 0x6161D1D1,
    0x65656565, 0x3F415965, 0x65656565, 0x3F415365, 0x64646464, 0x3F415364, 0x64646464, 0x3F415364,
    0x64646464, 0x3F415364, 0x63636363, 0x3F415363, 0x61616161, 0x3F415361, 0x61616161, 0x3F415361,
    0x65D4213E, 0x65656565, 0x65D2213E, 0x65656565, 0x64D2213E, 0x64646464, 0x64D2213E, 0x64646464,
    0x64D2213E, 0x64646464, 0x63D2213E, 0x63636363, 0x61D2213E, 0x61616161, 0x61D1213E, 0x61616161,
    0x3F415965, 0x2021213E, 0x3F415365, 0x2020213E, 0x3F415364, 0x3D20213E, 0x3F415364, 0x3A20213E,
    0x3F415364, 0x3720213E, 0x3F415363, 0x3120213E, 0x3F415361, 0x3020213E, 0x3F415361, 0x3020213E,
    0x20202020, 0x65D42020, 0x373C4D4E, 0x65D22030, 0x373A3C3D, 0x64D22030, 0x3A3C3C3C, 0x64D22036,
    0x4D3D3C38, 0x64D2203A, 0xBE3D3C37, 0x63D2208C, 0x797A3631, 0x61D22072, 0x72723030, 0x61D12072,
    0x65656565, 0x3F415965, 0x65656565, 0x3F415365, 0x64646464, 0x3F415364, 0x64646464, 0x3F415364,
    0x64646464, 0x3F415364, 0x63636363, 0x3F415363, 0x61616161, 0x3F415361, 0x61616161, 0x3F415361,
    0x65D4203E, 0x65656565, 0x65D2213E, 0x65656565, 0x64D2213E, 0x64646464, 0x64D2213E, 0x64646464,
    0x64D2213E, 0x64646464, 0x63D2213E, 0x63636363, 0x61D2213E, 0x61616161, 0x61D1213E, 0x61616161,
    0x3F415965, 0x3E3E3E3F, 0x3F415365, 0x21213E3E, 0x3F415364, 0x2021213E, 0x3F415364, 0x2020213E,
    0x3F416464, 0x9120213E, 0x3FD26363, 0x2020213E, 0xD2CD6161, 0xD2D2D2D2, 0xCDCD6161, 0xCDCDCDCD,
    0x3E3E3E3E, 0x65D43E3E, 0x21212121, 0x65D22121, 0x20202020, 0x64D22020, 0x3030373C, 0x64D22030,
    0x373C4D87, 0x64D22020, 0x20202020, 0x63D2D220, 0xD2D2D2D2, 0x6161D2D2, 0xCDCDCDCD, 0x6161CDCD,
    0xD1656565, 0x2041D1D1, 0x65656565, 0x3F41D165, 0x64646464, 0x3F415364, 0x64646464, 0x3F415364,
    0x64646464, 0x3F415353, 0x53536363, 0x3F414153, 0x41535361, 0x3F3F4141, 0x41415361, 0x3E3F3F3F,
    0x65D42020, 0x65656565, 0x65D22020, 0x65656565, 0x64D2203E, 0x64646464, 0x64D2213E, 0x64646464,
    0x64D2213E, 0x64646464, 0x63D2213E, 0x63636363, 0x61D2213E, 0x61616161, 0x61D1213E, 0x61616161,
    0x3F415965, 0x2020213E, 0x3F416565, 0x3020213E, 0x3FD26464, 0x2020213E, 0xD2D16464, 0xD2D2D2D2,
    0xD1D16464, 0xD1D1D1D1, 0x63636363, 0x63636363, 0x53536161, 0x53535353, 0x41535361, 0x41414141,
    0x30303030, 0x65D42030, 0x30303030, 0x65D22020, 0x20202020, 0x64D2D220, 0xD2D2D2D2, 0x6464D2D2,
    0xD1D1D1D1, 0x6464D1D1, 0x63636363, 0x63636363, 0x53535353, 0x61616161, 0x41414141, 0x61616141,
    0x65656565, 0x3F415965, 0x65656565, 0x3F415353, 0x53536464, 0x3F414153, 0x41535364, 0x3F3F4141,
    0x41415364, 0x3E3F3F3F, 0x3F416363, 0x3E3E3E3F, 0x3FD26161, 0x21213E3E, 0xD1CD6161, 0x202121D1,
    0x65D4213E, 0x65656565, 0x65D2213E, 0x65656565, 0x64D2213E, 0x64646464, 0x64D2213E, 0x64646464,
    0x64D2213E, 0x64646464, 0x63D22121, 0x63636363, 0x61D22021, 0x61616161, 0x61D12020, 0x61616161,
    0x3F415965, 0x7020213E, 0x3F415365, 0x3020213E, 0x3F415364, 0x3020213E, 0x3F415364, 0x3020213E,
    0x3F415364, 0x3020213E, 0x3F415363, 0x3020213E, 0x3F415361, 0x3020213E, 0x3F415361, 0x3020213E,
    0x70707070, 0x70707070, 0x71717171, 0x71717171, 0x71717130, 0x71717171, 0x71713030, 0x71717171,
    0x71713030, 0x71717171, 0x71713030, 0x71717171, 0x72723030, 0x72727272, 0x72723030, 0x72727272,
    0x70707070, 0x70707070, 0x71717171, 0x71717171, 0x71717171, 0x71717171, 0x71717171, 0x71717171,
    0x71717171, 0x71717171, 0x71717171, 0x71717171, 0x72727272, 0x72727272, 0x72727272, 0x72727272,
    0x65D42070, 0x65656565, 0x65D22071, 0x65656565, 0x64D22071, 0x64646464, 0x64D22071, 0x64646464,
    0x64D22071, 0x64646464, 0x63D22071, 0x63636363, 0x61D22072, 0x61616161, 0x61D12072, 0x61616161,
    0x41415965, 0x3F3F3F3F, 0x3F415365, 0x3E3E3E3F, 0x3F415364, 0x21213E3E, 0x3F415364, 0x2021213E,
    0x3F415364, 0x2020213E, 0x3F416363, 0x3020213E, 0x3FD26161, 0x2020213E, 0xD1CD6161, 0xD1D1D1D1,
    0x3F3F3F3F, 0x3F3F3F3F, 0x3E3E3E3E, 0x3E3E3E3E, 0x21212121, 0x21212121, 0x20202020, 0x20202020,
    0x30303030, 0x30303030, 0x30303030, 0x30303030, 0x20202020, 0x20202020, 0xD1D1D1D1, 0xD1D1D1D1,
    0x3F3F3F3F, 0x3E3F3F3F, 0x3E3E3E3E, 0x3E3E3E3E, 0x21212121, 0x21212121, 0x20202020, 0x20202020,
    0x30303030, 0x30303030, 0x30303030, 0x30303030, 0x30302020, 0x30303030, 0x302020D1, 0x30303030,
    0x7020213E, 0x70707070, 0x71202121, 0x71717171, 0x71202021, 0x71717171, 0x30302020, 0x71717171,
    0x30303030, 0x71717130, 0x30303030, 0x71713030, 0x30303030, 0x72723030, 0x30303030, 0x72727230,
    0x70707070, 0x70707070, 0x71717171, 0x71717171, 0x71717171, 0x71717171, 0x71717171, 0x71717171,
    0x71717171, 0x71717171, 0x71717171, 0x71717171, 0x72727272, 0x72727272, 0x72727272, 0x72727272,
    0x7A797170, 0x7070717A, 0x79757171, 0x71717279, 0x79717171, 0x71717175, 0x71717171, 0x71717171,
    0x71717171, 0x71717171, 0x71717171, 0x71717171, 0x72757572, 0x72727272, 0x7E7E7672, 0x7579797A,
    0x72727272, 0x72727272, 0x72727272, 0x72727272, 0x72727272, 0x72727272, 0x72727272, 0x72727272,
    0x72727272, 0x72727272, 0x75757575, 0x75757575, 0x75757575, 0x75757575, 0x75757575, 0x75757575,
    0x72727272, 0x72727272, 0x72727272, 0x72727272, 0x72727272, 0x72727272, 0x72727272, 0x72727272,
    0x72727272, 0x72727272, 0x75757575, 0x75757575, 0x75757575, 0x75757575, 0x75757575, 0x75757575,
    0x72727272, 0x72727272, 0x72727272, 0x72727272, 0x72727272, 0x72727272, 0x72727272, 0x72727272,
    0x72727272, 0x72727272, 0x75757575, 0x75757575, 0x75757575, 0x75757575, 0x75757575, 0x75757575,
    0x60D12072, 0x60606060, 0x5FD12072, 0x5F5F5F5F, 0x5ED12072, 0x5E5E5E5E, 0x5ECF2072, 0x5E5E5E5E,
    0x5ECF2072, 0x5E5E5E5E, 0x58CF2075, 0x58585858, 0x58CF2075, 0x58585858, 0x57A72075, 0x57575757,
    0x41415360, 0x60603F3F, 0x3F41535F, 0x5FD13E3F, 0x3F41515E, 0x51213E3E, 0x3F41515E, 0x2021213E,
    0x3F41515E, 0x2020213E, 0x3F415158, 0x3120213E, 0x3F415158, 0x3120213E, 0x3F415157, 0x3120213E,
    0xCDCD6060, 0x6060CDCD, 0xCD5F5F5F, 0x5F5F5FCD, 0x5E5E5E5E, 0x5E5E5E5E, 0x5E5E5E41, 0x5E5E5E5E,
    0x5E5E3F20, 0x5E5E5E5E, 0x58CF2020, 0x58585858, 0x51202031, 0x58585858, 0x20203131, 0x57575741,
    0x60606060, 0x3F415360, 0x5F5F5F5F, 0x3F41535F, 0x5E5E5E5E, 0x3F41515E, 0x5E5E5E5E, 0x3F41515E,
    0x5E5E5E5E, 0x3F41515E, 0x58585858, 0x3F415158, 0x58585858, 0x3F415158, 0x57575757, 0x3F415157,
    0x60D1213E, 0x60606060, 0x5FD1213E, 0x5F5F5F5F, 0x5ED1213E, 0x5E5E5E5E, 0x5ECF213E, 0x5E5E5E5E,
    0x5ECF213E, 0x5E5E5E5E, 0x58CF213E, 0x58585858, 0x58CF213E, 0x58585858, 0x57A7213E, 0x57575757,
    0x3F415360, 0x3020213E, 0x3F41535F, 0x3020213E, 0x3F41515E, 0x3720213E, 0x3F41515E, 0x3C20213E,
    0x3F41515E, 0x3820213E, 0x3F415158, 0x3120213E, 0x3F415158, 0x3120213E, 0x3F415157, 0x3120213E,
    0x72723030, 0x60D12072, 0x72723030, 0x5FD12072, 0x93933A3A, 0x5ED120B1, 0xE2DE4E4D, 0x5ECF20F5,
    0xDEB13C3C, 0x5ECF20F5, 0x8E7A3131, 0x58CF20C0, 0x75753131, 0x58CF2075, 0x75753131, 0x57A72075,
    0x60606060, 0x3F415360, 0x5F5F5F5F, 0x3F41535F, 0x5E5E5E5E, 0x3F41515E, 0x5E5E5E5E, 0x3F41515E,
    0x5E5E5E5E, 0x3F41515E, 0x58585858, 0x3F415158, 0x58585858, 0x3F415158, 0x57575757, 0x3F415157,
    0x60D1213E, 0x60606060, 0x5FD1213E, 0x5F5F5F5F, 0x5ED1213E, 0x5E5E5E5E, 0x5ECF213E, 0x5E5E5E5E,
    0x5ECF213E, 0x5E5E5E5E, 0x58CF213E, 0x58585858, 0x58CF213E, 0x58585858, 0x57A7213E, 0x57575757,
    0x60606060, 0x60606060, 0x53535F5F, 0x53535353, 0x4151515E, 0x41414141, 0x4141515E, 0x3F3F3F3F,
    0x3F41515E, 0x3E3E3E3F, 0x3F415158, 0x21213E3E, 0x3F415158, 0x2021213E, 0x3F415157, 0x2020213E,
    0x60606060, 0x60606060, 0x53535353, 0x5F5F5F5F, 0x41414141, 0x5E5E5E41, 0x3F3F3F3F, 0x5E5E3F3F,
    0x3E3E3E3E, 0x5ECF3E3E, 0x21212121, 0x58CF2121, 0x20202020, 0x58CF2020, 0x373C4E87, 0x57A72031,
    0x3F416060, 0x3E3E3E3F, 0x3FD15F5F, 0x21213E3E, 0xD1CD5E5E, 0x202121D1, 0xA5A55E5E, 0x2020CFA5,
    0xA55E5E5E, 0x2041A5A5, 0x58585858, 0x3F41A458, 0x58585858, 0x3F415158, 0x57575757, 0x3F415157,
    0x60D12121, 0x60606060, 0x5FD12021, 0x5F5F5F5F, 0x5ED12020, 0x5E5E5E5E, 0x5ECF2030, 0x5E5E5E5E,
    0x5ECF2020, 0x5E5E5E5E, 0x58CF2020, 0x58585858, 0x58CF203E, 0x58585858, 0x57A7213E, 0x57575757,
    0x41415360, 0x3F3F3F3F, 0x3F41535F, 0x3E3E3E3F, 0x3F41515E, 0x21213E3E, 0x3F41515E, 0x2021213E,
    0x3F41515E, 0x2020213E, 0x3F415158, 0x3120213E, 0x3F415158, 0x3120213E, 0x3F415157, 0x3120213E,
    0x3F3F3F3F, 0x60603F3F, 0x3E3E3E3E, 0x5FD13E3E, 0x21212121, 0x5ED12121, 0x20202020, 0x5ECF2020,
    0x31313131, 0x5ECF2031, 0x31313131, 0x58CF2031, 0x31313131, 0x58CF2031, 0x31313131, 0x57A72031,
    0xCDCD6060, 0x2020D1CD, 0xCD5F5F5F, 0x2041CDCD, 0x5E5E5E5E, 0x3F41CD5E, 0x5E5E5E5E, 0x3F41515E,
    0x5E5E5E5E, 0x3F41515E, 0x58585858, 0x3F415158, 0x58585858, 0x3F415158, 0x57575757, 0x3F415157,
    0x60D12030, 0x60606060, 0x5FD12020, 0x5F5F5F5F, 0x5ED12020, 0x5E5E5E5E, 0x5ECF203E, 0x5E5E5E5E,
    0x5ECF213E, 0x5E5E5E5E, 0x58CF213E, 0x58585858, 0x58CF213E, 0x58585858, 0x57A7213E, 0x57575757,
    0x3F415360, 0x3020213E, 0x3F41535F, 0x3020213E, 0x3F41515E, 0x3020213E, 0x3F41515E, 0x3020213E,
    0x3F41515E, 0x3120213E, 0x3F415158, 0x3120213E, 0x3F415158, 0x3120213E, 0x3F415757, 0x3120213E,
    0x72723030, 0x72727272, 0x72723030, 0x72727272, 0x72723030, 0x72727272, 0x72723030, 0x72727272,
    0x72723131, 0x72727272, 0x75753131, 0x75757575, 0x75753131, 0x75757575, 0x75753131, 0x75757575,
    0x72727272, 0x72727272, 0x72727272, 0x72727272, 0x72727272, 0x72727272, 0x72727272, 0x72727272,
    0x72727272, 0x72727272, 0x75757575, 0x75757575, 0x75757575, 0x75757575, 0x75757575, 0x75757575,
    0x60D12072, 0x60606060, 0x5FD12072, 0x5F5F5F5F, 0x5ED12072, 0x5E5E5E5E, 0x5ECF2072, 0x5E5E5E5E,
    0x5ECF2072, 0x5E5E5E5E, 0x58CF2075, 0x58585858, 0x58CF2075, 0x58585858, 0x57A72075, 0x57575757,
    0xCDCD6060, 0xCDCDCDCD, 0x5F5F5F5F, 0x5F5F5F5F, 0x51515E5E, 0x51515151, 0x4151515E, 0x41414141,
    0x4141515E, 0x3F3F3F3F, 0x3F415158, 0x3E3E3E3F, 0x3F415158, 0x21213E3E, 0x3F415157, 0x2021213E,
    0xCDCDCDCD, 0xCDCDCDCD, 0x5F5F5F5F, 0x5F5F5F5F, 0x51515151, 0x51515151, 0x41414141, 0x41414141,
    0x3F3F3F3F, 0x3F3F3F3F, 0x3E3E3E3E, 0x3E3E3E3E, 0x21212121, 0x21212121, 0x20202020, 0x20202020,
    0x2020D1CD, 0x72727272, 0x20415353, 0x72727220, 0x3F414151, 0x72722020, 0x3F3F4141, 0x7220203E,
    0x3E3F3F3F, 0x7220213E, 0x3E3E3E3E, 0x75202121, 0x21212121, 0x75202021, 0x20202020, 0x31312020,
    0x72727272, 0x72727272, 0x72727272, 0x7A727272, 0x72727272, 0x847A7272, 0x72727272, 0x8E8C7972,
    0x72727272, 0xE2DEB17A, 0x75757575, 0xE5DEB17E, 0x75757575, 0xC0B08475, 0x75757575, 0xAF8E8275,
    0x75757272, 0x72727272, 0x797A8484, 0x72727272, 0x8181848C, 0xB1938C84, 0x8481848C, 0xF4E4D793,
    0x8C8EBFDE, 0xDEDEC0B0, 0xB1C0DEE4, 0xB1B1BEB1, 0xE2E2DED7, 0x828CB0D7, 0xE4E2D7BD, 0x75798ED7,
    0x93937E72, 0x757A848E, 0xDED7937E, 0x727EB1CE, 0xDEDDD7B1, 0x758CB1CE, 0xDEDEE4F0, 0x798EB1D7,
    0xF0E4DEDE, 0x7693D7E4, 0xE5DED7B1, 0x7AB0D7E4, 0xDED7B08C, 0xB1C0D7DD, 0xDDC08E7A, 0xF0E5E2DE,
    0x75757575, 0x75757575, 0x76767676, 0x76767676, 0x76767676, 0x76767676, 0x76767676, 0x76767679,
    0x76767676, 0x7F79797F, 0x76767676, 0x8A827F7F, 0x76767676, 0x8281817F, 0x76767676, 0x76767979,
    0x75757575, 0x75757575, 0x76767676, 0x76767676, 0x76767676, 0x76767676, 0x79797976, 0x76767979,
    0x82848482, 0x76767A7F, 0x8A8E8E8E, 0x76767981, 0x767F8484, 0x76767676, 0x76767676, 0x76767676,
    0x75757575, 0x75757575, 0x76767676, 0x76767676, 0x76767676, 0x79797676, 0x76767676, 0x76767676,
    0x76767676, 0x76767676, 0x76767676, 0x76767676, 0x76767F7F, 0x76767676, 0x76767679, 0x76767676,
    0x57A72075, 0x57575757, 0x56A52076, 0x56565656, 0x56A52076, 0x56565656, 0x56A52076, 0x56565656,
    0x54A52076, 0x54545454, 0x54A52076, 0x54545454, 0x549D2076, 0x54545454, 0x549C2076, 0x54545454,
    0x3F414857, 0x3120213E, 0x3F414856, 0x3120213E, 0x3F414656, 0x3120213E, 0x3F414656, 0x3120213E,
    0x3F414454, 0x3120213E, 0x3F414454, 0x3120213E, 0x3F414454, 0x3120213E, 0x3F414354, 0x3120213E,
    0x20313131, 0x57573F20, 0x76763131, 0x56A52020, 0x76763131, 0x56A52076, 0x76763131, 0x56A52076,
    0x76763131, 0x54A52076, 0x76763131, 0x54A52076, 0x76763131, 0x549D2076, 0x76763131, 0x549C2076,
    0x57575757, 0x3F414857, 0x56565656, 0x3F414856, 0x56565656, 0x3F414656, 0x56565656, 0x3F414656,
    0x54545454, 0x3F414454, 0x54545454, 0x3F414454, 0x54545454, 0x3F414454, 0x54545454, 0x3F414354,
    0x57A7213E, 0x57575757, 0x56A5213E, 0x56565656, 0x56A5213E, 0x56565656, 0x4620213E, 0x56565656,
    0x2020213E, 0x54545441, 0x2020213E, 0x54543F20, 0x3120213E, 0x549D2020, 0x3120213E, 0x43202031,
    0x3F414857, 0x3120213E, 0x3F414856, 0x3120213E, 0x3F415656, 0x3120213E, 0x3FA55656, 0x2020213E,
    0xA5A45454, 0xA5A5A5A5, 0x9C9C5454, 0x9C9C9C9C, 0x54545454, 0x54545454, 0x43434343, 0x43434343,
    0x75753131, 0x57A72075, 0x76763131, 0x56A52076, 0x76763131, 0x56A52020, 0x20202020, 0x56A5A520,
    0xA5A5A5A5, 0x5454A5A5, 0x9C9C9C9C, 0x54549C9C, 0x54545454, 0x54545454, 0x43434343, 0x43434343,
    0x57575757, 0x3F414857, 0x56565656, 0x3F414856, 0x56565656, 0x3F414646, 0x46465656, 0x3F414146,
    0x41444454, 0x3F3F4141, 0x41414454, 0x3E3F3F3F, 0x3F414444, 0x3E3E3E3F, 0x3F414143, 0x21213E3E,
    0x57A7213E, 0x57575757, 0x56A5213E, 0x56565656, 0x56A5213E, 0x56565656, 0x56A5213E, 0x56565656,
    0x54A5213E, 0x54545454, 0x54A5213E, 0x54545454, 0x549D2121, 0x54545454, 0x549C2021, 0x54545454,
    0x3F414857, 0x9020213E, 0x3F414856, 0x8820213E, 0x3F414656, 0x8720213E, 0x3F414656, 0x8620213E,
    0x3F415454, 0x3720213E, 0x3FA55454, 0x2020213E, 0x9D9C5454, 0x9D9D9D9D, 0x9C9C5454, 0x9C9C9C9C,
    0x373C4E87, 0x57A72031, 0x353A4D86, 0x56A52031, 0x31373C4E, 0x56A52031, 0x7631313A, 0x56A52076,
    0x76763131, 0x54A52020, 0x20202020, 0x54A5A520, 0x9D9D9D9D, 0x54549D9D, 0x9C9C9C9C, 0x54549C9C,
    0x57575757, 0x3F414857, 0x56565656, 0x3F414856, 0x56565656, 0x3F414656, 0x56565656, 0x3F414656,
    0x54545454, 0x3F414444, 0x44445454, 0x3F414144, 0x41444454, 0x3F3F4141, 0x41414354, 0x3E3F3F3F,
    0x57A7213E, 0x57575757, 0x56A5213E, 0x56565656, 0x56A5213E, 0x56565656, 0x56A5213E, 0x56565656,
    0x54A5213E, 0x54545454, 0x54A5213E, 0x54545454, 0x4420213E, 0x44444444, 0x2020213E, 0x41414141,
    0x3F414857, 0x3120213E, 0x3F415656, 0x3120213E, 0x3FA55656, 0x2020213E, 0xA5A45656, 0xA5A5A5A5,
    0xA4A45454, 0xA4A4A4A4, 0x54545454, 0x54545454, 0x44444444, 0x44444444, 0x41414141, 0x41414141,
    0x75313131, 0x57A72075, 0x76763131, 0x56A52020, 0x20202020, 0x56A5A520, 0xA5A5A5A5, 0x5656A5A5,
    0xA4A4A4A4, 0x5454A4A4, 0x54545454, 0x54545454, 0x44444444, 0x44444444, 0x41414141, 0x41414141,
    0x57575757, 0x3F414857, 0x56565656, 0x3F414848, 0x46465656, 0x3F414146, 0x41464656, 0x3F3F4141,
    0x41414454, 0x3E3F3F3F, 0x3F414444, 0x3E3E3E3F, 0x3F414144, 0x21213E3E, 0x3F3F4141, 0x2021213E,
    0x57A7213E, 0x57575757, 0x56A5213E, 0x56565656, 0x56A5213E, 0x56565656, 0x56A5213E, 0x56565656,
    0x54A5213E, 0x54545454, 0x54A52121, 0x54545454, 0x549D2021, 0x54545454, 0x549C2020, 0x54545454,
    0x3FA75757, 0x2020213E, 0xA5A45656, 0xA5A5A5A5, 0xA4A45656, 0xA4A4A4A4, 0xA4565656, 0xA4A4A4A4,
    0x54545454, 0x54545454, 0x54545454, 0x54545454, 0x54545454, 0x54545454, 0x54545454, 0x54545454,
    0x20202020, 0x20202020, 0xA5A5A5A5, 0xA5A5A5A5, 0xA4A4A4A4, 0xA4A4A4A4, 0xA4A4A4A4, 0xA4A4A4A4,
    0x54545454, 0x54545454, 0x54545454, 0x54545454, 0x54545454, 0x54545454, 0x54545454, 0x54545454,
    0x20202020, 0x75752020, 0xA5A5A5A5, 0x762020A5, 0xA4A4A4A4, 0x2020A5A4, 0xA4A4A4A4, 0x2041A4A4,
    0x54545454, 0x3F41A454, 0x54545454, 0x3F414454, 0x54545454, 0x3F414454, 0x54545454, 0x3F414343,
    0x57A72075, 0x57575757, 0x56A52076, 0x56565656, 0x56A52076, 0x56565656, 0x56A52020, 0x56565656,
    0x54A52020, 0x54545454, 0x54A5203E, 0x54545454, 0x549D213E, 0x54545454, 0x549C213E, 0x54545454,
    0x3F414857, 0x2020213E, 0x3F415656, 0x3820213E, 0x3FA55656, 0x2020213E, 0xA5A45656, 0xA5A5A5A5,
    0xA4A45454, 0xA4A4A4A4, 0x9C545454, 0x9C9C9C9C, 0x54545454, 0x54545454, 0x54545454, 0x54545454,
    0x31313537, 0x31313131, 0x31363737, 0x31313131, 0x20202020, 0x20202020, 0xA5A5A5A5, 0xA5A5A5A5,
    0xA4A4A4A4, 0xA4A4A4A4, 0x9C9C9C9C, 0x9C9C9C9C, 0x54545454, 0x54545454, 0x54545454, 0x54545454,
    0x31313131, 0x31313131, 0x31313131, 0x31313131, 0x20202020, 0x31312020, 0xA5A5A5A5, 0x312020A5,
    0xA4A4A4A4, 0x2020A5A4, 0x9C9C9C9C, 0x20419C9C, 0x54545454, 0x3F419C54, 0x54545454, 0x3F414354,
    0x75757531, 0x7F797675, 0x76763131, 0x76767676, 0x76763131, 0x76767676, 0x76767631, 0x76767676,
    0x76767676, 0x76767676, 0x76767620, 0x76767676, 0x76762020, 0x76767676, 0x7620203E, 0x76767676,
    0xD7C09384, 0x75798CB1, 0x82817976, 0x7676797F, 0x76767676, 0x7A7A7976, 0x79767676, 0x82817F7A,
    0x938E8276, 0x84848C8E, 0xC0B1AF7F, 0x7F818CB1, 0x848E8E7F, 0x79767679, 0x76828276, 0x76767676,
    0xC0B08C79, 0xF8F4E2D7, 0x8E847A76, 0xE4DED7B1, 0x847A797A, 0xE2D7B1AF, 0x93848181, 0xF9F0DEB1,
    0xB18E8484, 0xFDFBF0D7, 0xB08E8481, 0xFDFCE5CE, 0x7F7F7F7F, 0xF9E2B18C, 0x76767676, 0xE2D7937F,
    0x79797979, 0x79797979, 0x79797979, 0x79797979, 0x79797979, 0x7979848A, 0x7A7A7A7A, 0x7A7A8280,
    0x7B7B7B7B, 0x7B828A84, 0x82828282, 0xAF938C84, 0x8E8C8C8A, 0x8A8E9393, 0xBBAF8E8C, 0x7B8AAFBD,
    0x79797979, 0x79797979, 0x79797979, 0x79797979, 0x79797979, 0x79797979, 0x7A7A7A7A, 0x7A7A7A7A,
    0x7B7B7B7B, 0x7B7B7B7B, 0x7B808C93, 0x7B7B7B7B, 0x7B7B7F82, 0x7B7B7B7B, 0x7B7B7B7B, 0x7B7B7B7B,
    0x79797979, 0x79797979, 0x79797979, 0x79797979, 0x79797979, 0x79797979, 0x7A7A7A7A, 0x7A7A7A7A,
    0x7B7B7B7B, 0x7B7B7B7B, 0x7B7B7B7B, 0x7B7B7B7B, 0x7B7B7B7B, 0x7B7B7B7B, 0x7B7B7B7B, 0x7B7B7B7B,
    0x529C2079, 0x52525252, 0x529C2079, 0x52525252, 0x42202079, 0x42424242, 0x20207A7A, 0x41414141,
    0x207B7B7B, 0x3F3F3F20, 0x7B7B7B7B, 0x3E3E2020, 0x7B7B7B7B, 0x2120207B, 0x7B7B7B7B, 0x20207B7B,
    0x3F414352, 0x3120213E, 0x3F414242, 0x3520213E, 0x3F414142, 0x3520213E, 0x3F3F4141, 0x3520213E,
    0x3E3F3F3F, 0x3520213E, 0x3E3E3E3E, 0x36202121, 0x21212121, 0x36202021, 0x20202020, 0x36362020,
    0x79793131, 0x529C2079, 0x79793535, 0x529C2079, 0x79793535, 0x42202079, 0x7A7A3535, 0x20207A7A,
    0x7B7B3535, 0x207B7B7B, 0x7B7B3636, 0x7B7B7B7B, 0x7B7B3636, 0x7B7B7B7B, 0x7B7B3636, 0x7B7B7B7B,
    0x52525252, 0x3F414352, 0x52525252, 0x3F414242, 0x42424242, 0x3F414142, 0x41414141, 0x3F3F4141,
    0x3F3F3F20, 0x3E3F3F3F, 0x3E3E2020, 0x3E3E3E3E, 0x2120207B, 0x21212121, 0x20207B7B, 0x20202020,
    0x3120213E, 0x20203131, 0x3520213E, 0x20793535, 0x3520213E, 0x79793535, 0x3520213E, 0x7A7A3535,
    0x3520213E, 0x7B7B3535, 0x36202121, 0x7B7B3636, 0x36202021, 0x7B7B3636, 0x36362020, 0x7B7B3636,
    0x41414141, 0x41414141, 0x3F3F3F20, 0x3F3F3F3F, 0x3E3E2020, 0x3E3E3E3E, 0x2120207A, 0x21212121,
    0x20207B7B, 0x20202020, 0x7B7B7B7B, 0x36363636, 0x7B7B7B7B, 0x3636367B, 0x7B7B7B7B, 0x36367B7B,
    0x41414141, 0x41414141, 0x3F3F3F3F, 0x3F3F3F3F, 0x3E3E3E3E, 0x3E3E3E3E, 0x21212121, 0x21212121,
    0x20202020, 0x20202020, 0x36363636, 0x36363636, 0x36363636, 0x36363636, 0x36363636, 0x36363636,
    0x3F3F4141, 0x2021213E, 0x3E3F3F3F, 0x2020213E, 0x3E3E3E3E, 0x35202121, 0x21212121, 0x35202021,
    0x20202020, 0x35352020, 0x36363636, 0x36363636, 0x36363636, 0x36363636, 0x36363636, 0x36363636,
    0x529C2020, 0x52525252, 0x42202035, 0x42424242, 0x20203535, 0x41414141, 0x20353535, 0x3F3F3F20,
    0x35353535, 0x3E3E2020, 0x7B363636, 0x2120207B, 0x7B7B3636, 0x20207B7B, 0x7B7B3636, 0x7B7B7B7B,
    0x52525252, 0x52525252, 0x42424242, 0x42424242, 0x41414141, 0x41414141, 0x3F3F3F3F, 0x3F3F3F3F,
    0x3E3E3E3E, 0x3E3E3E3E, 0x21212121, 0x21212121, 0x20202020, 0x20202020, 0x36363636, 0x36363636,
    0x52525252, 0x52525252, 0x42424242, 0x42424242, 0x41414141, 0x41414141, 0x3F3F3F3F, 0x3F3F3F3F,
    0x3E3E3E3E, 0x3E3E3E3E, 0x21212121, 0x21212121, 0x20202020, 0x20202020, 0x36363636, 0x36363636,
    0x3F414343, 0x3E3E3E3F, 0x3F414142, 0x21213E3E, 0x3F3F4141, 0x2021213E, 0x3E3F3F3F, 0x2020213E,
    0x3E3E3E3E, 0x35202121, 0x21212121, 0x36202021, 0x20202020, 0x36362020, 0x36363636, 0x36363636,
    0x20202121, 0x3F3F3F20, 0x35202021, 0x3E3E2020, 0x35352020, 0x21202035, 0x35353535, 0x20203535,
    0x35353535, 0x7B7B3535, 0x36363636, 0x7B7B3636, 0x36363636, 0x7B7B7B36, 0x7B363636, 0x7B7B7B7B,
    0x3F3F3F3F, 0x3F3F3F3F, 0x3E3E3E3E, 0x3E3E3E3E, 0x21212121, 0x21212121, 0x20202020, 0x20202020,
    0x35353535, 0x35353535, 0x3636367B, 0x36363636, 0x36367B7B, 0x36363636, 0x367B7B7B, 0x36363636,
    0x3F3F3F3F, 0x3F3F3F3F, 0x3E3E3E3E, 0x3E3E3E3E, 0x21212121, 0x21212121, 0x20202020, 0x20202020,
    0x35353535, 0x35353535, 0x36363636, 0x36363636, 0x36363636, 0x36363636, 0x36363636, 0x36363636,
    0x3E3F3F3F, 0x2020213E, 0x3E3E3E3E, 0x35202121, 0x21212121, 0x35202021, 0x20202020, 0x35352020,
    0x35353535, 0x35353535, 0x36363636, 0x36363636, 0x36363636, 0x36363636, 0x36363636, 0x36363636,
    0x43202031, 0x43434343, 0x20203535, 0x41414141, 0x20353535, 0x3F3F3F20, 0x35353535, 0x3E3E2020,
    0x7B353535, 0x2120207B, 0x7B7B3636, 0x20208C7B, 0x7B7B3636, 0xC0B08A7B, 0x7B7B7B36, 0xB1937F7B,
    0x43434343, 0x43434343, 0x41414141, 0x41414141, 0x3F3F3F3F, 0x3F3F3F3F, 0x3E3E3E3E, 0x3E3E3E3E,
    0x21212121, 0x21212121, 0x20202020, 0x20202020, 0x8586864E, 0x4E4E4E4E, 0x90874EBF, 0x87868788,
    0x43434343, 0x43434343, 0x41414141, 0x41414141, 0x3F3F3F3F, 0x3F3F3F3F, 0x3E3E3E3E, 0x3E3E3E3E,
    0x21212121, 0x21212121, 0x20202020, 0x20202020, 0x8686864E, 0x3D4E8586, 0x90909090, 0x90919191,
    0x43434343, 0x3F414143, 0x41414141, 0x3F3F4141, 0x3F3F3F3F, 0x3E3F3F3F, 0x3E3E3E3E, 0x3E3E3E3E,
    0x21212121, 0x21212121, 0x20202020, 0x20202020, 0x3D3C3C3C, 0x383C3D3D, 0x90908888, 0x3D4E8687,
    0x529C213E, 0x52525252, 0x529C213E, 0x52525252, 0x4220213E, 0x42424242, 0x20202121, 0x41414141,
    0x20202021, 0x3F3F3F20, 0x36362020, 0x3E3E2020, 0x36363637, 0x21202036, 0x3636383A, 0x20203636,
    0x52525252, 0x52525252, 0x52525252, 0x52525252, 0x42424242, 0x42424242, 0x41414141, 0x41414141,
    0x3F3F3F3F, 0x3F3F3F3F, 0x3E3E3E3E, 0x3E3E3E3E, 0x21212121, 0x21212121, 0x20202020, 0x20202020,
    0x52525252, 0x52525252, 0x52525252, 0x52525252, 0x42424242, 0x42424242, 0x41414141, 0x41414141,
    0x3F3F3F3F, 0x3F3F3F3F, 0x3E3E3E3E, 0x3E3E3E3E, 0x21212121, 0x21212121, 0x20202020, 0x20202020,
    0x52525252, 0x3F414352, 0x52525252, 0x3F414242, 0x42424242, 0x3F414142, 0x41414141, 0x3F3F4141,
    0x3F3F3F3F, 0x3E3F3F3F, 0x3E3E3E3E, 0x3E3E3E3E, 0x21212121, 0x21212121, 0x20202020, 0x20202020,
    0x7920213E, 0x79797979, 0x7920213E, 0x79797979, 0x7920213E, 0x79797979, 0x3520213E, 0x7A7A7A7A,
    0x3520213E, 0x7B7B7B35, 0x36202121, 0x7B7B3636, 0x36202021, 0xBFBB3A36, 0x3A372020, 0xFBEF4E3D,
    0x797B7979, 0x79797979, 0x79797979, 0x79797979, 0x79797979, 0x79797979, 0x7A7A7A7A, 0x8E7F7A7A,
    0x7B7B7B7B, 0xF5DE937B, 0x827B7B7B, 0xFDFCE2B1, 0xF0E2DED7, 0xFDFDFCF9, 0xFDFDFCFC, 0xFDFDFDFD,
    0x7F797979, 0xD7C0B08C, 0x7F797979, 0xC0BFAF8A, 0x7F797979, 0xB0B08E84, 0x7A828C93, 0x8A827B7A,
    0x80AFD7F1, 0x827F7B7B, 0xBDD7F5FD, 0x828C8EAF, 0xF5FBFDFD, 0xB1C2DEEF, 0xFDFDFCFC, 0xD7E5FBFD,
    0x8EB0BFC0, 0x7B7F828A, 0xBFD7E2EF, 0x8C8E93B0, 0xF1F5F5F5, 0xDDDEE2EF, 0xFBF9F8F6, 0xE2E5F5F9,
    0xFCFBF8F8, 0xDEE5F7FB, 0xF5F4F0F0, 0xB0C0DDE5, 0xE2E4E5E5, 0x8CAFBED7, 0xDDE0E2E2, 0xAFB0BDC0,
    0x7B7B7B7B, 0x7B7B7B7B, 0x7F848A8C, 0x7B7B7B7B, 0x8EBED7D7, 0x7B7B7B7F, 0x8CBDD7DD, 0x7F7F7F7F,
    0x82AFBFD7, 0x7F7F7F7F, 0x7F7F8A8E, 0x7F7F7F7F, 0x7F7F7F8A, 0x7F7F7F7F, 0x80808A8E, 0x80808080,
    0x7B7B7B7B, 0x7B7B7B7B, 0x7B7B7B7B, 0x7B7B7B7B, 0x7B7B7B7B, 0x7B7B7B7B, 0x7F7F7F7F, 0x7F7F7F7F,
    0x7F7F7F7F, 0x7F7F7F7F, 0x7F7F7F7F, 0x7F7F7F7F, 0x7F7F7F7F, 0x7F7F7F7F, 0x80808080, 0x80808080,
    0x7B7B7B7B, 0x7B7B7B7B, 0x7B7B7B7B, 0x7B7B7B7B, 0x7B7B7B7B, 0x7B7B7B7B, 0x7F7F7F7F, 0x7F7F7F7F,
    0x7F7F7F7F, 0x7F7F7F7F, 0x7F7F7F7F, 0x7F7F7F7F, 0x7F7F7F7F, 0x7F7F7F7F, 0x80808080, 0x80808080,
    0x36363636, 0x36363636, 0x3636367B, 0x36363636, 0x36367B7B, 0x36363636, 0x367F7F7F, 0x36363636,
    0x7F7F7F7F, 0x7F7F7F7F, 0x7F7F7F7F, 0x7F7F7F7F, 0x7F7F7F7F, 0x7F7F7F7F, 0x80808080, 0x80808080,
    0x7B7B3636, 0x7B7B7B7B, 0x7B7B3636, 0x7B7B7B7B, 0x7B7B3636, 0x7B7B7B7B, 0x7F7F7F36, 0x7F7F7F7F,
    0x7F7F7F7F, 0x7F7F7F7F, 0x7F7F7F7F, 0x7F7F7F7F, 0x7F7F7F7F, 0x7F7F7F7F, 0x80808080, 0x80808080,
    0x7B7B7B7B, 0x36363636, 0x7B7B7B7B, 0x3636367B, 0x7B7B7B7B, 0x36367B7B, 0x7F7F7F7F, 0x367F7F7F,
    0x7F7F7F7F, 0x7F7F7F7F, 0x7F7F7F7F, 0x7F7F7F7F, 0x7F7F7F7F, 0x7F7F7F7F, 0x80808080, 0x80808080,
    0x36363636, 0x7B7B3636, 0x36363636, 0x7B7B3636, 0x36363636, 0x7B7B3636, 0x36363636, 0x7F7F7F36,
    0x7F7F7F7F, 0x7F7F7F7F, 0x7F7F7F7F, 0x7F7F7F7F, 0x7F7F7F7F, 0x7F7F7F7F, 0x80808080, 0x80808080,
    0x7B7B7B7B, 0x367B7B7B, 0x7B7B7B7B, 0x7B7B7B7B, 0x7B7B7B7B, 0x7B7B7B7B, 0x7F7F7F7F, 0x7F7F7F7F,
    0x7F7F7F7F, 0x7F7F7F7F, 0x7F7F7F7F, 0x7F7F7F7F, 0x7F7F7F7F, 0x827F7F7F, 0x80808080, 0xC2BF8E80,
    0x36363636, 0x36363636, 0x7B7B7B7B, 0x7B7B7B7B, 0x7B7B7B7B, 0x7B7B7B7B, 0x7F7F7F7F, 0x827F7F7F,
    0x7F7F7F7F, 0xBFB08A7F, 0x7F7F7F7F, 0xBBAF8A7F, 0x8080828A, 0x8E8E8C82, 0x8C8EB1C0, 0x8EAF8E8C,
    0x36363636, 0x36363636, 0x7B7B7B7B, 0x7B7B7B7B, 0x7B80807B, 0x7B7B7B7B, 0x8EBBBDAF, 0x8A8A848C,
    0xBDBFBFBF, 0xAFB0B0B0, 0xAFB0BBBB, 0x8C8C8E8E, 0x8C8C8C8E, 0x80808A8C, 0x8E8C8A8C, 0x80828A8E,
    0x7B7B7B36, 0x7B7B7B7B, 0x7B7B7B7B, 0x7B7B7B7B, 0x8A827F7B, 0x8A8A8A8A, 0xB0AF8E8C, 0xAFB0B1B1,
    0xB0AF8EAF, 0x202020B0, 0x8E8E8E8E, 0xD5D5208E, 0x82828080, 0xD3D52080, 0x80808080, 0xD1D42080,
    0x3636367B, 0x36363636, 0x20202020, 0x20202020, 0xD6D6D620, 0xD6D6D6D6, 0x6868D520, 0x68686868,
    0x5C5CD520, 0x5C5C5C5C, 0x414120D5, 0x41414141, 0x3F2041D3, 0x3F3F3F3F, 0x203F41D1, 0x3E3E3E3E,
    0x36363636, 0x36363636, 0x36202020, 0x36363636, 0x2020D6D6, 0x20363636, 0x20415C68, 0x207F7F20,
    0x3F41685C, 0x207F2020, 0xD5D54141, 0x202020D5, 0x66D53F3F, 0x20204159, 0x59D43E3E, 0x203F4159,
    0x36363636, 0x36363636, 0x36363636, 0x36363636, 0x20202020, 0x20202020, 0xD5D5D5D5, 0xD5D5D5D5,
    0xD3D3D3D5, 0x68686868, 0x5BD3D3D5, 0x5B5B5B5B, 0x595966D5, 0x41414141, 0x415965D4, 0x3F3F3F41,
    0x7B7B3636, 0x7B7B7B7B, 0x7B7B3636, 0x7B7B7B7B, 0x20202020, 0x7B7B7B20, 0xD5D5D5D5, 0x7F7F2020,
    0x5C686868, 0x7F202041, 0x675B5B5B, 0x20203F41, 0x41414141, 0x20D5D5D5, 0x3F3F3F3F, 0x41D1D1D4,
    0x7B7B7B7B, 0x7B7B7B7B, 0x7B7B7B7B, 0x20202020, 0x7B7B7B7B, 0xD6D6D620, 0x7F7F7F7F, 0x6868D520,
    0x2020207F, 0x5C5CD520, 0xD5D5207F, 0x414120D5, 0xD3D52020, 0x3F2041D3, 0xD1D42020, 0x203F41D1,
    0x7B7B7B7B, 0x7B7B7B7B, 0x20202020, 0x7B202020, 0xD6D6D6D6, 0x2020D6D6, 0x68686868, 0x20415C68,
    0x5C5C5C5C, 0x3F41685C, 0x41414141, 0xD5D54141, 0x3F3F3F3F, 0xD3D53F3F, 0x3E3E3E3E, 0xD1D43E3E,
    0x7B7B7B7B, 0x7B7B7B7B, 0x7B7B7B7B, 0x7B7B7B7B, 0x7B7B7B7B, 0x7B7B7B7B, 0x7F7F7F20, 0x807F7F7F,
    0x7F7F2020, 0xB1B08A7F, 0x802020D5, 0xE2E2D7AF, 0x202041D3, 0xF6F6E4D7, 0x203F41D1, 0xE2E2DD20,
    0x7B7B7B7B, 0x7B7B7B7B, 0x7B7B7B7B, 0x7B7B7B7B, 0x7B7B7B7B, 0x8284827F, 0x8C8A8280, 0x848C8E8E,
    0xB1B0B0B1, 0x828CAFB1, 0xDDD7DDDE, 0xD7DDDEDE, 0xF0E5F0F4, 0xE5F0F4F0, 0xF5F4F0E4, 0xD7DEE4F1,
    0x9085B082, 0x88868790, 0x86BF8C7B, 0x4E4E4E86, 0xB08C8282, 0x93AFB0B1, 0xAF8C8482, 0x7F808EB0,
    0xB08E8A82, 0x7F7F8CB0, 0xAF8EAFBD, 0x7F8AAFB0, 0xAFB0BFDD, 0x808CAFB0, 0xB1BFC2D7, 0x80808EB0,
    0x92929291, 0x91929292, 0x92929187, 0x91929292, 0xF1DEBFB0, 0xF9F8F9F9, 0xE2BE8A7F, 0xF9F7F8F6,
    0xE2B1807F, 0xF5F4F6F4, 0x8E827F7F, 0xE5E2DDBF, 0x807F7F7F, 0xC0B18E8C, 0xAF8E8280, 0x8A80838E,
    0x92929291, 0x3A3D8691, 0x92919191, 0x3C3D8691, 0xF8FAF8F9, 0xD7DDE2F0, 0xF4F9F9F9, 0xD7D7DEE4,
    0xE5F4F5F5, 0xD7D7D7DE, 0xF0F4F7F5, 0xC0C0D7DE, 0xDEE4E4DE, 0xB9B0B0C0, 0xAFBDBEB6, 0x8E8C8A8A,
    0x3C3D3D3C, 0x7B7B373A, 0x4E4E4D3D, 0x828A933D, 0x8EB0BEC0, 0x8E8E8E8C, 0xB1BFC0D7, 0xB0AFAFB0,
    0xDEDEDEDD, 0xC0C0C0D7, 0xDEDEDDD7, 0xF1E2E2DE, 0xD7C2BFBD, 0xFCF9F0E2, 0xC0BDB0AF, 0xFCFBF5E0,
    0x36363636, 0x36363636, 0x36363680, 0x36363636, 0x36378A8E, 0x36363636, 0x388E8EAF, 0x38383838,
    0xD7D7D7D7, 0xC0C0C2D7, 0xF1F1F1F1, 0xFBFBF9F5, 0xFCFBFCFC, 0xFBFCFDFC, 0xFBFBFBFC, 0xFBFBFCFC,
    0x36363636, 0x36363636, 0x36363636, 0x3A383836, 0x38383636, 0x864E3D3A, 0x4E4E3D3A, 0x92918886,
    0xF7F5E2D7, 0xFCFCFBF9, 0xFDFCFCFB, 0xFBFCFDFD, 0xFDFCFCFB, 0xFBFCFDFD, 0xFDFCFBFB, 0xFCFCFCFD,
    0x36363636, 0x38383636, 0x37383A3A, 0x3A3A3838, 0x4E4E8686, 0x3D3D3D4D, 0x88919192, 0x4E858687,
    0xFBFBFBFC, 0xF1F7F9F8, 0xFCFCFCFB, 0xF1F9FCFB, 0xFCFCFCFB, 0xFBFCFCFC, 0xFDFCFCFB, 0xFBFCFBFC,
    0x4D3D3A38, 0xFCF5864E, 0x3D3D3C3A, 0xFCF0854E, 0x3A3C3C3C, 0xF1C03C3A, 0x3C3D3D4E, 0xEFBFB03C,
    0xDDDEE2E4, 0xF5DDC0C2, 0xF1F1EFEF, 0xF5E2E2EE, 0xFCFCFBF9, 0xFCFBFBFB, 0xFCFBFAFB, 0xFCFCFCFC,
    0xFDFDFCFC, 0xFDFDFDFD, 0xFDFDFDFC, 0xFCFCFDFD, 0xFDFDFDFC, 0xFCFDFDFD, 0xFDFDFCFC, 0xFCFDFDFD,
    0xFDFDFCFC, 0xFCFDFDFD, 0xFDFDFCFC, 0xFCFCFDFD, 0xFDFCFCFB, 0xFBFCFCFC, 0xFCFCFCFB, 0xFBFBFBFB,
    0xFDFDFCFC, 0xD7E4F7FD, 0xFDFDFCFC, 0xDEEFF7FB, 0xFDFDFCFC, 0xF7FCFDFD, 0xFDFDFCFC, 0xF8FBFCFC,
    0xFCFCFCFC, 0xF6FBFCFC, 0xFCFCFBFB, 0xFBFCFCFC, 0xFBFBFBFB, 0xFBFBFBFB, 0xFBFBFBFB, 0xFCFBFBFB,
    0x8EB9BDBD, 0x8280808A, 0x80808082, 0x80808080, 0x80808080, 0x80808080, 0x80808080, 0x80808080,
    0x80808080, 0x80808080, 0x80808080, 0x80808080, 0x82828282, 0x8C828282, 0x82828282, 0xAF8C8382,
    0x80808082, 0x80808080, 0x80808080, 0x80808080, 0x80808080, 0x80808080, 0x80808080, 0x80808080,
    0x80808080, 0x80808080, 0x80808080, 0x80808080, 0x838EB9B6, 0x82828282, 0x8EAFBBAF, 0x82828283,
    0x80808080, 0x80808080, 0x80808080, 0x80808080, 0x80808080, 0x80808080, 0x80808080, 0x80808080,
    0x80808080, 0x80808080, 0x80808080, 0x80808080, 0x82828282, 0x82828282, 0x82828282, 0x82828282,
    0x80808080, 0x80808080, 0x80808080, 0x80808080, 0x80808080, 0x80808080, 0x80808080, 0x80808080,
    0x80808080, 0x80808080, 0x80808080, 0x80808080, 0x82828282, 0x82828282, 0x82828282, 0x82828282,
    0x80808080, 0x80808080, 0x80808080, 0x80808080, 0x80808080, 0x80808080, 0x80808080, 0x80808080,
    0x80808080, 0x80808080, 0x80808080, 0x80808080, 0x82828282, 0x82828282, 0x82828282, 0x82828282,
    0x80808080, 0x80808080, 0x80808080, 0x80808080, 0x80808080, 0x80808080, 0x80808080, 0x80808080,
    0x80808080, 0x80808080, 0x80808080, 0x80808080, 0x82828282, 0x82828282, 0x82828282, 0x82828282,
    0x80808080, 0x80808080, 0x80808080, 0x80808080, 0x80808080, 0x80808080, 0x80808080, 0x8E8C8380,
    0x80808080, 0x80808080, 0x80808080, 0x80808080, 0x82828282, 0x82828282, 0x82828282, 0x82828282,
    0x80808080, 0x80808080, 0x80808080, 0x80808080, 0x8A8E8C83, 0x80808080, 0x8EBBB9AF, 0x8A808082,
    0xAF8A8080, 0xBFBFBFBD, 0xAF8C8380, 0xF4E5DEC0, 0xBBB6B68C, 0xFAF5E2C2, 0xBB8C8A8A, 0xF7F7F1D7,
    0x80808080, 0xDDC0B682, 0x80808080, 0xE2C2B683, 0xAFAF8E83, 0xF7F0DDBD, 0xC2C0BFB6, 0xFBFAF0DE,
    0xDDD7C0BF, 0xFAF8F0E2, 0xF9F7F5F5, 0xFBFBFBFB, 0xFBFBFBFB, 0xFBFBFBFB, 0xF5F0E5F0, 0xF9FAF9F9,
    0xBBC0D7DE, 0xAFB9B9BB, 0xE2F0F6F4, 0xAFBBBFDD, 0xF9FBFBFA, 0x8EBDD7F1, 0xFBFBFAFA, 0x808EC0F1,
    0xEFF9FAFA, 0x80808EC2, 0xBFE0F4FA, 0x80808AB6, 0xAFBDDDF4, 0x82828A8C, 0x8CBDDEF5, 0x82828282,
    0xB0AFAFAF, 0x828AAFB0, 0xB0AF8E8E, 0x808A8EB0, 0xB1B1B0AF, 0x808A8EB0, 0x82828280, 0x80808080,
    0x80808080, 0x80808080, 0x80808080, 0x80808080, 0x82828282, 0x82828282, 0x82828282, 0x82828282,
    0x80828082, 0x65D22080, 0x80808080, 0x64D22080, 0x80808080, 0x64D22080, 0x80808080, 0x61D22080,
    0x80808080, 0x61D12080, 0x80808080, 0x5FD12080, 0x82828282, 0x5ECF2082, 0x82828282, 0x58CF2082,
    0x3E3F4153, 0x20202020, 0x3E3F4153, 0x36363620, 0x3E3F4153, 0x20202020, 0x3E3F4153, 0xD2D2D2D2,
    0x3E3F4153, 0x616161D1, 0x3E3F4153, 0x535353D1, 0x3E3F4151, 0x41414120, 0x3E3F4151, 0x3F3F2020,
    0x41202020, 0x3E3F4141, 0x20203636, 0x3E3F3F3F, 0x20202020, 0x3E3E3E20, 0xD2D2D2D2, 0x202020D2,
    0xCDCDCD61, 0x202041CD, 0xCDCD5F5F, 0x203F41CD, 0x5E5E5E41, 0x3E3F4151, 0x58583F3F, 0x3E3F4151,
    0x415365D2, 0x3E3E3F3F, 0x415364D2, 0x203E3E3F, 0x416464D2, 0x20203E3F, 0xD26161D2, 0x20203E3F,
    0xCD6161D1, 0xD1D1D1D1, 0xCD5F5FD1, 0x5F5F5F5F, 0x515E5ECF, 0x51515151, 0x515158CF, 0x41414141,
    0x3E3E3E3E, 0x41D1D1D2, 0x20202020, 0x415364D2, 0x204E3D3D, 0x415364D2, 0x20202020, 0x415353D2,
    0xD1D1D1D1, 0x41414120, 0x535F5F5F, 0x3F3F2041, 0x5E515151, 0x3E203F41, 0x41414141, 0x20CFCFCF,
    0x65D2203F, 0x3E3F4153, 0x64D23E3F, 0x3E3F4164, 0x64D23E3F, 0x3E3FD264, 0x61D23E3F, 0xD2D2CD61,
    0x61D13E3F, 0x6161CD61, 0x5FD13E3F, 0x5353535F, 0x5ECF3E3E, 0x41415151, 0x58CF2020, 0x3F414151,
    0x20202020, 0x65D22020, 0x36363620, 0x64D22020, 0x20202020, 0x64D2D220, 0xD2D2D2D2, 0x6161D2D2,
    0x61616161, 0x6161CD61, 0x53535353, 0x5F5F5F5F, 0x41414141, 0x5E5E5E41, 0x3F3F3F3F, 0x58583F3F,
    0x3E3F4153, 0xC0BFBD20, 0x3E3F4153, 0x80808020, 0x3E3F4153, 0x80808020, 0x3E3F4153, 0x80803720,
    0x3E3F4153, 0x80373720, 0x3E3F4153, 0x37373720, 0x3E3F4151, 0x37373720, 0x3E3F4151, 0x38383820,
    0xF1F0DED7, 0xBFC0DDE4, 0xE0DDBD8C, 0xBBBDBFDD, 0x8E8A8080, 0xDED7BFB0, 0x83808080, 0xF1DEBF8E,
    0x8C828080, 0xF0D7B08E, 0x80808080, 0xF6D7AF82, 0x82828282, 0xFBE0BB83, 0x8A838A8A, 0xFBEFC2AF,
    0xB1BFBFBF, 0x828AAFB0, 0xC0C2C0BD, 0xC0C0C0C2, 0xE5E5E4E2, 0xF0E4E4E5, 0xFBFBFBF9, 0xFAFAFBFB,
    0xFBFBFBFB, 0xFAFAFBFB, 0xFBFBFBFB, 0xF8FAFBFB, 0xFBFBFBFB, 0xFAFAFBFB, 0xFBFBFBFB, 0xFBFBFBFB,
    0xB0AF8C82, 0xBDB0B0B0, 0xD7C0C0C0, 0xE5F0E2DE, 0xFAFAFAF8, 0xFBFBFAFA, 0xFAFAFAFA, 0xFBFAFAFA,
    0xFAFAFAFA, 0xF6FAFAF8, 0xF8FAFAF8, 0xFBFAF8F8, 0xF8FAFAFA, 0xFBFAF8F8, 0xF8FAFAFB, 0xFBFAF8F8,
    0xAFBFC0C0, 0xAF8C8A8C, 0xBDC0DDE2, 0xBEB0AFAF, 0x8EBBD7F0, 0xDEC0BDAF, 0xB6BDD7F0, 0xEFDDC0BD,
    0xE0E2E5F0, 0xF1E2E2DE, 0xF9FBFBFB, 0xF9F7F5F5, 0xFBFBFBFB, 0xFBFBF9FB, 0xF9FBFBFB, 0xF1F1F5F7,
    0xE2D7BFBD, 0xFCFCFCF7, 0xFBF5E2D7, 0xFBFCFCFC, 0xFBFBF9F0, 0xFBFBFBFB, 0xFBFBFCF7, 0xFAFBFBFB,
    0xFBFBFBF7, 0xF8FAFBFB, 0xFAFBFBFB, 0xF8F8FAFA, 0xFBFBFBFB, 0xF8F8FAFA, 0xE4E5EFEF, 0xE4E2E2E2,
    0xFBFBFBFC, 0xFBFBFCFB, 0xFBFBFBFB, 0xFCFBFBFB, 0xFBFBFAFB, 0xFCFBFBFB, 0xFBFAFAFA, 0xFCFBFBFB,
    0xFAFAF8F8, 0xFBFBFBFB, 0xFAFAFAF8, 0xFBFBFBFB, 0xFAFAFAF8, 0xFBFBFBFA, 0xDEDDE2E4, 0xE5F0F0E2,
    0xFDFCFCFB, 0xFBFCFCFD, 0xFCFCFCFC, 0xFBFCFCFD, 0xFCFCFCFC, 0xFBFBFBFC, 0xFBFBFBFC, 0xFBFBFBFB,
    0xFBFBFBFC, 0xFAFAFBFB, 0xFBFBFCFB, 0xFAFBFBFB, 0xFBFBFBFB, 0xFBFBFBFB, 0xFBFBF7F0, 0xF5FBFBFB,
    0xFDFCFCFB, 0xF9F7F7FB, 0xF1FCFBFB, 0xC2BFBFDD, 0xEFFBFBFB, 0xBDBBBDD7, 0xEFFBFBFB, 0xBFBFBFD7,
    0xF7FBFBFA, 0xF0E4E2EF, 0xFBFBFBFA, 0xFBF9F9FB, 0xFBFBFBFB, 0xFBFBFBFB, 0xFBFBF7F5, 0xFBFBFBFB,
    0xFCFBFAF8, 0xFBFCFCFC, 0xF9F4E2DD, 0xFCFCFCFC, 0xFCF5DEC0, 0xFCFCFCFC, 0xFDF7E4D7, 0xFCFBFBFC,
    0xFDFBF9F5, 0xF5FBFCFC, 0xFCFBFBFB, 0xE5F9FCFC, 0xFBFBFBFB, 0xF8FBFBFB, 0xFAFAFAFA, 0xF8FAFBFB,
    0xFCFBFBFB, 0xFBFBFBFB, 0xFBFBFBFB, 0xFBFBFBFB, 0xFBFBFBFB, 0xFBFBFAFA, 0xFAF9FBFB, 0xFBFBFAFA,
    0xE2DDDDE2, 0xFBFBFAF4, 0xC0BDBFDD, 0xFBFBF8E2, 0xBFBDC2E4, 0xFBFBF6DE, 0xD7DDF0F8, 0xFBFBF4DE,
    0xFAFAFAFB, 0xFCFBFAFA, 0xFAFAFAFA, 0xFBFBFAFA, 0xF8FAFAFA, 0xF4F6FAFA, 0xF8FAFAFB, 0xE4F4F8F8,
    0xF8F8FAFA, 0xE2F0F8F8, 0xF8FAFAFA, 0xE4F4FAFA, 0xFAFAFAFB, 0xE4F4FAFB, 0xFBFBFBFB, 0xC2E4FBFB,
    0x82828282, 0xAFAF8C82, 0x82828282, 0x8C838282, 0x83838383, 0x83838383, 0x83838383, 0x83838383,
    0x83838383, 0xB68C8383, 0x83838383, 0xB48C8383, 0x83838383, 0x83838383, 0x83838383, 0x83838383,
    0x8AAFAFAF, 0x82828282, 0x828AAFAF, 0x82828282, 0x83838383, 0x83838383, 0x83838383, 0x83838383,
    0x8383AFB6, 0x83838383, 0x83838EB6, 0x83838383, 0x83838383, 0x83838383, 0x83838383, 0x83838383,
    0x82828282, 0x82828282, 0x82828282, 0x82828282, 0x83838383, 0x83838383, 0x83838383, 0x83838383,
    0x83838383, 0x83838383, 0x83838383, 0x83838383, 0x83838383, 0x83838383, 0x83838383, 0x83838383,
    0x82828282, 0x82828282, 0x82828282, 0x82828282, 0x83838383, 0x83838383, 0x83838383, 0x83838383,
    0x83838383, 0x83838383, 0x83838383, 0x83838383, 0x83838383, 0x83838383, 0x83838383, 0x83838383,
    0x82828282, 0x82828282, 0x82828282, 0x82828282, 0x83838383, 0x83838383, 0x83838383, 0x83838383,
    0x83838383, 0x83838383, 0x83838383, 0x83838383, 0x83838383, 0x83838383, 0x83838383, 0x83838383,
    0x82828282, 0x82828282, 0x82828282, 0x82828282, 0x83838383, 0x83838383, 0x83838383, 0x83838383,
    0x83838383, 0x83838383, 0x83838383, 0x83838383, 0x83838383, 0x8C8E8C83, 0x8A838383, 0x8CB6BBB6,
    0x82828282, 0x82828282, 0x82828282, 0x82828282, 0x83838383, 0x83838383, 0x83838383, 0x83838383,
    0x83838383, 0x83838383, 0x83838383, 0x83838383, 0x83838383, 0x83838383, 0x83838383, 0x83838383,
    0xAF828282, 0xE5F1E4C2, 0x82828282, 0xE0DDBF8E, 0x83838383, 0xBFBE8E83, 0x83838383, 0x8E8C8383,
    0x83838383, 0xB68C8383, 0x83838383, 0xBBB48383, 0x83838383, 0xB48C8383, 0x83838383, 0x83838383,
    0xDDD7D7DE, 0xF7F5F0E2, 0xBFC2DDE0, 0xE5E0D7BF, 0x8C8EBBBF, 0xBFBEBB8E, 0x8383838B, 0x838C8C83,
    0x83838CB6, 0x83838383, 0x838AB6BB, 0x83838383, 0x83838B8E, 0x83838383, 0x83838383, 0x83838383,
    0x82B6DDF1, 0x82828282, 0x828CBFE2, 0x82828282, 0x838383BB, 0x83838383, 0x83838383, 0x83838383,
    0x83838383, 0x83838383, 0x83838383, 0x83838383, 0x83838383, 0x83838383, 0x83838383, 0x83838383,
    0x82828282, 0x82828282, 0x82828282, 0x82828282, 0x83838383, 0x83838383, 0x83838383, 0x83838383,
    0x83838383, 0x83838383, 0x83838383, 0x83838383, 0x83838383, 0x83838383, 0x83838383, 0x83838383,
    0x82828282, 0x57CF2082, 0x82828282, 0x57A72082, 0x83838383, 0x56A52083, 0x83838383, 0x46A52083,
    0x83838383, 0x41202083, 0x838A8A83, 0x20208383, 0x8B8E8E83, 0x20838383, 0x8B8B8A83, 0x8D8C8B8B,
    0x3E3F4151, 0x3E202020, 0x3E3F4148, 0x20203820, 0x3E3F4146, 0x38383820, 0x3E3F4155, 0x20202020,
    0xA5A5A541, 0xA5A5A5A5, 0x54549C3F, 0x54545454, 0x43439C20, 0x43434343, 0x41412020, 0x41414141,
    0x57CF3E3E, 0x3E3F4151, 0x57A72020, 0x3E3F4148, 0x56A52020, 0x3E3F4146, 0x55A5A520, 0x3E3F4146,
    0x5454A5A5, 0x3E3F4144, 0x54545454, 0x3E3F4143, 0x43434343, 0x3E3F4143, 0x41414141, 0x3E3F4141,
    0x415157CF, 0x3F3F3F41, 0x414857A7, 0x3E3E3F3F, 0x414656A5, 0x203E3E3F, 0x415555A5, 0x20203E3F,
    0xA55454A5, 0x20203E3F, 0x9C54549C, 0x9C9C9C9C, 0x5252529C, 0x52525252, 0x4242429C, 0x42424242,
    0x3F3F3F3F, 0x41A4A4CF, 0x3E3E3E3E, 0x41A4A4A7, 0x20202020, 0x414656A5, 0x20383838, 0x414655A5,
    0x20202020, 0x414444A5, 0x9C9C9C9C, 0x41414120, 0x43525252, 0x3F3F2041, 0x42424242, 0x3E203F41,
    0x57CF2020, 0x3F3F4151, 0x57A7203F, 0x3E3F4148, 0x56A53E3F, 0x3E3F4146, 0x55A53E3F, 0x3E3F4146,
    0x54A53E3F, 0x3E3F4144, 0x549C3E3F, 0x3E3F4143, 0x439C3E3F, 0x3E3F4143, 0x41203E3E, 0x3E3F4141,
    0x3E3E3E3E, 0x57CF3E3E, 0x2020203E, 0x57A72020, 0x38382020, 0x56A52038, 0x38383820, 0x55A52038,
    0x38383820, 0x54A52038, 0x38383820, 0x549C2038, 0x38383820, 0x439C2038, 0x38383820, 0x41202083,
    0x3E3F4151, 0x38383820, 0x3E3F4148, 0x38383820, 0x3E3F4146, 0x38383820, 0x3E3F4146, 0x38383820,
    0x3E3F4144, 0x38383820, 0x3E3F4143, 0x38383820, 0x3E3F4143, 0x38383820, 0x3E3F4141, 0x38383820,
    0xB68E8C8C, 0xF9EFDDBF, 0x8E8A8282, 0xE5DED7BD, 0x83838383, 0xC2BDB68E, 0x83838383, 0xB68A8383,
    0x83838383, 0xB68A8383, 0x83838383, 0xB68C8383, 0x83838383, 0xB48A8383, 0x83838383, 0xB68B8383,
    0xFAFBFBFB, 0xFBFAFAFA, 0xF8FAF9F5, 0xFAF8F8F8, 0xF8F6F0E0, 0xFAF8F8F8, 0xF8F6E2C0, 0xFAFAF8F8,
    0xF8F4E0C0, 0xF8F8F8F8, 0xF8F0DDBF, 0xE2F6F8F8, 0xF8F4DEBF, 0xC0E2F6F8, 0xF1E2D7BE, 0x8CBFE0F1,
    0xF8F8FAFB, 0xFBFAF8F8, 0xF8F8F8FA, 0xEFF4F8F8, 0xF4F4F8FA, 0xDDE2E5F0, 0xE5EFF5F9, 0xDEDEE2E2,
    0xBDBED7E4, 0xDDD7C0BF, 0x83838EBF, 0xBFBBB48A, 0x838383B4, 0xBBB6AF8C, 0x8A838383, 0xBFBDBBB6,
    0xF1F5FBFC, 0xEFF1F1F0, 0xDDD7DDED, 0xFBFBF9E5, 0xD7BFC0D7, 0xF9F9F4E2, 0xD7C2D7DD, 0xF6F4F0E2,
    0xF0E4E2DE, 0xF8F8F8F4, 0xF4E5E2D7, 0xF8F8F8F6, 0xE2DDD7BF, 0xF8F8F8F0, 0xE5E2DDC2, 0xFAF9F6F0,
    0xC2DDE2EF, 0xAFAFAFBD, 0xBDDDEFF7, 0x8282828E, 0xDDE5F5F9, 0x8C8CB6BF, 0xF4F6F6F6, 0xDEE2E2F0,
    0xF9F8F8F8, 0xF0F4F7F9, 0xFBF8F8F8, 0xF4F6F8F9, 0xF5F4F8F8, 0xDDE0E5F1, 0xE5F0F7FB, 0xBBBFDDE2,
    0xBDB0B0B0, 0xB1C0C2C0, 0xD7BF8E82, 0xD7DDDEDD, 0xD7C0BBAF, 0xBFC2D7D7, 0xC2D7DDDD, 0xBBBDBFC0,
    0xBDC0DDE2, 0x83838CB9, 0xBDBFDDE2, 0x838383B4, 0xDDDDD7D7, 0x838CBBC2, 0xC2C2BFBB, 0xBDBEBFBF,
    0xEFE0D7BF, 0xDDE0EFF1, 0xBBBBBFC0, 0xBBBDBDBD, 0x8A8CB6BD, 0x83838A8A, 0x838A8CB4, 0x83838383,
    0x83838383, 0x83838383, 0x83838383, 0x83838383, 0xB68E8383, 0x83838AB6, 0x8EB6B6BB, 0x8383838A,
    0xF1EEDDD7, 0xF8F9F7F7, 0xBDBBBBBB, 0xDEDED7BF, 0x83838383, 0x83838383, 0x83838383, 0x83838383,
    0x83838383, 0x83838383, 0x83838383, 0x83838383, 0x83838383, 0x83838383, 0x83838383, 0x83838383,
    0xFAF8F8F6, 0xF8FAFAFA, 0xBFBFC0D7, 0xE5DDC2C0, 0x83838383, 0xC2B68C83, 0x83838383, 0xBB8A8383,
    0x83838383, 0xB6838383, 0x83838383, 0xBD8C8383, 0x8A838383, 0xBBB48C8B, 0x8A838383, 0xD7BFB68E,
    0xF4F8F8F8, 0xFBF9F4F4, 0xF8F8F8F8, 0xF4F4FAFA, 0xF8F8FAF0, 0xF8F8FAFA, 0xFAF9F0DD, 0xF8F8F8F8,
    0xFAF4E2C2, 0xF8F8F8F8, 0xFAF6E2D7, 0xF6F8F8F8, 0xFAF5E2C2, 0xD7E0F4F9, 0xF9F9F4E2, 0x8EBBDDF5,
    0xFBFBFBFB, 0xBFE2F9FB, 0xFBFBFAF6, 0xDDF0FBFB, 0xFBFBFAFA, 0xF5FBFBFB, 0xFBFBFAFA, 0xFBFBF8F8,
    0xFAF8F8F8, 0xFBFAF8F8, 0xF8F8F8F8, 0xFBFAF8F8, 0xF8F8F0DD, 0xFBFBFAFA, 0xF0DDBDAF, 0xFBFBFBF9,
    0x83838383, 0x83838383, 0x8A8A8A8A, 0x8A8A8A8A, 0x8A8A8A8A, 0x8A8A8A8A, 0x8A8A8A8A, 0x8A8A8A8A,
    0xB2B2B2B2, 0xB2B2B2B2, 0xB2B2B2B2, 0xB2B2B2B2, 0xB2B2B2B2, 0xB2B2B2B2, 0xB2B2B2B2, 0xB2B2B2B2,
    0x83838383, 0x83838383, 0x8A8A8A8A, 0x8A8A8A8A, 0x8A8A8A8A, 0x8A8A8A8A, 0x8A8A8A8A, 0x8A8A8A8A,
    0xB2B2B2B2, 0xB2B2B2B2, 0xB2B2B2B2, 0xB2B2B2B2, 0xB2B2B2B2, 0xB2B2B2B2, 0xB2B2B2B2, 0xB2B2B2B2,
    0x83838383, 0x83838383, 0x8A8A8A8A, 0x8A8A8A8A, 0x8A8A8A8A, 0x8A8A8A8A, 0x8A8A8A8A, 0x8A8A8A8A,
    0xB2B2B2B2, 0xB2B2B2B2, 0xB2B2B2B2, 0xB2B2B2B2, 0xB2B2B2B2, 0xB2B2B2B2, 0xB2B2B2B2, 0xB2B2B2B2,
    0x83838383, 0x83838383, 0x8A8A8A8A, 0x8A8A8A8A, 0x8A8A8A8A, 0x8A8A8A8A, 0x8A8A8A8A, 0x8A8A8A8A,
    0xB2B2B2B2, 0xB2B2B2B2, 0xB2B2B2B2, 0xB2B2B2B2, 0xB2B2B2B2, 0xB2B2B2B2, 0xB2B2B2B2, 0xB2B2B2B2,
    0x83838383, 0x83838383, 0x8A8A8A8A, 0x8A8A8A8A, 0x8A8A8A8A, 0x8A8A8A8A, 0x8A8A8A8A, 0x8A8A8A8A,
    0xB2B2B2B2, 0xB2B2B2B2, 0xB2B2B2B2, 0xB2B2B2B2, 0xB2B2B2B2, 0xB2B2B2B2, 0xB2B2B2B2, 0xB2B2B2B2,
    0x83838383, 0x838A8D8C, 0x8A8A8A8A, 0x8A8A8A8A, 0x8A8A8A8A, 0x8A8A8A8A, 0x8A8A8A8A, 0x8A8A8A8A,
    0xB2B2B2B2, 0xB2B2B2B2, 0xB2B2B2B2, 0xB2B2B2B2, 0xB2B2B2B2, 0xB2B2B2B2, 0xB2B2B2B2, 0xB2B2B2B2,
    0x83838383, 0x83838383, 0x8A8A8A8A, 0x8A8A8A8A, 0x8A8A8A8A, 0x8A8A8A8A, 0x8A8A8A8A, 0x8A8A8A8A,
    0xB2B2B2B2, 0xB2B2B2B2, 0xB2B2B2B2, 0xB2B2B2B2, 0xB2B2B2B2, 0xB2B2B2B2, 0xB2B2B2B2, 0xB2B2B2B2,
    0x83838383, 0x83838383, 0x8A8A8A8A, 0x8A8A8A8A, 0x8A8A8A8A, 0x8A8A8A8A, 0x8A8A8A8A, 0x8A8A8A8A,
    0xB2B2B2B2, 0xB2B2B2B2, 0xB2B2B2B2, 0xB2B2B2B2, 0xB2B2B2B2, 0xB2B2B2B2, 0xB2B2B2B2, 0xB2B2B2B2,
    0x83838383, 0x83838383, 0x8A8A8A8A, 0x8A8A8A8A, 0x8A8A8A8A, 0x8A8A8A8A, 0x8A8A8A8A, 0x8A8A8A8A,
    0xB2B2B2B2, 0xB2B2B2B2, 0xB2B2B2B2, 0xB2B2B2B2, 0xB2B2B2B2, 0xB2B2B2B2, 0xB2B2B2B2, 0xB2B2B2B2,
    0x83838383, 0x83838383, 0x8A8A8A8A, 0x8A8A8A8A, 0x8A8A8A8A, 0x8A8A8A8A, 0x8A8A8A8A, 0x8A8A8A8A,
    0xB2B2B2B2, 0xB2B2B2B2, 0xB2B2B2B2, 0xB2B2B2B2, 0xB2B2B2B2, 0xB2B2B2B2, 0xB2B2B2B2, 0xB2B2B2B2,
    0x83838383, 0x83838383, 0x8A8A8A8A, 0x8A8A8A8A, 0x8A8A8A8A, 0x8A8A8A8A, 0x8A8A8A8A, 0x8A8A8A8A,
    0xB2B2B2B2, 0xB2B2B2B2, 0xB2B2B2B2, 0xB2B2B2B2, 0xB2B2B2B2, 0xB2B2B2B2, 0xB2B2B2B2, 0xB2B2B2B2,
    0x8A838383, 0x83838383, 0x8B8A8A8A, 0x8A8A8A8A, 0x8C8B8A8A, 0x8A8A8A8A, 0x8A8A8A8A, 0x8A8A8A8A,
    0xB2B2B2B2, 0xB2B2B2B2, 0xB2B2B2B2, 0xB2B2B2B2, 0xB2B2B2B2, 0xB2B2B2B2, 0xB2B2B2B2, 0xB2B2B2B2,
    0x3F202083, 0x3F3F3F3F, 0x20208A8A, 0x3E3E3E3E, 0x208A8A8A, 0x20202020, 0x8A8A8A8A, 0x3838388A,
    0xB2B2B2B2, 0x3838B2B2, 0xB2B2B2B2, 0x39B2B2B2, 0xB2B2B2B2, 0xB2B2B2B2, 0xB2B2B2B2, 0xB2B2B2B2,
    0x3F3F3F3F, 0x3E3F3F3F, 0x3E3E3E3E, 0x3E3E3E3E, 0x20202020, 0x20202020, 0x38383838, 0x38383838,
    0x38383838, 0x38383838, 0x39393939, 0x39393A39, 0x3C3C3A39, 0x3A3C3C3C, 0xBDBEB7B2, 0xB4B4B6BB,
    0x41414120, 0x41414141, 0x3F3F2020, 0x3F3F3F3F, 0x3E202020, 0x3E3E3E3E, 0x20203838, 0x20202020,
    0x38383838, 0x38383838, 0x39393939, 0x393939B2, 0x39393A3A, 0x3939B2B2, 0xB2B28DB4, 0x39B2B2B2,
    0x41414141, 0x203E3F41, 0x3F3F3F3F, 0x203E3F3F, 0x3E3E3E3E, 0x203E3E3E, 0x20202020, 0x20202020,
    0x38383838, 0x38383838, 0x39393939, 0x39393939, 0x39393939, 0x39393939, 0x39393939, 0x39393939,
    0x20202020, 0x3E3F3F3F, 0x20383838, 0x3E3E3E20, 0x3838388A, 0x20202020, 0x38388A38, 0x38383838,
    0x38B23838, 0x38B23838, 0xB2393939, 0xB2B2B2B2, 0xB2393939, 0xB2B2B2B2, 0xB2393939, 0xB2B2B2B2,
    0x38383820, 0x20208383, 0x38383820, 0x208A8A8A, 0x38383820, 0x8A8A8A8A, 0x38383838, 0x8A8A8A8A,
    0x38383838, 0xB2B2B2B2, 0x39393939, 0xB2B2B2B2, 0x393939B2, 0xB2B2B2B2, 0xB2B2B2B2, 0xB2B2B2B2,
    0x3E3F3F3F, 0x38383820, 0x3E3E3E20, 0x38383820, 0x20202020, 0x38383820, 0x38388A8A, 0x38383838,
    0x38B2B2B2, 0x38383838, 0xB2B2B2B2, 0x39393939, 0xB2B2B2B2, 0x393939B2, 0xB2B2B2B2, 0xB2B2B2B2,
    0x83838383, 0x8C838383, 0x8A8A8A8A, 0x8A8A8A8A, 0x8A8A8A8A, 0x8A8A8A8A, 0x8A8A8A8A, 0x8A8A8A8A,
    0xB2B2B2B2, 0xB2B2B2B2, 0xB2B2B2B2, 0xB2B2B2B2, 0xB2B2B2B2, 0xB2B2B2B2, 0xB2B2B2B2, 0xB2B2B2B2,
    0xE0D7BEB6, 0x83B6D7E0, 0xD7BB8B8A, 0x8DBFDDE0, 0xBE8D8A8A, 0xC2E0E2DD, 0xB48A8A8A, 0xE4E5DEBF,
    0xB2B2B2B2, 0xDEDDBFB6, 0xB2B2B2B2, 0xBFBEB6B2, 0xB2B2B2B2, 0xB2B2B2B2, 0xB2B2B2B2, 0xB2B2B2B2,
    0x8C838383, 0xDDD7C2BE, 0x8C8A8A8A, 0xBBB6B6B6, 0x8A8A8DBB, 0x8A8A8A8A, 0x8A8ABBDD, 0xB28A8A8A,
    0xB2B2BED8, 0xB2B2B2B2, 0xB2B2BBBF, 0xB2B2B2B2, 0xB2B2B28D, 0xB2B2B2B2, 0xB2B2B2B2, 0xB2B2B2B2,
    0xF6F5EFDE, 0xFBFAF9F8, 0xF0E2D8BE, 0xF1F5F4F2, 0xF0E4D7BB, 0xE2F0F5F4, 0xF9F4E2BF, 0xF4F9F9F9,
    0xF7F7E5C2, 0xDEE5F0F7, 0xEFF1E2BF, 0xB4B7BFDE, 0xBFC2BE8D, 0xB2B2B2B4, 0xB28DB2B2, 0xB2B2B2B2,
    0xE2F0F5F9, 0x8CB4BFDD, 0xBEC2DDE2, 0x8A8A8CB6, 0x8DB6BED8, 0x8A8A8A8A, 0x8A8DBEDE, 0x8A8A8A8A,
    0xB2B2B6C0, 0xB2B2B2B2, 0x8D8D8D8D, 0xBFB7B48D, 0xB48DB2B2, 0xC2BBB7B4, 0xB2B2B2B2, 0xBB8DB2B2,
    0xB7B6B48D, 0xDDD7BFBB, 0xBFBBB48A, 0xF5E5DEC2, 0xBFBB8D8A, 0xFBF7E2D7, 0xBDB48A8A, 0xFBF9E5D7,
    0xE2D7BB8D, 0xFBF9F8F6, 0xF8F8F0DD, 0xFBF9F8F8, 0xF8F8F4E2, 0xF9F9F9F8, 0xF8F7E2D7, 0xF9F9F9F9,
    0x8BB6BFD7, 0x83838383, 0xBBD7E2F1, 0x8A8A8BB4, 0xD7E2F5F9, 0xB6B6BBBF, 0xDDEFF9FB, 0xD8D7C2C2,
    0xEFFBF9FA, 0xE2E0DEED, 0xFBFBF9FA, 0xF4F0F1F5, 0xFBFBFBFB, 0xF9F9F9FB, 0xF9F9FBFB, 0xF9F9F9F9,
    0x838A8A83, 0x83838383, 0x8DB4B48C, 0x8A8A8A8A, 0xB6BBBDBB, 0x8A8A8A8D, 0xBFC2DDDD, 0x8AB2B4BB,
    0xD7DDE2E2, 0xBBBEBFC2, 0xDDE2F0F4, 0xDDDDD8D7, 0xF5F9F9F9, 0xDEE2E2EF, 0xF9F9FBFB, 0xC0D7E0E5,
    0x83838383, 0xE2C2B68A, 0xB68A8A8A, 0xE2DED7BE, 0xBE8D8A8A, 0xE2E4E2DD, 0xBB8D8A8A, 0xDDE2E0D7,
    0xC2BBB6B6, 0xD8E2E4DE, 0xDDC2C2D7, 0xBFDDE2E2, 0xBFBFC2D8, 0xB7BBBFBF, 0x8DB4B7BD, 0xB2B2B2B2,
    0xF5F7F7F0, 0x8383BBEC, 0xD7E2EFEF, 0x8A8A8ABB, 0xB6BFDDE0, 0x8A8A8A8A, 0x8DB6BBBF, 0x8A8A8A8A,
    0xB2B2B4BE, 0xB2B2B2B2, 0xB28DB6BB, 0xB2B2B2B2, 0xB28DB4B6, 0xB2B2B2B2, 0xB2B2B2B2, 0xB2B2B2B2,
    0x8C838383, 0xEFDDBFB6, 0x8A8A8A8A, 0xBEB68D8A, 0x8A8A8A8A, 0x8A8A8A8A, 0x8A8A8A8A, 0x8A8A8A8A,
    0xB2B2B2B2, 0xB2B2B2B2, 0xB2B2B2B2, 0xB2B2B2B2, 0xB2B2B2B2, 0xB2B2B2B2, 0xB2B2B2B2, 0xB2B2B2B2,
    0xB2B2B2B2, 0xB2B2B2B2, 0xB2B2B2B2, 0xB2B2B2B2, 0xB2B2B2B2, 0xB2B2B2B2, 0xB2B2B2B2, 0xB2B2B2B2,
    0xB2B2B2B2, 0xB2B2B2B2, 0x8D8D8D8D, 0x8D8D8D8D, 0x8D8D8D8D, 0x8D8D8D8D, 0xB3B3B3B3, 0xB3B3B3B3,
    0xB2B2B2B2, 0xB2B2B2B2, 0xB2B2B2B2, 0xB2B2B2B2, 0xB2B2B2B2, 0xB2B2B2B2, 0xB2B2B2B2, 0xB2B2B2B2,
    0xB2B2B2B2, 0xB2B2B2B2, 0x8D8D8D8D, 0x8D8D8D8D, 0x8D8D8D8D, 0x8D8D8D8D, 0xB3B3B3B3, 0xB3B3B3B3,
    0xB2B2B2B2, 0xB2B2B2B2, 0xB2B2B2B2, 0xB2B2B2B2, 0xB2B2B2B2, 0xB2B2B2B2, 0xB2B2B2B2, 0xB2B2B2B2,
    0xB2B2B2B2, 0xB2B2B2B2, 0x8D8D8D8D, 0x8D8D8D8D, 0x8D8D8D8D, 0x4A8D8D8D, 0xB3B3B3B3, 0xA34A4AB3,
    0xB2B2B2B2, 0xB2B2B2B2, 0xB2B2B2B2, 0xB2B2B2B2, 0xB2B2B2B2, 0xB2B2B2B2, 0xB2B2B2B2, 0xB2B2B2B2,
    0xB2B2B2B2, 0xB2B2B2B2, 0x4A4A8D8D, 0x4A4A4A4A, 0xA34A4A4A, 0xA3A3A3A3, 0xA3A3A3A3, 0xA3A3A3A3,
    0xB2B2B2B2, 0xB2B2B2B2, 0xB2B2B2B2, 0xB2B2B2B2, 0xB2B2B2B2, 0xB2B2B2B2, 0xB2B2B2B2, 0xB2B2B2B2,
    0xB2B2B2B2, 0xB2B2B2B2, 0x8D8D4A4A, 0x8D8D8D8D, 0x4A4A4AA3, 0x8D8D8D4A, 0xA3A3A3A3, 0xB34A4AA3,
    0xB2B2B2B2, 0xB2B2B2B2, 0xB2B2B2B2, 0xB2B2B2B2, 0xB2B2B2B2, 0xB2B2B2B2, 0xB2B2B2B2, 0xB2B2B2B2,
    0xB2B2B2B2, 0xB2B2B2B2, 0x8D8D8D8D, 0x8D8D8D8D, 0x8D8D8D8D, 0x8D8D8D8D, 0xB3B3B3B3, 0xB3B3B3B3,
    0xB2B2B2B2, 0xB2B2B2B2, 0xB2B2B2B2, 0xB2B2B2B2, 0xB2B2B2B2, 0xB2B2B2B2, 0xB2B2B2B2, 0xB2B2B2B2,
    0xB2B2B2B2, 0xB2B2B2B2, 0x8D8D8D8D, 0x8D8D8D8D, 0x8D8D8D8D, 0x8D8D8D8D, 0xB3B3B3B3, 0xB3B3B3B3,
    0xB2B2B2B2, 0xB2B2B2B2, 0xB2B2B2B2, 0xB2B2B2B2, 0xB2B2B2B2, 0xB2B2B2B2, 0xB2B2B2B2, 0xB2B2B2B2,
    0xB2B2B2B2, 0xB2B2B2B2, 0x8D8D8D8D, 0x8D8D8D8D, 0x8D8D8D8D, 0x8D8D8D8D, 0xB3B3B3B3, 0xB3B3B3B3,
    0xB2B2B2B2, 0xB2B2B2B2, 0xB2B2B2B2, 0xB2B2B2B2, 0xB2B2B2B2, 0xB2B2B2B2, 0xB2B2B2B2, 0xB2B2B2B2,
    0xB2B2B2B2, 0xB2B2B2B2, 0x8D8D8D8D, 0x8D8D8D8D, 0x8D8D8D8D, 0x8D8D8D8D, 0xB3B3B3B3, 0xB3B3B3B3,
    0xB2B2B2B2, 0xB2B2B2B2, 0xB2B2B2B2, 0xB2B2B2B2, 0xB2B2B2B2, 0xB2B2B2B2, 0xB2B2B2B2, 0xB2B2B2B2,
    0xB2B2B2B2, 0xB2B2B2B2, 0x8D8D8D8D, 0x8D8D8D8D, 0x8D8D8D8D, 0x8D8D8D8D, 0xB3B3B3B3, 0xB3B3B3B3,
    0xB2B2B2B2, 0xB2B2B2B2, 0xB2B2B2B2, 0xB2B2B2B2, 0xB2B2B2B2, 0xB2B2B2B2, 0xB2B2B2B2, 0xB2B2B2B2,
    0xB2B2B2B2, 0xB2B2B2B2, 0x8D8D8D8D, 0x8D8D8D8D, 0x8D8D8D8D, 0x8D8D8D8D, 0xB3B3B3B3, 0xB3B3B3B3,
    0xB2B2B2B2, 0xB2B2B2B2, 0xB2B2B2B2, 0xB2B2B2B2, 0xB2B2B2B2, 0xB2B2B2B2, 0xB2B2B2B2, 0xB2B2B2B2,
    0xB2B2B2B2, 0xB2B2B2B2, 0x8D8D8D8D, 0x8D8D8D8D, 0x8D8D8D8D, 0x8D8D8D8D, 0xB3B3B3B3, 0xB3B3B3B3,
    0xB2B2B2B2, 0xB2B2B2B2, 0xB2B2B2B2, 0xB2B2B2B2, 0xB2B2B2B2, 0xB2B2B2B2, 0xB2B2B2B2, 0xBFC2BFBB,
    0xB3B2B2B2, 0xDDE0DDBE, 0xB48D8D8D, 0xDDDED7BE, 0xB48D8D8D, 0xD8DDD8BE, 0xB7B3B3B3, 0xD8DDD8BF,
    0x8DB4B3B2, 0xB2B2B2B2, 0xB2B2B2B2, 0xB2B2B2B2, 0xB2B2B2B2, 0xB2B2B2B2, 0xB2B28DB7, 0xB2B2B2B2,
    0xB3B4BDC2, 0xB2B2B2B2, 0x8DB4BBC1, 0x8D8D8D8D, 0x8DB3B7BF, 0x8D8D8D8D, 0xB3B4BBC1, 0xB3B3B3B3,
    0xB2B2B2B2, 0xB2B2B2B2, 0xB2B2B2B2, 0xB2B2B2B2, 0xB2B2B2B2, 0xB2B2B2B2, 0xB2B2B2B2, 0xB2B2B2B2,
    0xB2B2B2B2, 0xB2B2B2B2, 0x8D8D8D8D, 0x8D8D8D8D, 0x8D8D8D8D, 0x8D8D8D8D, 0xB3B3B3B3, 0xB3B3B3B3,
    0xB2B2B2B2, 0xB2B2B2B2, 0xB2B2B2B2, 0xB2B2B2B2, 0xB2B2B2B2, 0xB2B2B2B2, 0xB2B2B2B2, 0xB2B2B2B2,
    0xB2B2B2B2, 0xB2B2B2B2, 0x8D8D8D8D, 0x8D8D8D8D, 0x8D8D8D8D, 0x8D8D8D8D, 0xB3B3B3B3, 0xB3B3B3B3,
    0xB2B2B2B2, 0xB2B2B2B2, 0xB2B2B2B2, 0xB2B2B2B2, 0xB2B2B2B2, 0xB2B2B2B2, 0xB2B2B2B2, 0xB2B2B2B2,
    0xB2B2B2B2, 0xB2B2B2B2, 0x8D8D8D8D, 0x8D8D8D8D, 0x8D8D8D8D, 0x8D8D8D8D, 0xB3B3B3B3, 0xB3B3B3B3,
    0xB2B2B2B2, 0xB2B2B2B2, 0xB2B2B2B2, 0xB2B2B2B2, 0xB2B2B2B2, 0xB2B2B2B2, 0xB2B2B2B2, 0xB2B2B2B2,
    0xB2B2B2B2, 0xB2B2B2B2, 0x8D8D8D8D, 0x8D8D8D8D, 0x8D8D8D8D, 0x8D8D8D8D, 0xB3B3B3B3, 0xB3B3B3B3,
    0xB2B2B2B2, 0xB2B2B2B2, 0xB2B2B2B2, 0xB2B2B2B2, 0xB2B2B2B2, 0xB2B2B2B2, 0xB2B2B2B2, 0xB2B2B2B2,
    0xB2B2B2B2, 0xB2B2B2B2, 0x8D8D8D8D, 0x8D8D8D8D, 0x8D8D8D8D, 0x8D8D8D8D, 0xB3B3B3B3, 0xB3B3B3B3,
    0xB2B2B2B2, 0xB2B2B2B2, 0xB2B2B2B2, 0xB2B2B2B2, 0xB2B2B2B2, 0xB2B2B2B2, 0xB2B2B2B2, 0xB2B2B2B2,
    0xB2B2B2B2, 0xB2B2B2B2, 0x8D8D8D8D, 0x8D8D8D8D, 0x8D8D8D8D, 0x8D8D8D8D, 0xB3B3B3B3, 0xB3B3B3B3,
    0xB2B2B2B2, 0xB6B2B2B2, 0xB2B2B2B2, 0xB6B4B2B2, 0xB2B2B2B2, 0xB4B4B2B2, 0xB2B2B2B2, 0xB2B2B2B2,
    0xB2B2B2B2, 0xB2B2B2B2, 0x8D8D8D8D, 0x8D8D8D8D, 0x8D8D8D8D, 0x8D8D8D8D, 0xB3B3B3B3, 0xB3B3B3B3,
    0xB2B2B2B6, 0xB2B2B2B2, 0xB2B2B2B4, 0xB2B2B2B2, 0xB2B2B2B2, 0xB2B2B2B2, 0xB2B2B2B2, 0xB2B2B2B2,
    0xB2B2B2B2, 0xB2B2B2B2, 0x8D8D8D8D, 0x8D8D8D8D, 0x8D8D8D8D, 0x8D8D8D8D, 0xB3B3B3B3, 0xB3B3B3B3,
    0xB2B2B2B2, 0xB2B2B2B2, 0xB2B2B2B2, 0xB2B2B2B2, 0xB2B2B2B2, 0xB2B2B2B2, 0xB2B2B2B2, 0xB2B2B2B2,
    0xB2B2B2B2, 0xB2B2B2B2, 0x8D8D8D8D, 0x8D8D8D8D, 0x8D8D8D8D, 0x8D8D8D8D, 0xB3B3B3B3, 0xB3B3B3B3,
    0xB2B2B2B2, 0xB2B2B2B2, 0xB2B2B2B2, 0xB2B2B2B2, 0xB2B2B2B2, 0xB2B2B2B2, 0xB2B2B2B2, 0xB2B2B2B2,
    0xB2B2B2B2, 0xB2B2B2B2, 0x8D8D8D8D, 0x8D8D8D8D, 0x8D8D8D8D, 0x8D8D8D8D, 0xB3B3B3B3, 0xB3B3B3B3,
    0xF9F4DDBB, 0xFBF9F9F9, 0xF9DEB7B2, 0xFBF9F9F9, 0xE5BEB2B2, 0xF9F9F9F9, 0xE2BF8DB2, 0x27F9F8F8,
    0xE4C2B6B2, 0x272727F8, 0xE5D7B68D, 0x27272727, 0x27C2B78D, 0x28272727, 0x2727BBB4, 0xADAD2827,
    0xF9F9F9FB, 0xF9F9F9F9, 0xF9F9F9F9, 0xF9F9F9F9, 0x2727F9F9, 0x27272727, 0x28272727, 0x2B2B2B2A,
    0x2A282827, 0x2B2B2B2B, 0x2B2A2A28, 0x2B2B2B2B, 0x2B2B2B2A, 0x2B2B2B2B, 0x2BAEAEAE, 0x2B2B2B2B,
    0xF0F9F9F9, 0xB4BBBED7, 0xF9F9F9F9, 0xB2BBD7E5, 0xF9F92727, 0xB2C2F4F9, 0x27272B2B, 0x8DD7F527,
    0x2B2B2B2B, 0x8D27272C, 0x2C2B2B2B, 0x27272C2C, 0x2C2C2B2B, 0x2D2C2C2C, 0x2C2C2C2C, 0x2D2D2C2C,
    0xB2B2B2B2, 0xB2B2B2B2, 0xB2B2B2B2, 0xB2B2B2B2, 0xB2B2B2B2, 0xB2B2B2B2, 0xB2B2B2B2, 0xB2B2B2B2,
    0xB2B2B2B2, 0xB2B2B2B2, 0x8D8D8D8D, 0x8D8D8D8D, 0x8D8D8D27, 0x8D8D8D8D, 0xBEBB272D, 0xB3B3B4BB,
    0xB2B2B2B2, 0xB2B2B2B2, 0xB2B2B2B2, 0xB2B2B2B2, 0xB2B2B2B2, 0xB2B2B2B2, 0xB2B2B2B2, 0xB2B2B2B2,
    0xB2B2B2B2, 0xB2B2B2B2, 0x8D8D8D8D, 0x8D8D8D8D, 0x8D8D8D8D, 0x8D8D8D8D, 0xB3B3B3B3, 0xB3B3B3B3,
    0xB2B2B2B2, 0xB2B2B2B2, 0xB2B2B2B2, 0xB2B2B2B2, 0xB2B2B2B2, 0xB2B2B2B2, 0xB2B2B2B2, 0xB2B2B2B2,
    0xB2B2B2B2, 0xB2B2B2B2, 0x8D8D8D8D, 0x8D8D8D8D, 0x8D8D8D8D, 0x8D8D8D8D, 0xB3B3B3B3, 0xB3B3B3B3,
    0xB3B3B3B3, 0xB3B3B3B3, 0xB3B3B3B3, 0xB3B3B3B3, 0xB3B3B3B3, 0xB3B3B3B3, 0xB3B3B3B3, 0xB3B3B3B3,
    0xB3B3B3B3, 0xB3B3B3B3, 0xB3B3B3B3, 0xB3B3B3B3, 0xB3B3B3B3, 0xB3B3B3B3, 0xB3B3B3B3, 0xB3B3B3B3,
    0xB3B3B3B3, 0xB3B3B3B3, 0xB3B3B3B3, 0xB3B3B3B3, 0xB3B3B3B3, 0xB3B3B3B3, 0xB3B3B3B3, 0xB3B3B3B3,
    0xB3B3B3B3, 0x4AB3B3B3, 0xB3B3B3B3, 0x4A4AB3B3, 0xB3B3B3B3, 0xA24AB3B3, 0xB3B3B3B3, 0xA2A24AB3,
    0x4AB3B3B3, 0xA3A3A34A, 0x4A4AB3B3, 0xA2A2A2A2, 0xA2A24AB3, 0xA2A2A2A2, 0xA2A2A24A, 0xA2A2A2A2,
    0xA2A2A2A2, 0xFFFFFFA2, 0xA2A2A2A2, 0xFFFFFFFF, 0xFFA2A2A2, 0xFFFFFFFF, 0xFFA2A2A2, 0xFFFFFFFF,
    0xA3A3A3A3, 0xA3A3A3A3, 0xA2A2A2A2, 0xA2A2A2A2, 0xA2A2A2A2, 0xA2A2A2A2, 0xA2A2A2A2, 0xA2A2A2A2,
    0xA2A2A2A2, 0xA2A2A2A2, 0xA2A2A2FF, 0xA2A2A2A2, 0xA2A2FFFF, 0xA2A2A2A2, 0xA2A2FFFF, 0xA2A2A2A2,
    0xA3A3A3A3, 0x4AA3A3A3, 0xA2A2A2A2, 0xA2A2A2A2, 0xA2A2A2A2, 0xA2A2A2A2, 0xA2A2A2A2, 0xA2A2A2A2,
    0xA2A2A2A2, 0xA2A2A2A2, 0xA2A2A2A2, 0xA2A2A2A2, 0xA2A2A2A2, 0xA2A2A2A2, 0xA2A2A2A2, 0xA2A2A2A2,
    0xB3B3B34A, 0xB3B3B3B3, 0xB3B34A4A, 0xB3B3B3B3, 0xB34AA2A2, 0xB3B3B3B3, 0x4AA2A2A2, 0xB3B3B3B3,
    0xA2A2A2A2, 0xB3B3B34A, 0xA2A2A2A2, 0xB3B34A4A, 0xA2A2A2A2, 0xB3B34AA2, 0xA2A2A2A2, 0xB34AA3A3,
    0xB3B3B3B3, 0xB3B3B3B3, 0xB3B3B3B3, 0xB3B3B3B3, 0xB3B3B3B3, 0xB3B3B3B3, 0xB3B3B3B3, 0xB3B3B3B3,
    0xB3B3B3B3, 0xB3B3B3B3, 0xB3B3B3B3, 0xB3B3B3B3, 0xB3B3B3B3, 0xB3B3B3B3, 0xB3B3B3B3, 0xB3B3B3B3,
    0xB3B3B3B3, 0xB3B3B3B3, 0xB3B3B3B3, 0xB3B3B3B3, 0xB3B3B3B3, 0xB3B3B3B3, 0xB3B3B3B3, 0xB3B3B3B3,
    0xB3B3B3B3, 0xB3B3B3B3, 0xB3B3B3B3, 0xB3B3B3B3, 0xB3B3B3B3, 0xB3B3B3B3, 0xB3B3B3B3, 0xB3B3B3B3,
    0xB3B3B3B3, 0xB3B3B3B3, 0xB3B3B3B3, 0xB3B3B3B3, 0xB3B3B3B3, 0xB3B3B3B3, 0xB3B3B3B3, 0xB3B3B3B3,
    0xB3B3B3B3, 0xB3B3B3B3, 0xB3B3B3B3, 0xB3B3B3B3, 0xB3B3B3B3, 0xB3B3B3B3, 0xB3B3B3B3, 0xB3B3B3B3,
    0xB3B3B3B3, 0xB3B3B3B3, 0xB3B3B3B3, 0xB3B3B3B3, 0xB3B3B3B3, 0xB3B3B3B3, 0xB3B3B3B3, 0xB3B3B3B3,
    0xB3B3B3B3, 0xB3B3B3B3, 0xB3B3B3B3, 0xB3B3B3B3, 0xB3B3B3B3, 0xB3B3B3B3, 0xB3B3B3B3, 0xB3B3B3B3,
    0xB3B3B3B3, 0xB3B3B3B3, 0xB3B3B3B3, 0xB3B3B3B3, 0xB3B3B3B3, 0xB3B3B3B3, 0xB3B3B3B3, 0xB3B3B3B3,
    0xB3B3B3B3, 0xB3B3B3B3, 0xB3B3B3B3, 0xB3B3B3B3, 0xB3B3B3B3, 0xB3B3B3B3, 0xB3B3B3B3, 0xB3B3B3B3,
    0xB3B3B3B3, 0xB3B3B3B3, 0xB3B3B3B3, 0xB3B3B3B3, 0xB3B3B3B3, 0xB3B3B3B3, 0xB3B3B3B3, 0xB3B3B3B3,
    0xB3B3B3B3, 0xB3B3B3B3, 0xB3B3B3B3, 0xB3B3B3B3, 0xB3B3B3B3, 0xB3B3B3B3, 0xB3B3B3B3, 0xB3B3B3B3,
    0xB7B4B4B3, 0xBEBFBFBE, 0xB7B7B4B4, 0xBBBBBBBB, 0xB3B3B3B3, 0xC1BBB7B4, 0xB3B3B3B3, 0xC2BBB7B3,
    0xB3B3B3B3, 0xBEBBB4B3, 0xB3B3B3B3, 0xB3B3B3B3, 0xB3B3B3B3, 0xB3B3B3B3, 0xB3B3B3B3, 0xB3B3B3B3,
    0xB3B3B4BB, 0xB3B3B3B3, 0xB3B3B7B7, 0xB3B4B5B4, 0xDDDDDDD8, 0xBBC2D8D8, 0xEFEFE2DD, 0xB7C1DDE2,
    0xE8DDD8C1, 0xB3B4BFD8, 0xBBBBB5B3, 0xB3B3B3B7, 0xB3B3B3B3, 0xB3B3B3B3, 0xB3B3B3B3, 0xB3B3B3B3,
    0xB3B3B3B3, 0xB3B3B3B3, 0xB3B3B3B3, 0xB3B3B3B3, 0xB3B3B3B3, 0xB3B3B3B3, 0xB3B3B3B3, 0xB3B3B3B3,
    0xB3B3B3B3, 0xB3B3B3B3, 0xB3B3B3B3, 0xB3B3B3B3, 0xB3B3B3B3, 0xB3B3B3B3, 0xB3B3B3B3, 0xB3B3B3B3,
    0xB3B3B3B3, 0xB3B3B3B3, 0xB3B3B3B3, 0xB3B4B4B4, 0xB3B3B3B3, 0xB4B7B7B4, 0xB3B3B3B3, 0xBBBEBBB7,
    0xB7B3B3B3, 0xC2D8D7BF, 0xBEB7B4B3, 0xE0E2DEC2, 0xC1BBB7B3, 0xF0F0E2D8, 0xC2BEBBB5, 0xF6F2E5DD,
    0xB3B3B3B3, 0xB3B3B3B3, 0xB3B3B3B3, 0xB3B3B3B3, 0xB3B3B3B3, 0xB3B3B3B3, 0xB3B3B3B5, 0xB3B3B3B3,
    0xB3B3B4BE, 0xB3B3B3B3, 0xB7BEC1D8, 0xB7B4B4B5, 0xE0E2E2E5, 0xE4E2E0E0, 0xF6F6F6F6, 0xF6F6F6F6,
    0xB3B3B3B3, 0xB3B3B3B3, 0xB3B3B3B3, 0xB3B3B3B3, 0xB3B3B3B3, 0xB3B3B3B3, 0xB3B3B3B3, 0xB3B3B3B3,
    0xB3B3B3B3, 0xB3B3B3B3, 0xB7BEBEBB, 0xB3B3B3B3, 0xE2E5F0E5, 0xB3B4BED8, 0xF6F6F6F6, 0xBFD8E2F4,
    0xB3B3B3B3, 0xB3B3B3B3, 0xB3B3B3B3, 0xB3B3B3B3, 0xB3B3B3B3, 0xB3B3B3B3, 0xB3B3B3B3, 0xB3B3B3B3,
    0xB3B3B3B3, 0xB3B3B3B3, 0xB3B3B3B3, 0xB3B3B3B3, 0xB3B3B3B3, 0xB3B3B3B3, 0xB3B3B3B7, 0xB3B3B3B3,
    0xB3B3B3B3, 0xB3B3B3B3, 0xB3B3B3B3, 0xB3B3B3B3, 0xB3B3B3B3, 0xB3B3B3B3, 0xB3B3B3B3, 0xB3B3B3B3,
    0xB3B3B3B3, 0xB3B3B3B3, 0xB3B3B3B3, 0xB3B3B3B3, 0xB3B3B3B3, 0xB3B3B3B3, 0xB3B3B3B3, 0xB3B3B3B3,
    0xB3B3B3B3, 0xB3B3B3B3, 0xB3B3B3B3, 0xB3B3B3B3, 0xB3B3B3B3, 0xB3B3B3B3, 0xB3B3B3B3, 0xB3B3B3B3,
    0xB3B3B3B3, 0xB3B3B3B3, 0xB3B3B3B3, 0xB3B3B3B3, 0xB3B3B3B3, 0xB3B3B3B3, 0xB3B3B3B3, 0xB3B3B3B3,
    0xB3B3B3B3, 0xB3B3B3B3, 0xB3B3B3B3, 0xB3B3B3B3, 0xB3B3B3B3, 0xB3B3B3B3, 0xB3B3B3B3, 0xB3B3B3B3,
    0xB3B3B3B3, 0xB3B3B3B3, 0xB3B3B3B3, 0xB3B3B3B3, 0xB3B3B3B3, 0xB3B3B3B3, 0xB3B3B3B3, 0xB3B3B3B3,
    0xB7B3B3B3, 0xBEBEBEBB, 0xD8BEB3B3, 0xDDE0E0E0, 0xBEB4B3B3, 0xD8DDD8C2, 0xB3B3B3B3, 0xB5B7B7B7,
    0xB3B3B3B3, 0xB3B3B3B3, 0xB3B3B3B3, 0xB3B3B3B3, 0xB3B3B3B3, 0xB3B3B3B3, 0xB3B3B3B3, 0xB3B3B3B3,
    0xBBBEBEBE, 0xB3B3B3B4, 0xBBBFC2D8, 0xB3B3B3B4, 0xB3B3BBC1, 0xB3B3B3B3, 0xB3B3B3B3, 0x27B3B3B3,
    0xB3B3B3B3, 0x27B3B3B3, 0xB3B3B3B3, 0x27B3B3B3, 0xB3B3B3B3, 0x2B27B3B3, 0xB3B3B3B3, 0x2B27B3B3,
    0x272727B4, 0xFFFFAD28, 0x28272727, 0xFFFFFFAD, 0x2A282827, 0xFFFFFFAE, 0xAE2A2A28, 0xFFFFFFAE,
    0xAE2B2B2A, 0xFFFFFFAE, 0x2B2B2B2B, 0x2AFFAEAE, 0x2B2B2B2B, 0xFE2AAEAE, 0x2B2B2B2B, 0xFE2AAE2B,
    0xAEAEFFFF, 0x2C2B2B2B, 0xAEFFFFFF, 0x2C2C2BAE, 0x2AFFFFFF, 0x2A2A2A2A, 0xFE2A2AFF, 0xFEFEFEFE,
    0x23FEFE2A, 0x23232323, 0x23FEFEFE, 0x23232323, 0xFE2323FE, 0xFEFEFEFE, 0xFE2323FE, 0xFEFEFEFE,
    0x2C2C2C2C, 0x2D2D2D2C, 0x2D2C2C2C, 0x2D2D2D2D, 0x2D2D2C2A, 0x2E2D2D2D, 0x2D2A2AFE, 0x2E2E2E2D,
    0x2AFEFE23, 0x2E2E2E2E, 0xFEFEFE23, 0x2E2E2E2A, 0xFE2323FE, 0x2E2E2AFE, 0xFE2323FE, 0xA92E2AFE,
    0xBE272E2D, 0xB3B3B3B5, 0x27272E2E, 0xB3B3B4BB, 0x272E2E2E, 0xBBBFC2DD, 0x2E2E2E2E, 0xC1D7D827,
    0xA92E2E2E, 0xBBBE3C27, 0xA9A9A92E, 0xB3383827, 0xA9A9A9A9, 0x383827A9, 0xA9A9A9A9, 0x383827AA,
    0xB3B3B3B3, 0xB3B3B3B3, 0xB3B3B3B3, 0xB3B3B3B3, 0xB3B3B3B3, 0xB3B3B3B3, 0xB3B3B3B7, 0xB3B3B3B3,
    0xB3B3B3B4, 0xB3B3B3B3, 0xB3B3B3B3, 0xB3B3B3B3, 0xB3B3B3B3, 0xB3B3B3B3, 0xB3B3B3B3, 0xB3B3B3B3,
    0xB3B3B3B3, 0xB3B3B3B3, 0xB3B3B3B3, 0xB3B3B3B3, 0xB3B3B3B3, 0xB3B3B3B3, 0xB3B3B3B3, 0xB3B3B3B3,
    0xB3B3B3B3, 0xB3B3B3B3, 0xB3B3B3B3, 0xB3B3B3B3, 0xB3B3B3B3, 0xB3B3B3B3, 0xB3B3B3B3, 0xB3B3B3B3,
    0xB4B4B4B4, 0xB4B4B4B4, 0xB4B4B4B4, 0xB4B4B4B4, 0xB5B5B5B5, 0xB5B5B5B5, 0xBEBBB5B5, 0xB5B5B7BE,
    0xC1C1BEBE, 0xB5B7C1C1, 0xC1C1BEBE, 0xBEC2D8C2, 0xC8C2C1C1, 0xE0E0E0D8, 0xDDDDDDDD, 0xE3E5E2E0,
    0xB4B4B4B4, 0xA0A04AB4, 0xB4B4B4B4, 0xA0A0A04A, 0xB5B5B5B5, 0xA0A0A04A, 0xB5B5B5B5, 0xA0A0A04A,
    0x4AB5B5B5, 0xA0A0A04A, 0x4AB5B5B7, 0x9F9F9F9F, 0x4ABEC2DD, 0x9A9A9A9A, 0x4AC2D8E0, 0x9A9A9A9A,
    0xFFA0A0A0, 0xFFFFFFFF, 0xA0A0A0A0, 0xFFFFFFFF, 0xA0A0A0A0, 0xFFFFFFFF, 0xFFA0A0A0, 0xFFFFFFFF,
    0xFFA0A0A0, 0x2323FFFF, 0xFF9F9F9F, 0x2323FFFF, 0xFF9A9A9A, 0x2323FFFF, 0xFF9A9A9A, 0x2323FFFF,
    0xA0A0FFFF, 0xA0A0A0A0, 0xA0A0FFFF, 0xA0A0A0A0, 0xA0FFFFFF, 0xA0A0A0A0, 0xFFFFFFFF, 0xA0A0A0A0,
    0xFFFF2323, 0xA0A0A0A0, 0xFF232323, 0x9F9F9F9F, 0xFF232323, 0x9A9A9A9A, 0x9AFF2323, 0x9A9A9A9A,
    0xA0A0A0A0, 0xA0A0A0A0, 0xFFFFA0A0, 0xA0FFFFFF, 0xFFFFFFA0, 0xFFFFFFFF, 0xFFFFFFFF, 0xFFFFFFFF,
    0xFFFFFFFF, 0xFF232323, 0x23FFFFFF, 0x23232323, 0x23FFFFFF, 0x23232323, 0xFFFFFF9B, 0x23232323,
    0xA3A2A2A0, 0x324AA3A3, 0xA3A3A0A0, 0x4AA3A3A3, 0xA3A3A1A0, 0x4AA6A3A3, 0xA3A3A1FF, 0x4AA6A6A3,
    0xA3A1A1FF, 0x4AA6A6A6, 0xA6A1A1FF, 0xA6A6A6A6, 0xA6A6A1FF, 0xA8A6A6A6, 0xA6A6A6FF, 0xA8A8A6A6,
    0xB4B4B4B4, 0xB4B4B4B4, 0xB4B4B432, 0xB4B4B4B4, 0xB5B5B532, 0xB5B5B5B5, 0xB5B53232, 0xB5B5B5B5,
    0xB5B5324A, 0xB5B5B5B5, 0xB532324A, 0xB5B5B5B5, 0xB532324A, 0xB5B5B5B5, 0xB532324A, 0xB5B5B5B5,
    0xB4B4B4B4, 0xB4B4B4B4, 0xB4B4B4B4, 0xB4B4B4B4, 0xB5B5B5B5, 0xB5B5B5B5, 0xB5B5B5B5, 0xB5B5B5B5,
    0xB5B5B5B5, 0xB5B5B5B5, 0xB5B5B5B5, 0xB5B5B5B5, 0xB5B5B5B5, 0xBEB5B5B5, 0xB5B5B5B5, 0xBEB5B5B5,
    0xB4B4B4B4, 0xB4B4B4B4, 0xB4B4B4B4, 0xB4B4B4B4, 0xB5B5B5B5, 0xB5B5B5B5, 0xB5B5B5B5, 0xB5B5B5B5,
    0xB5B5B5B5, 0xB5B5B5B5, 0xB5B5B5B5, 0xB5B5B5B5, 0xC1D8D8C2, 0xB5B5B5B7, 0xC2DDDDC2, 0xB5B5B5B7,
    0xB4B4B4B4, 0xB4B4B4B4, 0xB4B4B4B4, 0xB4B4B4B4, 0xB5B5B5B5, 0xB5B5B5B5, 0xB5B5B5B5, 0xB5B5B5B5,
    0xB5B5B5B5, 0xB5B5B5B5, 0xB5B5B5B5, 0xB5B5B5B5, 0xB5B5B5B5, 0xB5B5B5B5, 0xB5B5B5B5, 0xB5B5B5B5,
    0xB4B4B4B4, 0xB4B4B4B4, 0xB4B4B4B4, 0xB4B4B4B4, 0xB5B5B5B5, 0xB5B5B5B5, 0xB5B5B5B5, 0xB5B5B5B5,
    0xB5B5B5B5, 0xB5B5B5B5, 0xB5B5B5B5, 0xB5B5B5B5, 0xB5B5B5B5, 0xB5B5B5B5, 0xB5B5B5B5, 0xB5B5B5B5,
    0xB4B4B4B4, 0xB4B4B4B4, 0xB4B4B4B4, 0xB4B4B4B4, 0xB5B5B5B5, 0xB5B5B5B5, 0xB5B5B5B5, 0xB5B5B5B5,
    0xB5B5B5B5, 0xB5B5B5B5, 0xB5B5B5B5, 0xB5B5B5B5, 0xB5B5B5B5, 0xB5B5B5B5, 0xB5B5B5B5, 0xB5B5B5B5,
    0xB4B4B4B4, 0xB4B4B4B4, 0xB4B4B4B4, 0xB4B4B4B4, 0xB5B5B5B5, 0xB5B5B5B5, 0xB5B5B5B5, 0xB5B5B5B5,
    0xB5B5B5B5, 0xB5B5B5B5, 0xB5B5B5B5, 0xB5B5B5B5, 0xB5B5B5B5, 0xB5B5B5B5, 0xB5B5B5B5, 0xC1BEB8B5,
    0xB4B4B4B4, 0xB4B4B4B4, 0xB4B4B4B4, 0xB4B4B4B4, 0xB7B5B5B5, 0xB5B5B5B5, 0xC1C1B7B5, 0xB5B5B5BE,
    0xBEBEB5B5, 0xB5B5B5BB, 0xBBBBB5B5, 0xBBB7B7B8, 0xBBBBB7B5, 0xE0C2C1BE, 0xD8C2C1C1, 0xF6F6E5DD,
    0xB4B4B4B4, 0xB5B4B4B4, 0xB4B4B4B4, 0xBBB4B4B4, 0xC1BEB7B5, 0xD8C2C2C2, 0xE0D8BEB7, 0xEBEDE2E2,
    0xE0C2BBB5, 0xE8EDEEE2, 0xE5E0D7BE, 0xEFEFF1E5, 0xF4F6F4E5, 0xF7F4F0F0, 0xE0E5F4F7, 0xF7F4E2E0,
    0xDDC2C1BB, 0xF6F6F2E2, 0xE5E2EBC2, 0xF6F6F6F0, 0xF0E5E2DF, 0xF6F6F6F6, 0xF1EEE0E0, 0xF6F6F7F7,
    0xEDE8D8D8, 0xF6F6F7F1, 0xEFEFEFEF, 0xF6F6F7F1, 0xF1F5F7F7, 0xF6F7F5F1, 0xF5F7F7F7, 0xF6F5F1F1,
    0xF6F6F6F7, 0xF6F6F4DC, 0xF6F6F6F7, 0xF6F6DCDC, 0xF4F6F6F6, 0xF6F6F6DC, 0xF4F6F6F6, 0xF6F6F6F4,
    0xF6F6F6F7, 0xF6F6F6F6, 0xF6F6F6F6, 0xF6F6F6F6, 0xF6F6F6F4, 0xF6F6F6F6, 0xF7F6F4DC, 0xF4F1F5F7,
    0xF6F6F6F6, 0xE2F6F6DC, 0xF6F6F6F6, 0xF6F6F6F6, 0xF6F6F6F6, 0xF6F6F6F6, 0xF7F7F7F7, 0xF6F6F7F7,
    0xF7F7F7F6, 0xF2F6F6F7, 0xF7F7F7F6, 0xDDE5F4F7, 0xF4F6F6F6, 0xBBC1DDE3, 0xE2F4F6F6, 0xB5B5B7C2,
    0xB4B4BBD7, 0xB4B4B4B4, 0xB4B4C1E2, 0xB4B4B4B4, 0xB5B5C2E5, 0xB5B5B5B5, 0xB5B5C2E5, 0xB5B5B5B5,
    0xB5B5BBDD, 0xB5B5B5B5, 0xB5B5B5BE, 0xB5B5B5B5, 0xB5B5B5B5, 0xB5B5B5B5, 0xB5B5B5B5, 0xB5B5B5B5,
    0xB4B4B4B4, 0xB4B4B4B4, 0xB4B4B4B4, 0xB4B4B4B4, 0xB5B5B5B5, 0xB5B5B5B5, 0xB5B5B5B5, 0xB5B5B5B5,
    0xB5B5B5B5, 0xB5B5B5B5, 0xB5B5B5B5, 0xB5B5B5B5, 0xB5B5B5B5, 0xB5B5B5B5, 0xB5B5B5B5, 0xB5B5B5B5,
    0xB4B4B4B4, 0xB4B4B4B4, 0xB4B4B4B4, 0xB4B4B4B4, 0xB5B5B5B5, 0xB5B5B5B5, 0xB5B5B5B5, 0xB5B5B5B5,
    0xB5B5B5B5, 0xB5B5B5B5, 0xB5B5B5B5, 0xB5B5B5B5, 0xB5B5B5B5, 0xB5B5B5B5, 0xB5B5B5B5, 0xB5B5B5B5,
    0xB4B4B4B4, 0xB4B4B4B4, 0xB4B4B4B4, 0xB4B4B4B4, 0xB5B5B5B5, 0xB5B5B5B5, 0xB5B5B5B5, 0xB5B5B5B5,
    0xB5B5B5B5, 0xB5B5B5B5, 0xB5B5B5B5, 0xB5B5B5B5, 0xB5B5B5B5, 0xB5B5B5B5, 0xB5B5B5B5, 0xB5B5B5B5,
    0xB4B4B4B4, 0xB4B4B4B4, 0xB4B4B4B4, 0xB4B4B4B4, 0xB5B5B5B5, 0xB5B5B5B5, 0xB5B5B5B5, 0xB5B5B5B5,
    0xB5B5B5B5, 0xB5B5B5B5, 0xB5B5B5B5, 0xB5B5B5B5, 0xB5B5B5B5, 0xB5B5B5B5, 0xB5B5B5B5, 0xB5B5B5B5,
    0xB4B4B4B4, 0x2B27B4B4, 0xB4B4B4B4, 0x2B27B4B4, 0xB5B5B5B5, 0x2B27B5B5, 0xB5B5B5B5, 0x2B27B5B5,
    0xB5B5B5B5, 0x2C27B5B5, 0xB5B5B5B5, 0x2C27B5B5, 0xB5B5B5B5, 0x27B5B5B5, 0xB5B5B5B5, 0x27B5B5B5,
    0x2B2B2B2B, 0xFE2A2C2C, 0x2C2B2B2B, 0xFEFE2A2C, 0x2C2C2B2B, 0xFEFE2A2C, 0x2C2C2C2C, 0xFEFE2A2C,
    0x2C2C2C2C, 0xFEFE2A2C, 0x2D2C2C2C, 0xFE2A2D2D, 0x2D2D2C2C, 0xFE2A2D2D, 0x2D2D2D2C, 0x2A2E2E2D,
    0xFE2323FE, 0xFEFEFEFE, 0xFE2323FE, 0xFEFEFEFE, 0x23FEFEFE, 0x23232323, 0x23FEFEFE, 0x23232323,
    0xFE2323FE, 0xFEFEFEFE, 0xFE2323FE, 0xFEFEFEFE, 0xFE2323FE, 0xFEFEFEFE, 0xFE2323FE, 0xFEFEFEFE,
    0xFE2323FE, 0xA9A92AFE, 0xFE2323FE, 0xA92AFEFE, 0xFEFEFE23, 0xA92AFEFE, 0xFEFEFE23, 0xAA2AFEFE,
    0xFE2323FE, 0xAA2AFEFE, 0xFE2323FE, 0xAAAA2AFE, 0xFE2323FE, 0xAAAA2AFE, 0xFE2323FE, 0xABAAAA2A,
    0xAAA9A9A9, 0x383827AA, 0xAAAAA9A9, 0x383827AA, 0xAAAAAAAA, 0x383827AA, 0xAAAAAAAA, 0x383827AA,
    0xABAAAAAA, 0x3A3A27AB, 0xABABAAAA, 0x3A3A27AB, 0xACABABAA, 0x3A3A3A27, 0xACACABAB, 0x3A3A3A27,
    0xB4B4B438, 0xB4B4B4B4, 0xB4B4B438, 0xB4B4B4B4, 0xB5B5B538, 0xB5B5B5B5, 0xB5B53838, 0xB5B5B5B5,
    0xB5B53A3A, 0xB5B5B5B5, 0xB5B53A3A, 0xB5B5B5B5, 0xB5B53A3A, 0xB5B5B5B5, 0xB5B53A3A, 0xB5B5B5B5,
    0xB4B4B4B4, 0xB4B4B4B4, 0xB4B4B4B4, 0xB4B4B4B4, 0xB5B5B5B5, 0xB5B5B5B5, 0xB5B5B5B5, 0xB5B5B5B5,
    0xB5B5B5B5, 0xB7B5B5B5, 0xB5B5B5B5, 0xB5B5B5B5, 0xB5B5B5B5, 0xB5B5B5B5, 0xB7B5B5B5, 0xB5B5B5B8,
    0xE2E2E2E2, 0xF0F0F0E5, 0xF0F0F0F0, 0xF6F6F4F0, 0xE2E4F0F0, 0xF4F1E5E2, 0xDDDDE0E0, 0xE5E2E0DD,
    0xC2D8D8DD, 0xC2C2C1C2, 0xC1C2C8D8, 0xB8BBBEBF, 0xBFC2D8DD, 0xBABABAB8, 0xC8DDE0E2, 0xBABCBFC1,
    0x4ADDE0E3, 0x9A9A9A9A, 0x4AE5F0F4, 0x9A9A9A9A, 0x4AE5F0F4, 0x99999999, 0x4ADFE3E5, 0x9999994A,
    0xB8BBBFC1, 0x9999994A, 0xB8B8B8B8, 0x9494944A, 0xBABABABA, 0x9494944A, 0xBABABABA, 0x94944ABA,
    0x9A9A9A9A, 0xFFFFFFFF, 0x9A9A9A9A, 0xFFFF9A9A, 0x9F9F9F99, 0x99999999, 0x9F9F9F9F, 0x9999999F,
    0x9F9F9F9F, 0x9999999F, 0x9F9F9F94, 0x94949494, 0x94949494, 0x94949494, 0x94949494, 0x94949494,
    0x9A9AFF23, 0x9B9A9A9A, 0x9A9A9AFF, 0x9B9B9A9A, 0x9A999999, 0x9B9B9B9A, 0x9A9A9999, 0x9B9B9B9B,
    0x9B9A9999, 0x9B9B9B9B, 0x9B9B2399, 0x9B9B9B9B, 0x9B239B99, 0x9B9B9B9B, 0x9B9B9B95, 0x9B9B9B9B,
    0xFFFFA09B, 0xFFFF23FF, 0xFFA0A09B, 0xA6A1FFFF, 0xA1A19B9B, 0xA6A6A1A1, 0xA1A19B9B, 0x9FA6A6A1,
    0xA19B9B9B, 0x9FA6A6A6, 0xA6239B9B, 0xA6A6A6A6, 0x9E9B239B, 0xA8A6A6A6, 0x9E9E9B9B, 0xA8A6A6A6,
    0xA6A6A6A6, 0xA8A8A8A6, 0xA6A6A6A6, 0xA8A8A8A8, 0xA89F9F9F, 0xA8A8A8A8, 0x9F9F9F9F, 0x4AA8A8A8,
    0x9F9F9F9F, 0x4AA8A8A8, 0xA89F9F9F, 0x4AA8A8A8, 0xA8A8A8A8, 0x4AA8A8A8, 0xA8A8A8A8, 0x334AA8A8,
    0x3232324A, 0xB5B5B5B5, 0x3232324A, 0xB5B5B5B5, 0x3232324A, 0xB5B5B5B5, 0x3232324A, 0xB7B7B7B7,
    0x32323232, 0xB7B7B7B7, 0x32323232, 0xB8B8B8B8, 0x33333333, 0xBABAB8BA, 0x33333333, 0xBABABABA,
    0xB5B5B5B5, 0xBBB5B5B5, 0xB5B5B5B5, 0xD8C2BFB8, 0xBFBBB5B5, 0xE2E2EBC9, 0xC1C1BEB7, 0xE5EDE8C8,
    0xC8C1BEB8, 0xEDEBE8C9, 0xC1BFBBB8, 0xC4C6C6C6, 0xBBBBBABA, 0xBABABABA, 0xBFBFBCBA, 0xBCBABABB,
    0xC1D8D8C2, 0xB5B5B5B7, 0xC1C2D8D8, 0xB5B5B7BE, 0xC1C8DDE2, 0xB5B5B8BF, 0xC2DDE2E5, 0xB7B7B8BE,
    0xC1C2E8EB, 0xBEBFBFBF, 0xBFBEBEC4, 0xE0DDD8C1, 0xC4BCBABA, 0xF0E5E0D8, 0xEBE8C8C4, 0xF6F4F0E2,
    0xB5B5B5B5, 0xB5B5B5B5, 0xB5B5B5B5, 0xB7B5B5B5, 0xB5B5B5B5, 0xC2BBB5B5, 0xB7B7B7B7, 0xE2E0C2BB,
    0xBFB8B8BB, 0xF4F2E2D8, 0xD8C8D8DF, 0xF4F4F2E2, 0xE0E0E2F0, 0xF4F4F4E5, 0xE2E3F0F6, 0xF4F4F4E5,
    0xB5B5B5B5, 0xB5B5B5B5, 0xB5B8BEBE, 0xB5B5B5B5, 0xBFC2D8D8, 0xB8B7B5B8, 0xDFE0E0E2, 0xE0DDDDDD,
    0xF5F4F4F4, 0xF0F0E5F1, 0xF7F6F4F4, 0xF4F4F6F6, 0xF4F4F4F4, 0xF4F4F4F4, 0xF2F2F4F4, 0xF4F4F4F4,
    0xB5B5B5B5, 0xB5B5B5B5, 0xB5B5B5B5, 0xBBB7B5B5, 0xBBB7B8B8, 0xC2C2C1BE, 0xE0E0E0E2, 0xE0EFEFE2,
    0xE5E5F0F0, 0xDFE0E3E3, 0xF0F4F4F4, 0xD8DFE2E5, 0xF6F6F4F4, 0xDDE5F4F6, 0xF6F4F4F4, 0xE4F4F4F6,
    0xB7B5B5B5, 0xE0DDC9BE, 0xC8C2C1BE, 0xF4F0EEE8, 0xDDD8C8C2, 0xF6F6F0E2, 0xDDC2C2D8, 0xF4F4F6E3,
    0xC8C1C1C8, 0xDCF4E5DF, 0xBEBBBFC1, 0xF2E4DDC1, 0xBBBBBFC2, 0xF0E0D8C1, 0xBFBEC1D8, 0xE5E0D8C1,
    0xF0E5E5E3, 0xF7F6F6F4, 0xF4F4F6F6, 0xF7F6F6F4, 0xF6F6F6F6, 0xF6F6F6F6, 0xF6F6F4F4, 0xF6F6F6F6,
    0xF7F6F4DC, 0xF4F6F6F7, 0xF7F6F4F2, 0xF4F4F6F7, 0xF6F6F4F4, 0xF4F4F6F6, 0xF6F6F6F4, 0xF0F4F4F6,
    0xC2E0F1F7, 0xF5E0D8C2, 0xC1DDF0F7, 0xE0DDC2C1, 0xD8E0F7F7, 0xD8C8C8C8, 0xE2F4F6F6, 0xD8D8DFED,
    0xF7F7F6F4, 0xE0E2F0F5, 0xF7F6F6F4, 0xE5F4F6F6, 0xF6F6F6F6, 0xF0F4F6F6, 0xF4F4F0E5, 0xDDE2F0F4,
    0xEFF6F7F7, 0xE5E2EDEE, 0xC2D8EDEE, 0xE2E0D8C1, 0xBFC1C2C8, 0xE0D8C1BE, 0xC1D8D8D8, 0xC1BBB8BB,
    0xC2D8DDE0, 0xB7B7B8BE, 0xC8DDE0E2, 0xB8B8B8BF, 0xC1C8D8E0, 0xBABABABB, 0xBABCBFC2, 0xBABABABA,
    0xF7F6F4DC, 0xE0DDEDF1, 0xE5F0F0F0, 0xD8D8E8ED, 0xDDE2E5E5, 0xBBBEC1C8, 0xB7BBC1C2, 0xB7B7B7B7,
    0xB7B7B7B7, 0xB7B7B7B7, 0xB8B8B8B8, 0xB8B8B8B8, 0xBABABABA, 0xBABABABA, 0xBABABABA, 0xBABABABA,
    0xDDE5F0E5, 0xB5B5B5BE, 0xBFD8DDDD, 0xB5B5B5B8, 0xB5B5B8BB, 0xB5B5B5B5, 0xB7B7B7B7, 0xB7B7B7B7,
    0xB7B7B7B7, 0xB7B7B7B7, 0xB8B8B8B8, 0xB8B8B8B8, 0xBABABABA, 0xBABABABA, 0xBABABABA, 0xBABABABA,
    0xB5B5B5B5, 0xB5B5B5B5, 0xB5B5B5B5, 0xB5B5B5B5, 0xB5B5B5B5, 0xB5B5B5B5, 0xB7B7B7B7, 0xB7B7B7B7,
    0xB7B7B7B7, 0xB7B7B7B7, 0xB8B8B8B8, 0xB8B8B8B8, 0xBABABABA, 0xBABABABA, 0xBABABABA, 0xBABABABA,
    0xB5B5B5B5, 0xB5B5B5B5, 0xB5B5B5B5, 0xB5B5B5B5, 0xB5B5B5B5, 0xB5B5B5B5, 0xB7B7B7B7, 0xB7B7B7B7,
    0xB7B7B7B7, 0xB7B7B7B7, 0xB8B8B8B8, 0xB8B8B8B8, 0xBABABABA, 0xBABABABA, 0xBABABABA, 0xBABABABA,
    0xB5B5B5B5, 0xB5B5B5B5, 0xB5B5B5B5, 0xB5B5B5B5, 0xB5B5B5B5, 0xB5B5B5B5, 0xB7B7B7B7, 0xB7B7B7B7,
    0xB7B7B7B7, 0xB7B7B7B7, 0xB8B8B8B8, 0xB8B8B8B8, 0xBABABABA, 0xBABABABA, 0xBABABABA, 0xBABABABA,
    0xB5B5B5B5, 0xB5B5B5B5, 0xB5B5B5B5, 0xB5B5B5B5, 0xB5B5B5B5, 0xB5B5B5B5, 0xB7B7B7B7, 0xB7B7B7B7,
    0xB7B7B7B7, 0xB7B7B7B7, 0xB8B8B8B8, 0xB8B8B8B8, 0xBABABABA, 0xBABABABA, 0xBABABABA, 0xBABABABA,
    0xB5B5B5B5, 0xB5B5B5B5, 0xB5B5B5B5, 0xB5B5B5B5, 0xB5B5B5B5, 0xB5B5B5B5, 0xB7B7B7B7, 0xB7B7B7B7,
    0xB7B7B7B7, 0xB7B7B7B7, 0xB8B8B8B8, 0xB8B8B8B8, 0xBABABABA, 0xBABABABA, 0xBABABABA, 0xBABABABA,
    0xB5B5B5B5, 0x27B5B5B5, 0xB5B5B5B5, 0xB5B5B5B5, 0xB5B5B5B5, 0xB5B5B5B5, 0xB7B7B7B7, 0xB7B7B7B7,
    0xB7B7B7B7, 0xB7B7B7B7, 0xB8B8B8B8, 0xB8B8B8B8, 0xBABABABA, 0xBABABABA, 0xBABABABA, 0xBABABABA,
    0x2D2D2D2D, 0x2A2E2E2E, 0x2E2D2D27, 0x2E2E2E2E, 0x2E2E2727, 0x2E2E2E2E, 0x2E2E27B7, 0xA92E2E2E,
    0x2E27B7B7, 0xA9A9A92E, 0x27B8B8B8, 0xA9A9A9A9, 0xBABABABA, 0xA9A92727, 0xBABABABA, 0xAA2727BA,
    0x23FEFE2A, 0x23232323, 0x23FE2A2A, 0x23232323, 0x2A2AA9A9, 0x2AFEFE2A, 0xA9A9A9A9, 0xAA2A2AAA,
    0xAAA9A9A9, 0xAAAAAAAA, 0xAAAAA9A9, 0xABAAAAAA, 0xAAAAAAAA, 0xABABAAAA, 0xAAAAAAAA, 0xACABABAA,
    0x2AFEFE23, 0xABABAA2A, 0x2A2AFE23, 0xACABABAA, 0xABAA2A2A, 0xACACABAB, 0xABABAAAA, 0xACACACAB,
    0xACABABAA, 0xADACACAC, 0xACACABAB, 0xADADACAC, 0xACACACAB, 0x2727ADAD, 0xADACACAC, 0x4E2727AD,
    0xACACACAB, 0x3A3A3A27, 0x27ACACAC, 0x3A3A3A3A, 0x2727ACAC, 0x3A3A3A3A, 0x3A27ADAD, 0x4E3D3C3A,
    0x3C3A27AD, 0x3D3D3D3D, 0x4E4E4E27, 0x3C3C3D4E, 0x4F4F4F4F, 0x3D3D4E4F, 0x86868685, 0xC13D4E85,
    0xB5B53A3A, 0xB5B5B5B5, 0xB8B73A3A, 0xBBBBB8B7, 0xC1C13C3A, 0xD8C2C2C2, 0xE0E0DF4E, 0xC2D8DDE0,
    0xC2C8C84E, 0xC8C2C1C2, 0xBFC1C13C, 0xD8C1BEBB, 0xD8D8C8C2, 0xD8C8C2D8, 0xDDD8C8C2, 0xE0D8D8D8,
    0xC2BEB7B5, 0xB5B5BBC1, 0xE2DDC2BE, 0xB7BED8E0, 0xF0E2DDD8, 0xC2DDE2F0, 0xF4E5DDC2, 0xDDE2F0F4,
    0xF0EFEDE8, 0xE0E5F0F0, 0xF0F0EFED, 0xF0F2F4F0, 0xF4F6F1E2, 0xF4F4F6F6, 0xF4F4F4F0, 0xF4F4F6F6,
    0xE5E5E4E2, 0xBCC8E0E5, 0xF0E5E2E2, 0xC1DFF0F4, 0xF4F0E4D9, 0xC8E2F0F4, 0xF4F2DCDC, 0xE2F4F4F4,
    0xF4F4F2DB, 0xF0F4F4F4, 0xF4F4F2DC, 0xF4F4F4F2, 0xF2F2F4F4, 0xF4F2F2F2, 0xF2F2F2F4, 0xF2F2F2F2,
    0xBABABABA, 0x94944ABA, 0xBABABABA, 0x944ABABA, 0xBFBCBAC4, 0x4A4ABFBF, 0xC8C1C8D8, 0x4ADDD8D8,
    0xE0DDDDE0, 0xF2F0F0E2, 0xE5E0E0E3, 0xF2F4F2F2, 0xF0E2E2F0, 0xF2F4F4F4, 0xF0E5F0F2, 0xF4F4F4F4,
    0x94949494, 0x94949494, 0x94949494, 0x95949494, 0x94949494, 0x95949494, 0x94949494, 0x95959494,
    0x9494944A, 0x95959494, 0x94944AF2, 0x96959494, 0x4A4A4BF2, 0x96969594, 0x4A4BF4F4, 0x9696964A,
    0x239B9B95, 0x23239B23, 0x9B9B9B95, 0x9B9B9B9B, 0x9B9B9595, 0x9E9B9B9B, 0x9B969695, 0x9E9E9B9B,
    0x9B969696, 0x9E9E9B9B, 0x96969696, 0x9E9E9E9B, 0x96969696, 0x9E9E9E9B, 0x96969696, 0x9E9E9E97,
    0x9E9E9E23, 0xA8A6A69E, 0x9E9E9E9E, 0xA8A8A69E, 0x9E9E9E9E, 0xA8A89E9E, 0x9E9E9E9E, 0xA89E9E9E,
    0x9E9E9E9E, 0xA89E9E9E, 0x9E9E9E9E, 0x9E9E9E9E, 0x9E9E9E9E, 0x9E9E9E9E, 0x9E9E9E9E, 0x4A9E9E9E,
    0xA8A8A8A8, 0x334AA8A8, 0xA8A8A8A8, 0x33334AA8, 0xA8A8A8A8, 0x33334A4A, 0xA8A8A8A8, 0x3333334A,
    0x4AA8A8A8, 0x33333333, 0x334AA8A8, 0x33333333, 0x33334A4A, 0x33333333, 0x3333334A, 0x33333333,
    0xBA333333, 0xBABABABA, 0xBA333333, 0xBABABABA, 0xBA333333, 0xBABABABA, 0xBABA3333, 0xBABABABA,
    0xBABA3333, 0xBABABABA, 0xBABABA33, 0xBABABABA, 0xBCBCBC33, 0xBCBCBCBC, 0xBCBCBCBC, 0x24BCBCBC,
    0xD8C8C4BC, 0xEFDDDDDD, 0xE0DFE8C4, 0xF0E2E0E0, 0xE0E0D8C4, 0xE5E2E0E0, 0xC8C1C3BA, 0xE5E0DDD8,
    0xC8C3BABA, 0xF4F4E5DF, 0xDDC4BABA, 0xF4F4F2F0, 0x242424BC, 0xF4242424, 0x25252524, 0x244B4B49,
    0xF6F6F4F1, 0xF7F7F5F5, 0xF6F6F6F5, 0xEFEFEFF1, 0xF0F6F7F4, 0xEDEBE0E3, 0xF4F4F7F4, 0xEEE2E3E5,
    0xF5F7F7F4, 0xDFE0E2F0, 0xF0F5F7F4, 0xC9C9DFE3, 0xE5F4F5F4, 0xBCC3C9E0, 0xDFE5F524, 0xBCBCBCC8,
    0xF0F6F7F7, 0xF4F0E4E5, 0xF4F4F7F1, 0xF0F2F2F2, 0xF4F4F4EF, 0xE5F4F2F2, 0xF2F4F4E3, 0xE3F4F2F2,
    0xF2F4F0E0, 0xE0E5F2F2, 0xF2F2E5DF, 0xE8D8E0F0, 0xE2DFC8C4, 0xE8D8DFE0, 0xC8C4BCBC, 0xC9D8D8D8,
    0xDCF2F4F4, 0xF4F4F4F4, 0xDCF2F4F0, 0xF4F4F4F2, 0xE2E0E0E0, 0xF4F4F2DA, 0xDDDDEBED, 0xF4F4E5E0,
    0xDDD8E8EB, 0xF4F4D9E0, 0xE2E0EBE8, 0xF4F4DBDB, 0xE5E0DDE8, 0xF4F2F2F2, 0xF0E0D8C9, 0xF2F2F2DC,
    0xF4F4F4F4, 0xF2F4F4F4, 0xF4F4F4F4, 0xF0F4F4F4, 0xF4F4F4F4, 0xE5F4F4F4, 0xF4F4F4F6, 0xE5F4F4F4,
    0xF4F4F4F6, 0xE5F2F2F2, 0xF2F4F4F4, 0xE5F2F2F2, 0xF2F4F4F4, 0xE2F0F2F2, 0xF2F2F2F2, 0xE2E4F0F2,
    0xBFBBC1DF, 0xE5E5E0C8, 0xC1BBC1DD, 0xF4F0E4DD, 0xC1BFC1DD, 0xF4F4F0DD, 0xC1C1C8DF, 0xF0E5E2D8,
    0xC8C8D8E0, 0xE2E0DFD8, 0xC9C9D8E0, 0xE0DFDDD8, 0xC9C8D8DF, 0xDFD8D8C8, 0xD8D8DFE0, 0xDFD8D8C8,
    0xF4F0F0E5, 0xE2F0F4F4, 0xF4F4F4F4, 0xE5F4F4F4, 0xF2F2F4F4, 0xF0F2F2F2, 0xDCF0F0F0, 0xE0E4DBDC,
    0xE5E5E2E2, 0xD8E0E2E4, 0xE2E2E0E0, 0xC8DFE2E4, 0xE5E3E2E0, 0xC8DFE3E5, 0xE5E3E2E0, 0xD8E0E5E5,
    0xD8DDDFE0, 0xBCBBC1C8, 0xC8D8E0E2, 0xBABABCC4, 0xC6D8E0E5, 0xBABABABC, 0xBABCC1D8, 0xBABABABA,
    0xBABABAC1, 0xBABABABA, 0xBABABAC4, 0xBABABABA, 0xBCBCBCC3, 0xBCBCBCBC, 0xBCBCBCC4, 0xBCBCBCBC,
    0xBABABABA, 0xBABABABA, 0xBABABABA, 0xBABABABA, 0xBABABABA, 0xBABABABA, 0xBABABABA, 0xBABABABA,
    0xBABABABA, 0xBABABABA, 0xBABABABA, 0xBABABABA, 0xBCBCBCBC, 0xBCBCBCBC, 0xBCBCBCBC, 0xBCBCBCBC,
    0xBABABABA, 0xBABABABA, 0xBABABABA, 0xBABABABA, 0xBABABABA, 0xBABABABA, 0xBABABABA, 0xBABABABA,
    0xBABABABA, 0xBABABABA, 0xBABABABA, 0xBABABABA, 0xBCBCBCBC, 0xC4C4BCBC, 0xBCBCBCBC, 0xC1C6C4BC,
    0xBABABABA, 0xBABABABA, 0xBABABABA, 0xBABABABA, 0xBABABABA, 0xBABABABA, 0xBABABABA, 0xBABABABA,
    0xBABABABA, 0xBABABABA, 0xBABABABA, 0xBABABABA, 0xBCBCBCBC, 0xBCBCBCBC, 0xBCBCBCC4, 0xBCBCBCBC,
    0xBABABABA, 0xBABABABA, 0xBABABABA, 0xBABABABA, 0xBABABABA, 0xBABABABA, 0xBABABABA, 0xBCC3BCBA,
    0xC1C3BABA, 0xE2E2E0D8, 0xE0C8BFBA, 0xF2F4F4E5, 0xD8C4BCBC, 0xF2F4F0E2, 0xC4BCBCBC, 0xE5E0DFC9,
    0xBABABABA, 0xBABABABA, 0xBABABABA, 0xBABABABA, 0xBABABABA, 0xBABABABA, 0xBABABABA, 0xBABABABA,
    0xBAC3C8DF, 0xBABABABA, 0xC9DFE5F2, 0xBABAC4C6, 0xE5F0F2F2, 0xC6E8EBEF, 0xF0F0F0F0, 0xC9EBEFEF,
    0xBABABABA, 0xBABABABA, 0xBABABABA, 0xBABABABA, 0xBABABABA, 0xBABABABA, 0xBABABABA, 0xBABABABA,
    0xBABABABA, 0xBABABABA, 0xBABABABA, 0xBABABABA, 0xBCBCBCC3, 0xBCBCBCBC, 0xC3C3C3C4, 0xBCBCBCBC,
    0xBABABABA, 0xBABABABA, 0xBABABABA, 0xBABABABA, 0xBABABABA, 0xBABABABA, 0xBABABABA, 0xBABABABA,
    0xBABABABA, 0xBABABABA, 0xBABABABA, 0xBABABABA, 0xBCBCBCBC, 0xBCBCBCBC, 0xBCBCBCBC, 0xBCBCBCBC,
    0xBABABABA, 0xBABABABA, 0xBABABABA, 0xBABABABA, 0xBABABABA, 0xBABABABA, 0xBABABABA, 0xBABABABA,
    0xBABABABA, 0x22BABABA, 0xBABABABA, 0x402222BA, 0xBCBCBCBC, 0x45402622, 0x22BCBCBC, 0xCCFFCC26,
    0xBABABABA, 0xBABABABA, 0xBABABABA, 0xBABABABA, 0xBABABABA, 0xBABABABA, 0xBABABABA, 0xBABABABA,
    0x22222222, 0xBABABA22, 0x45454545, 0xBA222247, 0x47454545, 0x22474747, 0x474745CC, 0x5A5A4747,
    0xBABABABA, 0x273B3BBA, 0xBABABABA, 0x3B3BBABA, 0xBABABABA, 0x3BBABABA, 0xBABABABA, 0xBABABABA,
    0xBABABABA, 0xBABABABA, 0xBABABABA, 0xBABABABA, 0xBCBCBCBC, 0xBCBCBCBC, 0xBCBCBC22, 0xBCBCBCBC,
    0xABAA2727, 0xACACABAB, 0x27273B3B, 0x27272727, 0x3B3B3B3B, 0x3B3B3B3B, 0x3B3B3B3B, 0x3B3B3B3B,
    0x3B3BBABA, 0x3B3B3B3B, 0xBABABABA, 0x3B3B3B3B, 0xBCBCBCBC, 0x3CBCBCBC, 0xBCBCBCBC, 0xBCBCBCBC,
    0x2727ACAC, 0x4E3D3D27, 0x3B3B2727, 0x3B3B3B3B, 0x3B3B3B3B, 0x3B3B3B3B, 0x3B3B3B3B, 0x3B3B3B3B,
    0x3B3B3B3B, 0x3B3B3B3B, 0x3B3B3B3B, 0x3B3B3B3B, 0x3C3C3C3C, 0xBCBCBC3C, 0xBCBCBCBC, 0xBCBCBCBC,
    0x4F4F4E4E, 0xC84E4E4E, 0x3D3D3C3B, 0xBCC43D3D, 0x3B3B3B3B, 0xBABABA3B, 0x3B3B3B3B, 0xBABABABA,
    0xBABA3B3B, 0xBABABABA, 0xBABABABA, 0x292929BA, 0x29BCBCBC, 0x2F292929, 0x2929BCBC, 0x2F2F2929,
    0xC6C2C8C8, 0xE0D8C8C1, 0xC4BCBCBC, 0xE0D8C1C4, 0xBCBABABA, 0xE2DDC8BF, 0xBABABABA, 0xE2DDC8BF,
    0xBABABABA, 0xDFD8C1C4, 0xC6292929, 0xDFD8D8C8, 0x292F2F2F, 0xE0DDD829, 0x35302F2F, 0xE2E02935,
    0xF6F4F4F0, 0xF0F4F4F4, 0xF4F4F4F0, 0xE0F0F4F4, 0xF4F4F2F0, 0xE0F0F4F4, 0xF4F4F4F0, 0xD8E2F4F4,
    0xF4F4F0E3, 0xDDE2F0F4, 0xE5E5E5E2, 0xE0E0E0EE, 0xE0E2E2E2, 0xDFDFEBEB, 0xE2E5E5E5, 0xE2E0E0DF,
    0xF2DBF2F4, 0xF2F2F2F2, 0xDBDBF2F4, 0xF4F2F2F0, 0xDBF0F2F2, 0xF4F2F2DB, 0xF0F0F0F0, 0xF4F2F2F0,
    0xF0F0DBDB, 0xF4F2F2F0, 0xF0F0DBDB, 0xF4F2F0F0, 0xF0DBF0F2, 0xF2F0F0F0, 0xDBF0F0F2, 0xF4F0DBDB,
    0xF0F0F2F2, 0xF4F4F4F2, 0xF2F4F4F4, 0xF4F4F4F2, 0xF4F4F4F4, 0xF4F4F4F2, 0xF4F4F4F4, 0xE3E5F0F4,
    0xF4F4F4F4, 0xE9EBEFF1, 0xF4F4F4F4, 0xEDEDEDF0, 0xF4F5F4F4, 0xEDE0E0E5, 0xF1F4F4F4, 0xE9DFEDEF,
    0x4BF0F0F4, 0x964A4A4B, 0xE5E3E5F4, 0x4A344B4B, 0xE8EDE5F4, 0x333334C9, 0xC7E8EBED, 0x3333C4C4,
    0xC4C4C7C9, 0xC3C3C3C4, 0xC7C9E9EB, 0xC3C4C4C4, 0xC9E9EDED, 0xC3C4C4C7, 0xC9E8E9E9, 0xC3C4C7C9,
    0x96969696, 0x9E9E9797, 0x964A4A4A, 0x9E9E9797, 0x4A4A3333, 0x4A4A4A4A, 0x33333333, 0x33333333,
    0x33333333, 0x33333333, 0x3333C3C3, 0x33333333, 0xC3C3C3C3, 0x333333C3, 0xC3C3C3C3, 0xC3C3C3C3,
    0x9E9E9E9E, 0x334A4A9E, 0x4A4A4A9E, 0x3333334A, 0x33334A4A, 0x33333333, 0x33333333, 0x33333333,
    0x33333333, 0x33333333, 0x33333333, 0x33333333, 0x33333333, 0xC3C3C333, 0xC3C3C3C3, 0xC3C3C3C3,
    0x33333333, 0xC3333333, 0x33333333, 0xC3C33333, 0x33333333, 0xC3C3C333, 0x33333333, 0xC3C3C3C3,
    0xC3C33333, 0xC3C3C3C3, 0xC3C3C3C3, 0xC3C3C3C3, 0xC3C3C3C3, 0xC3C3C3C3, 0xC3C3C3C3, 0xC3C3C3C3,
    0xC3C3C3C3, 0x2524C3C3, 0xC3C3C3C3, 0x922524C3, 0xC3C3C3C3, 0xFF922524, 0xC3C3C3C3, 0xFF922524,
    0x24C3C3C3, 0xFF922525, 0x24C3C3C3, 0x254B4B49, 0x24C3C3C3, 0x254C4C4B, 0x24C3C3C3, 0x254C4C4C,
    0x49252525, 0x4C4C4C4B, 0x4B9292FF, 0x4D4C4C4C, 0xCE92FFFF, 0x4D4D4D4C, 0x252525FF, 0x8F252525,
    0xFEFEFE25, 0x25FEFEFE, 0x23FEFE25, 0x25FE23FE, 0x23FEFEFE, 0xFEFE23FE, 0x23FEFEFE, 0xFEFE2323,
    0xC3C8244D, 0xC3C3C3C3, 0xC3248F4D, 0xC3C3C3C3, 0x248F8F8F, 0xC3C3C3C3, 0x248F8F8F, 0xC3C3C36A,
    0x8F8F8F8F, 0xC3C36A24, 0x8F8F8F25, 0xC3C36A24, 0x918F8F25, 0xC36A6A24, 0x91918F25, 0xC36A6A24,
    0xC3C3C3C3, 0xC4C3C3C3, 0xC3C3C3C3, 0xC3C3C3C3, 0xC3C3C3C3, 0xC3C3C3C3, 0xC3C3C3C3, 0xC3C3C3C3,
    0xC3C3C3C3, 0xC3C3C3C3, 0xC3C3C3C3, 0xC3C3C3C3, 0xC3C3C3C3, 0xC3C3C3C3, 0xC3C3C3C3, 0xC3C3C3C3,
    0xDBE2DFC9, 0xDBDBF2DB, 0xE2DDC7C3, 0xDBF0F2F2, 0xC9C4C3C3, 0xF0E5E2DF, 0xC3C3C3C3, 0xE2D8C4C3,
    0xC3C3C3C3, 0xD8C3C3C3, 0xC3C3C3C3, 0xC7C3C3C3, 0xC3C3C3C3, 0xC9C4C3C3, 0xC7C3C3C3, 0xE0DDC8C9,
    0xF2F2DCDC, 0xF0F0F4F4, 0xF2F2F0DB, 0xF2F2F4F4, 0xF4F2F2DB, 0xF4F2F2F2, 0xF4F2F2F0, 0xF4F4F2F4,
    0xF0F0F0E3, 0xF0EFEFE5, 0xEBDFDFD8, 0xE5EDEBEB, 0xE9DFDFD8, 0xE5DFE8E8, 0xE5F0DBE5, 0xE5E5E2E2,
    0xE5F0F2F0, 0xEDEDE0E0, 0xF2F2F2F2, 0xE0E2E3E5, 0xF2F2F4F4, 0xE2E5F0F2, 0xF2F2F4F4, 0xE0E2E5F0,
    0xF2F4F4F4, 0xDFE2E5F0, 0xF2F4F4F4, 0xE2F0F0F0, 0xF4F4F4F4, 0xE5F2F2F2, 0xF4F4F0F0, 0xE5F0F4F4,
    0xE2E0E0E0, 0xC9E0E3E3, 0xE0DFDFE0, 0xE8DFE0E0, 0xE8D8DFE0, 0xE8E8E8E8, 0xC7C9D8DF, 0xC9C7C7C7,
    0xC3C4C6D8, 0xC4C3C3C3, 0xC3C4C7DD, 0xC7C4C3C3, 0xC7E8DFE0, 0xD8C9C7C7, 0xEDE3E5E5, 0xE2E0EBEB,
    0xC3C3C3C4, 0xC3C3C3C3, 0xC4C4C6C9, 0xC3C3C3C3, 0xEBEDDFD8, 0xC3C3C4E8, 0xEFEFE0D8, 0xC9E9E0E5,
    0xF5EFE0C9, 0xDFE5F1F5, 0xF1E3DFC9, 0xE2F0F4F4, 0xF2E5E2DF, 0xE5F2F2F2, 0xF0F0DBDB, 0xDBF0F0F0,
    0xC3C3C3C3, 0xC3C3C3C3, 0xC3C3C3C3, 0xC3C3C3C3, 0xC3C3C3C3, 0xC3C3C3C3, 0xC4C7C7C7, 0xC3C3C3C4,
    0xC4C6C7D8, 0xC3C3C3C3, 0xC7C8D8DF, 0xC3C3C3C4, 0xDFE0E2E2, 0xC3C3C5C9, 0xE2DADBDB, 0xC3C7DFE0,
    0xC3C3C3C3, 0xD8D8C6C3, 0xC3C3C3C3, 0xD8C9C6C3, 0xC3C3C3C3, 0xC7C4C3C3, 0xC3C3C3C3, 0xC3C3C3C3,
    0xC3C3C3C3, 0xC3C3C3C3, 0xC3C3C3C3, 0xC3C3C3C3, 0xC3C3C3C3, 0xC3C3C3C3, 0xC3C3C3C3, 0xC9C9C7C3,
    0xC3C6D8D8, 0xC3C3C3C3, 0xC6C8D8DD, 0xC3C3C3C3, 0xC3C4C6C7, 0xC3C3C3C3, 0xC3C3C3C3, 0xC3C3C3C3,
    0xC3C3C3C3, 0xC3C3C3C3, 0xC3C3C3C3, 0xC6C7C7C4, 0xC7C4C4C4, 0xC7C7C7C7, 0xC9C9C9E8, 0xC9C9C8C8,
    0xC4C3C3C3, 0xD8C8C9C7, 0xC3C3C3C3, 0xC4C3C3C4, 0xC3C3C3C3, 0xC3C3C3C3, 0xC3C3C3C3, 0xC3C3C3C3,
    0xC3C3C3C3, 0xC3C3C3C3, 0xC3C3C4C4, 0xC3C3C3C3, 0xC3C3C4C7, 0xC3C3C3C3, 0xC7C7C9E8, 0xC3C4C4C4,
    0xE5E5E2E0, 0xC3C4E8ED, 0xEBDFD8C8, 0xC3C3C7E8, 0xC3C3C3C3, 0xC4C6C4C4, 0xC3C3C3C3, 0xC3C3C3C3,
    0xC3C3C3C3, 0xC3C3C3C3, 0xC3C3C3C3, 0xC7C4C3C3, 0xC3C3C3C3, 0xD8C8C7C4, 0xC7C4C3C3, 0xC8C7C7C7,
    0xC3C3C3C3, 0xC3C3C3C3, 0xC3C3C3C3, 0xC3C3C3C3, 0xC3C3C3C3, 0xC3C3C3C3, 0xC3C3C3C3, 0xC3C3C3C3,
    0xC3C3C3C3, 0xC3C3C3C3, 0xC3C3C4C7, 0xC3C3C3C3, 0xC3C7C9C8, 0xC3C3C3C3, 0xD8DDD8D8, 0xC3C3C7D8,
    0xC3C3C3C3, 0xC3C3C3C3, 0xC3C3C3C3, 0xC3C3C3C3, 0xC3C3C3C3, 0xC3C3C3C3, 0xC3C3C3C3, 0xC3C3C3C3,
    0xC3C3C3C3, 0xC3C3C3C3, 0xC3C3C3C3, 0xC3C3C3C3, 0xC3C3C3C3, 0xC3C3C3C3, 0xC3C3C3C3, 0xC3C3C3C3,
    0x4022C3C3, 0xFFFFFFCC, 0x4522C3C3, 0x45FFFFCC, 0x454522C3, 0xFE45FFCC, 0x454522C3, 0xFE454547,
    0x474522C3, 0xFEFE4547, 0x474722C3, 0xFEFE4547, 0x474722C3, 0xFEFE4547, 0x474722C3, 0xFE45455A,
    0x4747CCCC, 0x5D5A5A47, 0x45454545, 0x5D5D5A45, 0xFEFEFEFE, 0x5D5D45FE, 0x232323FE, 0x5D4545FE,
    0x23FEFEFE, 0x5D45FEFE, 0x232323FE, 0x6245FEFE, 0xFEFE23FE, 0x6945FEFE, 0x232323FE, 0x694545FE,
    0xC3C3225D, 0xC3C3C3C3, 0xC33C225D, 0xC3C3C3C3, 0x3C225D5D, 0xC3C3C3C3, 0x6A22625D, 0xC3C3C3C3,
    0x6A226962, 0xC3C3C36A, 0x6A226969, 0xC3C3C36A, 0x6A226969, 0xC3C3C36A, 0x6A226969, 0xC4C3C36A,
    0xC3C3C3C3, 0xC3C3C3C3, 0xC3C3C3C3, 0xC3C3C3C3, 0xC3C3C3C3, 0xC3C3C3C3, 0xC3C3C3C3, 0xC3C3C3C3,
    0xC3C3C3C3, 0xC4C4C3C3, 0xC4C3C3C3, 0xC9C9C9C7, 0xC7C7C4C3, 0xC9D8D8C9, 0xC7C7C7C7, 0xC7C9E8C9,
    0xC3C3C3C3, 0xC3C3C3C3, 0xC3C3C3C3, 0xC3C3C3C3, 0xC3C3C3C3, 0xC3C3C3C3, 0xC3C3C3C3, 0x29C3C3C3,
    0xC3C3C3C3, 0x29C7C4C3, 0xC4C4C4C7, 0x29DFC9C7, 0xC7C5C7C7, 0x29E0E8C7, 0xC5C4C4C4, 0x29E8C7C7,
    0xAE2929C3, 0x2FAEAEFF, 0xFFAE2929, 0xAEAEFFFF, 0xFFAE2929, 0x292929FF, 0xFFAE2F29, 0xFEFEFE29,
    0x292F2F2F, 0xFE23FE29, 0x29302F2F, 0xFE2323FE, 0x29353030, 0xFE23FEFE, 0x29353535, 0xFE23FEFE,
    0x35353030, 0xF4296B6B, 0x6B353535, 0x296B6B6B, 0x6B292929, 0x296B6B6B, 0x29FEFEFE, 0x6B6B6B6B,
    0x232323FE, 0x6F6B6B29, 0xFEFE23FE, 0x746F6B29, 0x232323FE, 0x78746F29, 0x23FE23FE, 0x7C787829,
    0xF2F4F4F4, 0xF0F0F0F0, 0xF4F4F2F2, 0xF4F4F2F2, 0xF4F4F250, 0xF4F4F4F4, 0xF4F45029, 0xF4F4F4F4,
    0xF4F45029, 0xF2F4F2F4, 0xF4505029, 0xF2F2F2F2, 0xF0505029, 0xF0F0F0F0, 0xF0505029, 0xDBDBDBDB,
    0xDBF0F0F0, 0xF4F0DBDB, 0xF0F0F2F2, 0xF4F2F0DB, 0xF2F4F4F4, 0xF4F2F0F0, 0xF0F2F4F4, 0xF4F4F0F0,
    0xF0F0F0EF, 0xF4F2F0F0, 0xE5EDEDEB, 0xF2F0F0F0, 0xEBE9E9E9, 0xF0E5E3ED, 0xE6C9C9C9, 0xE9E9E9E9,
    0xEDE3F0F5, 0xC7C9E8EB, 0xEBE3E5F1, 0xC4C5C7E9, 0xF0F2F2F4, 0xC4C7E8ED, 0xF0F0F2F4, 0xC5C7DFE5,
    0xF0F0F2F4, 0xC5C9DFE2, 0xF0F0F0F4, 0xC7E9E0E5, 0xE2E5E5F0, 0xC5E9E0E2, 0xC9C9E6E6, 0xC5C5C5C9,
    0xC9C9C9C7, 0xC3C3C5C7, 0xC7C5C4C4, 0xC3C3C4C7, 0xC4C4C4C4, 0xC4C4C4C4, 0xC5C5C5C5, 0xC5C5C5C5,
    0xC5C5C5C5, 0xC5C5C5C5, 0xC5C5C5C5, 0xC5C5C5C5, 0xC5C5C5C5, 0xC5C5C5C5, 0xC5C5C5C5, 0xC5C5C5C5,
    0xC3C3C3C3, 0xC3C3C3C3, 0xC3C3C3C3, 0xC3C3C3C3, 0xC4C4C4C4, 0xC4C4C4C4, 0xC5C5C5C5, 0xC5C5C5C5,
    0xC5C5C5C5, 0xC5C5C5C5, 0xC5C5C5C5, 0xC5C5C5C5, 0xC5C5C5C5, 0xC5C5C5C5, 0xC5C5C5C5, 0xC5C5C5C5,
    0xC3C3C3C3, 0xC3C3C3C3, 0xC3C3C3C3, 0xC3C3C3C3, 0xC4C4C4C4, 0xC4C4C4C4, 0xC5C5C5C5, 0xC5C5C5C5,
    0xC5C5C5C5, 0xC5C5C5C5, 0xC5C5C5C5, 0xC5C5C5C5, 0xC5C5C5C5, 0xC5C5C5C5, 0xC5C5C5C5, 0xC5C5C5C5,
    0xC3C3C3C3, 0xC3C3C3C3, 0xC3C3C3C3, 0xC3C3C3C3, 0xC4C4C4C4, 0xC4C4C4C4, 0xC5C5C5C5, 0xC5C5C5C5,
    0xC5C5C5C5, 0xC5C5C5C5, 0xC5C5C5C5, 0xC5C5C5C5, 0xC5C5C5C5, 0xC5C5C5C5, 0xC5C5C5C5, 0xC5C5C5C5,
    0x24C3C3C3, 0x254D4D4C, 0x24C3C3C3, 0x258F4D4D, 0xC4C4C4C4, 0x8F8F8F24, 0xC5C5C5C5, 0x8F8F8F24,
    0xC5C5C5C5, 0x8F8F24C5, 0xC5C5C5C5, 0x8F24C5C5, 0xC5C5C5C5, 0x24C5C5C5, 0xC5C7C7C7, 0x6AC5C5C5,
    0xFEFEFEFE, 0xFEFE23FE, 0xFEFEFE25, 0x25FE23FE, 0xFEFEFE25, 0x25FEFEFE, 0x2525258F, 0x97252525,
    0x918F8F8F, 0x98989791, 0x91918F8F, 0x98989897, 0x97979124, 0x24989898, 0x2424246A, 0x6A242424,
    0x97979125, 0xC36A6A24, 0x98989725, 0xC36A6A24, 0x24989897, 0xC46A6A6A, 0x24989898, 0xC56A6A6A,
    0x6A249898, 0xC56A6A6A, 0x6A6A2498, 0xC5C56A6A, 0x6A6A6A24, 0xC5C56A6A, 0x6A6A6A6A, 0xC5C5C56A,
    0xC3C3C3C3, 0xC3C3C3C3, 0xC3C3C3C3, 0xC3C3C3C3, 0xC4C4C4C4, 0xC5C4C4C4, 0xC5C5C5C5, 0xC9C5C5C5,
    0xC5C5C5C5, 0xEBC7C5C5, 0xC5C5C5C5, 0xEBE9C7C5, 0xC7C5C5C5, 0xE0DFEBE9, 0xC5C5C5C5, 0xE0DFE9C9,
    0xDFC8C3C3, 0xDBD9E2E0, 0xE2DFC9C4, 0xDBDBDBD9, 0xE0DFE9C7, 0xE5F0F0E5, 0xE2E0EDEB, 0xE5F0F0E5,
    0xF0F2F1EF, 0xE5F0F0F0, 0xE5E5E5E3, 0xF0F0E5E5, 0xE5E3E2E0, 0xF2F0F0E5, 0xF0DBD9E2, 0xF0F0F0F0,
    0xF0F0F0F0, 0xF0F0E5E5, 0xF0F0F0F0, 0xF0F0F0F0, 0xF4F2E5E5, 0xDBF0F0F2, 0xF4F0E3E3, 0xF0F2F2F4,
    0xF4F4E5E5, 0xF4F4F4F4, 0xF4F4E5E5, 0xF2F4F2F4, 0xF4F4F0F0, 0xF0F0F0F4, 0xF4F2F0F0, 0xDBF0F0F0,
    0xF4F2F0DB, 0xF4F4F5F5, 0xF4F2F0F0, 0xF4F4F4F4, 0xF4F2F0F0, 0xF0F0F0F0, 0xF0F0F0F0, 0xF2F0F0F0,
    0xF0F0F0F0, 0xF4F2F0F0, 0xF0F0F0F0, 0xF0F0F0F0, 0xF0F0F0F0, 0xF0F0F0F0, 0xF0F0DBDB, 0xF0F0F0F0,
    0xEFE5F0F1, 0xDBF0E5E3, 0xE0E0E5F4, 0xDBF0F0E3, 0xDFE0F0F4, 0xDBDBE4E0, 0xE0E5F2F4, 0xDBDBD9E2,
    0xE2E5F0F2, 0xD9D9D9E2, 0xE2E5F0F2, 0xE0E2E2E2, 0xDFE2F0F0, 0xD8D8D8DF, 0xE9E0F0F0, 0xC7C7C7C9,
    0xF0DBDBDB, 0xDBDBF0F2, 0xF0DBDBDB, 0xDBDBF0F0, 0xDBDBDBDB, 0xDBDBDBDB, 0xE0E2DADB, 0xDAD9D9D0,
    0xC8D8DFE2, 0xDDD8C8C8, 0xDFDFE0E0, 0xC7C7C9D8, 0xE0E0E0DF, 0xC5C5C7D8, 0xC9E9C9C7, 0xC5C5C5C7,
    0xD0D9DBDB, 0xC9DFE2D0, 0xE0E0E4DB, 0xE0E2E2E2, 0xDFE0E2DB, 0xE0E0DFDF, 0xDFE0E2D9, 0xE2E0DFDF,
    0xE0E0E0DF, 0xE2E3E2E0, 0xDFDFE8C9, 0xDFDFEBED, 0xEBE9C7C5, 0xC7C9E9EB, 0xE9C7C5C5, 0xE9EBEDED,
    0xC5C3C3C4, 0xE9D8C8C7, 0xC9E8E9EB, 0xC9C9C9C9, 0xDFE0E2E2, 0xC9E8E8E9, 0xE9E0E5E4, 0xC5C7C7C9,
    0xC9DFE2E2, 0xC5C5C5C5, 0xC5C7E8D8, 0xC5C5C5C5, 0xC5C5C5C7, 0xC5C5C5C5, 0xC5C5C5C9, 0xC5C5C5C5,
    0xC8E8E9E9, 0xE8C9C8C8, 0xC9C9C9C9, 0xDFD8C9C9, 0xC9C7C7C7, 0xE0DFDFE9, 0xE8C7C5C5, 0xE2E0E0DF,
    0xDFC9C5C5, 0xE0E0E0E0, 0xDFC9C7C5, 0xE0E0E0E0, 0xE9C9C7C5, 0xDFDFDFE9, 0xC7C5C5C5, 0xDFD8E6C9,
    0xD8DFDFEB, 0xC7C9C8D8, 0xE2E2E2E0, 0xC7C9DFE0, 0xDBDBDBE5, 0xC9E8E0E5, 0xDBDBDBD9, 0xC7C9DFE2,
    0xE0E2D0D0, 0xC7C7C9DF, 0xDFE0E0E0, 0xC9C7C9E8, 0xE9DFDFDF, 0xE9E9E9E9, 0xDFDFDFDF, 0xE0E0E0E0,
    0xC4C4C4C5, 0xC8C7C5C4, 0xC3C3C3C5, 0xC8C7C5C3, 0xC7C7C7C7, 0xD8C9C7C7, 0xC9C7C7C7, 0xDFD8C9C9,
    0xC9C7C7C7, 0xE2E0DFD8, 0xE0EBE9C9, 0xE5E2E2E2, 0xF0E5EFEB, 0xE5E5E5DB, 0xE4E3E3ED, 0xDBDBDAD9,
    0xE2E2E0D8, 0xC5C8DFE0, 0xD9E2E0DD, 0xC8DFE2D9, 0xE4E2E0DF, 0xE0E2E4D9, 0xE5E5E2E0, 0xE3F0F0F0,
    0xF0E5E5E3, 0xF0F0F0F0, 0xF0F0F0F0, 0xF0F0F0F0, 0xF0F0F0F0, 0xF0F0F0F0, 0xF0F0DBDB, 0xF0F0F0F0,
    0xC3C3C3C3, 0xC3C3C3C3, 0xC3C3C3C7, 0xC3C3C3C3, 0xC4C4C7D8, 0xC4C4C4C4, 0xC5C5C9DF, 0xC5C5C5C5,
    0xC9E9E0E3, 0xC5C5C5C7, 0xEBE0E2F0, 0xC9C9E6E9, 0xE5F0F0F0, 0xDFE0E0E5, 0xF0F0F0F0, 0xDBDBF0F0,
    0x5A22C3C3, 0xFE455D5A, 0x5D22C3C3, 0x455D5D5D, 0x22C5C4C4, 0x5D5D5D5D, 0xC7C7C5C5, 0x625D5D22,
    0xC9C7C7C5, 0x692222C9, 0xEBEBE9C9, 0x228585EB, 0xE5E5E2E0, 0x4F4FE2E3, 0xE5E5DBDB, 0xE0E0E0E2,
    0xFEFEFEFE, 0x696945FE, 0x45454545, 0x69696945, 0x69696962, 0x69696969, 0x69696969, 0x22696969,
    0x69696969, 0x4F222269, 0x22222222, 0x4F858522, 0x8585854F, 0x4F858585, 0x7D7D854F, 0x7D7D7D7D,
    0x6A6A2269, 0xC9C7C76A, 0x7D3D2269, 0xE8E9E97D, 0x857D4E22, 0xEBEBED85, 0x504F4F4F, 0xF0F0F4F4,
    0x50505050, 0xDBF0F4F2, 0xF0505050, 0xDBF0F0F0, 0xF0F0504F, 0xF0F0F0F0, 0xF0F0E54F, 0xF0F0F0F0,
    0xC9C9C9E8, 0xC9EBEBE9, 0xEBE9D8D8, 0xDFE0E0ED, 0xE5E2DFDF, 0xE0E2E5F0, 0xF2F0DBDA, 0xD9F0F0F2,
    0xF0F0DBDB, 0xDBF0F0F2, 0xF0F0DBDB, 0xDBF0F0F0, 0xF0F0DBF0, 0xDBF0F0F0, 0xDBF0F0F0, 0xE3E5DBDB,
    0xC9C9C9C9, 0x29DFE8E8, 0xE2E0DFD8, 0xF0E5E5E5, 0xDBD9E0E0, 0xF2F0F0F0, 0xDBDBD9D0, 0xF0F0DBDB,
    0xF0DBDBDB, 0xF0F0DADB, 0xDBDBDBDB, 0xF0F0DBDB, 0xE4F0F0F0, 0xF0F0F0E5, 0xE5E5E5E3, 0xF0F0F0E5,
    0x296B6B35, 0x23232329, 0x6B6B6B29, 0xFEFEFE29, 0x6B6B6B29, 0x2929296B, 0x6B6B29F0, 0x746F6B6B,
    0x6B29F0F0, 0x78746F6B, 0x29F0F0F0, 0x7C787829, 0x50F0F0F0, 0x29292950, 0xDBF0F0F0, 0x50505050,
    0x232323FE, 0x7C7C7829, 0x29FEFEFE, 0x297C7C78, 0x7C292929, 0x297C7C7C, 0x7C7C7878, 0x50297C7C,
    0x7C7C7C78, 0x5050297C, 0x297C7C7C, 0x50505029, 0x50292929, 0x4F4F5050, 0x50505050, 0x4E7D854F,
    0xF0505029, 0xDBDBDBDB, 0xF0505050, 0xDBDBDBDB, 0xF0505050, 0xF0F0F0F0, 0xF0505050, 0xDBDBF0F0,
    0xF0F05050, 0xDBDBF0F0, 0xDBDB5050, 0xF0F0F0F0, 0xE2E0E04F, 0xF0F0DBD9, 0xE0D8C9C9, 0xF0F0DAE2,
    0xC5C5C5C5, 0xC5C7C7C7, 0xC5C5C5C5, 0xC7C7C5C5, 0xC5C5C5C5, 0xC5C5C5C5, 0xC5C5C5C5, 0xC5C5C5C5,
    0xE6E6E6E6, 0xC5CAE6E6, 0xE0E0DFDF, 0xE6E9EBEB, 0xE3E3E2D0, 0xE6E9EDE3, 0xE3E5D9D9, 0xE9EBEDE1,
    0xC5C5C5C5, 0xC5C5C5C5, 0xC5C5C5C5, 0xC5C5C5C5, 0xC5C5C5C5, 0xC5C5C5C5, 0xC5C5C5C5, 0xC5C5C5C5,
    0xC5C5C5C5, 0xC5C5C5C5, 0xC7C7C7CA, 0xC7C7C7C7, 0xCACACACA, 0xCACACACA, 0xE9E9E9E9, 0xCACACAE6,
    0xC5C5C5C5, 0xC5C5C5C5, 0xC5C5C5C5, 0xC5C5C5C5, 0xC5C5C5C5, 0xC5C5C5C5, 0xC5C5C5C5, 0xC5C5C5C5,
    0xC5C5C5C5, 0xC5C5C5C5, 0xC7C7C7C7, 0xC7C7C7C7, 0xCACACACA, 0xCACACACA, 0xCACACACA, 0xCACACACA,
    0xC5C5C5C5, 0xC5C5C5C5, 0xC5C5C5C5, 0xC5C5C5C5, 0xC5C5C5C5, 0xC5C5C5C5, 0xC5C5C5C5, 0xC5C5C5C5,
    0xC5C5C5C5, 0xC5C5C5C5, 0xC7C7C7C7, 0xC7C7C7C7, 0xCACACACA, 0xEBE9CACA, 0xCACACACA, 0xE0EBE6CA,
    0xC5C5C5C5, 0xC7C5C5C5, 0xC5C5C5C5, 0xC7C5C5C5, 0xC5C5C5C5, 0xE6C5C5C5, 0xC5C5C5C5, 0xE6C7C5C5,
    0xC5C5C5C5, 0xC7C5C5C5, 0xCACACAC7, 0xC7C7CACA, 0xDFE0E0DF, 0xCAE6EBDF, 0xE5D9D9D0, 0xE6DFE2E5,
    0xC5C5C9C9, 0xC5C5C5C5, 0xC5C5C9E6, 0xC5C5C5C5, 0xC5C5C7E6, 0xC5C5C5C5, 0xC5C5C5C7, 0xC5C5C5C5,
    0xC5C5C5C5, 0xC5C5C5C5, 0xC7C7C7C7, 0xC7C7C7C7, 0xCACACACA, 0xCACACACA, 0xCACACACA, 0xCACACACA,
    0xC7C7C5C5, 0xC5C5C5C5, 0xC5C5C5C5, 0xC5C5C5C5, 0xC5C5C5C5, 0xC5C5C5C5, 0xC5C5C5C5, 0xC5C5C5C5,
    0xC5C5C5C5, 0xC5C5C5C5, 0xC7C7C7C7, 0xC7C7C7C7, 0xCACACACA, 0xCACACACA, 0xCACACACA, 0xCACACACA,
    0x6A6A6A6A, 0x6A6A6A6A, 0x3D3DC5C5, 0x3D3D3D3D, 0xC5C5C5C5, 0x3D3D3D3D, 0xC5C5C5C5, 0xC5C5C5C5,
    0xC5C5C5C5, 0xC5C7CAC7, 0xE9E6E6CA, 0xE9EBEBEB, 0xE2E0DFE9, 0xE0E2E5E5, 0xE2E0DFE6, 0xE2D9D9E5,
    0x6A6A6A6A, 0xC5C5C5C5, 0xC53D3D3D, 0xC5C5C5C5, 0xC5C5C5C5, 0xC5C5C5C5, 0xC5C5C5C5, 0xC5C5C5C5,
    0xC5C5C5C5, 0xC5C5C5C5, 0xC7C7C7CA, 0xC7C7C7C7, 0xCAE6E9DF, 0xCACACACA, 0xE6E6E9DF, 0xCACACACA,
    0xC5C5C5C5, 0xE0E9C7C5, 0xC5C5C5C5, 0xDFC9C5C5, 0xC5C5C5C5, 0xDFE9C7C5, 0xC5C5C5C5, 0xE0DFEBE6,
    0xE9C5C5C5, 0xE2E2E3E0, 0xE9CAC7C7, 0xE2E2E2E0, 0xE6CACACA, 0xE0E0DFD8, 0xE6E6CACA, 0xE0DFE9E9,
    0xDBDBDAD0, 0xF0F0F0F0, 0xF0F0DBE2, 0xF0F0F0F0, 0xF0F0E5E0, 0xF0F0F0F0, 0xF0DBE2E0, 0xF0F0DBDB,
    0xD9D9E2E2, 0xF0DBD9D9, 0xDBE4E2E2, 0xF0DBDBDB, 0xF0E5E2E0, 0xE5F0F0F0, 0xF0E5E5E3, 0xE3E5F0F0,
    0xF2F0F0F0, 0xDADBF0F0, 0xF4F0F0F0, 0xDADBF0F0, 0xF4F0F0F0, 0xDBF0F0F0, 0xF0F0F0F0, 0xDBF0F0F0,
    0xF0F0F0F0, 0xDBF0F0F0, 0xF0F0F0F0, 0xDBF0F0F0, 0xF0E5E3E3, 0xD9DBF0F0, 0xD9E2EEEF, 0xD9D9D9D9,
    0xF0DBDAD9, 0xF0F0F0F0, 0xF0F0DAD9, 0xF0F0F0F0, 0xF0F0DBD9, 0xF0F0F0F0, 0xF0F0F0F0, 0xF0F0F0F0,
    0xF0F0F0F0, 0xE5F0F0F0, 0xF0F0F0F0, 0xE4F0F0F0, 0xF0F0F0F0, 0xD9F0F0F0, 0xF0F0DBD9, 0xD9F0F0F0,
    0xE9E0F0F0, 0xC5C5C5C7, 0xDFE2F0F0, 0xC5C5C5C7, 0xDFE2E5F0, 0xC5C5C5E6, 0xDFE0E2E5, 0xC5C5C7E9,
    0xDFE0E2E4, 0xC5C5CAE9, 0xDFE0E2E4, 0xCACAE6E6, 0xDFE0E2E4, 0xE9EBDFDF, 0xDFE0E2D9, 0xEBE0DFDF,
    0xC5C5C5C5, 0xC5C5C5C5, 0xC5C5C5C5, 0xC5C5C5C5, 0xC5C5C5C5, 0xC5C5C5C5, 0xC5C5C5C5, 0xC5C5C5C5,
    0xC5C5C5C5, 0xC5C5C5C5, 0xC7CACACA, 0xC7C7C7C7, 0xCACACAE6, 0xCACACACA, 0xCACAE6E9, 0xCACACACA,
    0xC7C5C5C5, 0xE9EBEBE9, 0xC5C5C5C5, 0xC7C5C5C5, 0xC5C5C5C5, 0xC5C5C5C5, 0xC5C5C5C5, 0xC5C5C5C5,
    0xC5C5C5C5, 0xC5C5C5C5, 0xC7C7C7C7, 0xC7C7C7C7, 0xCACACACA, 0xCACACACA, 0xCACACACA, 0xCACACACA,
    0xC5C5C5E6, 0xC5C5C5C5, 0xC5C5C5C7, 0xC5C5C5C5, 0xC5C5C5C5, 0xC5C5C5C5, 0xC5C5C5C5, 0xC5C5C5C5,
    0xC5C5C5C5, 0xC5C5C5C5, 0xC7C7C7C7, 0xC7C7C7C7, 0xCACACACA, 0xCACACACA, 0xCACACACA, 0xCACACACA,
    0xC5C5C5C5, 0xC9C7C5C5, 0xC5C5C5C5, 0xC5C5C5C5, 0xC5C5C5C5, 0xC5C5C5C5, 0xC5C5C5C5, 0xC5C5C5C5,
    0xC5C5C5C5, 0xC5C5C5C5, 0xC7C7C7C7, 0xC7C7C7C7, 0xCACACACA, 0xCACACACA, 0xCACACACA, 0xCACACACA,
    0xDFDFD8E9, 0xEBEBEBDF, 0xDFDFE9C7, 0xC5C5C9E9, 0xDFD8C9C5, 0xC5C5C7E9, 0xE9E6C5C5, 0xE6E6E6E9,
    0xCAC5C5C5, 0xEBE9E9E6, 0xC7C7C7C7, 0xEBE9CAC7, 0xCACACACA, 0xCACACACA, 0xCACACACA, 0xCACACACA,
    0xE0E0EBEB, 0xDBD9D9D0, 0xE2E0EBE6, 0xDAD9D9D0, 0xE0EBE9CA, 0xD9D9E4E2, 0xE0EBE9E9, 0xD9DBE4E2,
    0xE0EBEBEB, 0xD9DBE2E0, 0xEBE9EBEB, 0xD9E4E2EB, 0xE6E6CACA, 0xDBE2EBE9, 0xCACACACA, 0xE3EDEBE6,
    0xF0F0DBDB, 0xF0F0F0F0, 0xF0DBDBDB, 0xF0F0F0F0, 0xDBDAD9D9, 0xF0DBDBF0, 0xD9D9D9D9, 0xD9DADAD9,
    0xD9D9D9D9, 0xD9D9D9D9, 0xD9D9D9D9, 0xD9DAD9D9, 0xDBD9D9DB, 0xF0F0F0F0, 0xF0F0E5E5, 0xF0F0F0F0,
    0xF0F0F0F0, 0xDBDBF0F0, 0xF0F0F0F0, 0xF0DBF0F0, 0xF0F0F0F0, 0xF0F0F0F0, 0xF0DBDAD9, 0xF0F0F0F0,
    0xF0D9D9D9, 0xF0F0F0F0, 0xDBDBDAD9, 0xF0F0F0DB, 0xDBF0F0F0, 0xDBF0F0F0, 0xF0F0F0F0, 0xD9F0F0F0,
    0xF0DBD9DB, 0xE2E2D9E5, 0xDBDBDADB, 0xF0DBDBDB, 0xDBDBDBF0, 0xF0F0F0DB, 0xF0F0F0F0, 0xF0F0F0F0,
    0xF0F0F0F0, 0xF0F0F0F0, 0xF0F0F0F0, 0xF0F0F0F0, 0xF0F0F0F0, 0xF0F0F0F0, 0xF0F0DBD9, 0xF0F0F0F0,
    0x7D4FDFE0, 0xE6E67D7D, 0xE0E0E2DB, 0xEDEDDFE0, 0xE5F0F0F0, 0xE3E5E5E5, 0xF0F0F0F0, 0xE5F0DBDB,
    0xF0F0F0F0, 0xE5F0DBDB, 0xF0F0F0F0, 0xE2E2D9DA, 0xF0F0F0F0, 0xEBDFE0E2, 0xE5F0F0F0, 0xE9EBDFE0,
    0xF0F0E5EB, 0xF4F0F0F0, 0xF0F0E5E2, 0xF0F0F0F0, 0xF0F0E5E5, 0xE0E0E2E5, 0xE5E5E5E5, 0xC5C7E9ED,
    0xEBE0E2E3, 0xC7C7CAE9, 0xEBEBE0E0, 0xE6E6E6E9, 0xEBEBE9E9, 0xE9E6E9E9, 0xEBEBE9E9, 0xE9E9E9EB,
    0xDAF0F0F4, 0xE2E2D9D9, 0xDADBF0F0, 0xF0F0D9D9, 0xD9E2E2E0, 0xF0DBDAD9, 0xD0E0E9C7, 0xF0F0DBD9,
    0xD9E0D8C7, 0xF0F0DBD9, 0xD9E2DFE6, 0xF0F0F0D9, 0xD9E0DFE9, 0xF0F0F0DB, 0xE0DFEBE9, 0xF0F0E4E2,
    0xF0E5E3EE, 0xF4F0F0F0, 0xF0F0F0F0, 0xF0F0F0F0, 0xF0F0F0F0, 0xF0F0DBF0, 0xF0F0F0F0, 0xF0F0DBDB,
    0xF0F0F0F0, 0xF0F0E5E5, 0xF0F0F0F0, 0xF0F0E5E5, 0xF0F0F0F0, 0xF0F0F0F0, 0xF0D9D9D9, 0xF0F0F0F0,
    0xDBF0F0F0, 0x5050DBDA, 0xE2E3E5F0, 0xE3E3E4E2, 0xE0E3E5F0, 0xE9EBE0E0, 0xE5E5F0F0, 0xE6E9E0E2,
    0xE3F0F0F0, 0xEBEDE0E0, 0xF0F0F0F0, 0xE3E5E5E5, 0xF0F0F0F0, 0xE5F0F0F0, 0xF0F0F0F0, 0xD9F0F0F0,
    0x864F5050, 0xC73D7D85, 0x86864F4F, 0xE6E9E9EB, 0xE9E9E6E6, 0xE6E6E6E6, 0xC7C5C5C7, 0xE6E6CAC7,
    0xC5C5C7E9, 0xEDEBE6C7, 0xCACAE6EB, 0xF0E5E0E6, 0xEBE9EBE2, 0xF0F0D9E0, 0xD0E2E2D9, 0xF0F0D9D9,
    0xE0D8C9C7, 0xF0F0E4E2, 0xD9E0DFE9, 0xF0DBDAD9, 0xE4E2EBE9, 0xDBD9D9D9, 0xE0EDE9E6, 0xDAD9D9E2,
    0xEBEBEDED, 0xDAD9E2E0, 0xEBEDE5F0, 0xDBDBE2DF, 0xE5F0F0F0, 0xF0F0D9D9, 0xF0F0F0F0, 0xDBF0F0F0,
    0xE2E5D9D9, 0xEBEBEBED, 0xE5F0F0D9, 0xE2E2E3E3, 0xF0F0F0F0, 0xD9DAF0F0, 0xF0F0F0F0, 0xD9F0F0F0,
    0xF0F0F0F0, 0xD9F0F0E5, 0xF0F0F0F0, 0xD9E5E5E5, 0xF0F0F0E5, 0xD9D9E4E5, 0xE5E4E4E4, 0xE4D9E5F0,
    0xEBE0EDED, 0xCBE6E9EB, 0xE2E5E5E5, 0xE9EBDFE0, 0xE4F0DAD9, 0xE0E2E2E2, 0xF0E5D9D9, 0xF0E5E5F0,
    0xF0E5D9D9, 0xF0F0F0F0, 0xF0E4D9D9, 0xF0F0F0F0, 0xE5D9D9D9, 0xD9D9E5F0, 0xE5E5E5E5, 0xD9E4E5E5,
    0xCBCBCBCB, 0xCBCBCBCB, 0xCBCBCAE6, 0xCBCBCBCB, 0xE9E9EBE0, 0xCBCBE6E9, 0xE0E3E5F0, 0xE9EBE0E0,
    0xE4E5F0F0, 0xE0E2E4D9, 0xE5E5F0F0, 0xE0E2D9E4, 0xF0E5E4D9, 0xE0E2E4E5, 0xE5E4D9D9, 0xEBEBE0EF,
    0xCBCBCBCB, 0xE2EBCACB, 0xCBCBCBCB, 0xE2DFE9CB, 0xCBCBCBCB, 0xE2EBE6CB, 0xCBCBCBE6, 0xEDE9CBCB,
    0xCBCBE6E9, 0xE9E6CBCB, 0xCBCBE6EB, 0xE6CBCBCB, 0xCBCBE6EB, 0xCBCBCBCB, 0xCBCBCBE6, 0xCBCBCBCB,
    0xF0D9D9D9, 0xDFE2D9F0, 0xF0D9D9D9, 0xE0E2D9F0, 0xF0DAD9E5, 0xEBE0E2E5, 0xE5E5E5E3, 0xE6E9E0E3,
    0xE0E0EEEB, 0xCBE6EBE0, 0xE9E9E9E9, 0xCBCBE6E6, 0xCBCBCBCB, 0xCBCBCBCB, 0xCBCBCBCB, 0xCBCBCBCB,
    0xCACAE6E9, 0xCBCBCBCA, 0xCBE6E9DF, 0xCBCBCBCB, 0xCBCBE6E9, 0xCBCBCBCB, 0xCBCBCBCB, 0xCBCBCBCB,
    0xCBCBCBCB, 0xCBCBCBCB, 0xCBCBCBCB, 0xCBCBCBCB, 0xCBCBCBCB, 0xCBCBCBCB, 0xE6CBCBCB, 0xCBCBCBE6,
    0xCBCBCBCB, 0xCBCBCBCB, 0xCBCBCBCB, 0xCBCBCBCB, 0xCBCBCBCB, 0xCBCBCBCB, 0xCBCBCBCB, 0xCBCBCBCB,
    0xCBCBCBCB, 0xCBCBCBCB, 0xCBCBCBCB, 0xCBCBCBCB, 0xCBCBCBCB, 0xCBCBCBCB, 0xCBCBCBCB, 0xCBCBCBCB,
    0xE0E9E6CA, 0xD0D9D9E2, 0xE0E9E6CB, 0xD9D9D9F0, 0xE0E9CBCB, 0xE5E5F0E5, 0xE6CBCBCB, 0xE0EBEBE9,
    0xCBCBCBCB, 0xE9E6CBCB, 0xCBCBCBCB, 0xE6CBCBCB, 0xCBCBCBCB, 0xCBCBCBCB, 0xCBCBCBCB, 0xCBCBCBCB,
    0xE9E9DFE0, 0xE9E9E9E9, 0xE0E0E2D9, 0xE2E2E2E0, 0xE2E2D0D9, 0xE4E5E5E5, 0xE3E0E0E0, 0xE5F0F0E5,
    0xEBEBE9E9, 0xE2E5E3EE, 0xE9E9E6E6, 0xEBEDEBE9, 0xCBCBCBCB, 0xEBEBE9E6, 0xCBCBCBCB, 0xEAE9E6CB,
    0xE9E9EBEB, 0xE3E0D8E9, 0xDFE0E2E2, 0xE3E0DFE9, 0xE0E2E5E5, 0xE0E0DFDF, 0xD0E4E5E5, 0xEEE0E0D0,
    0xD0E2E3E3, 0xEBEBE0D0, 0xE0DFEBEB, 0xE9E9DFE0, 0xDFDFEBEB, 0xE9E9E9DF, 0xE9EBECEC, 0xE6E6E6E9,
    0xE5F0F0E5, 0xEFE5E5E5, 0xE3E5E5E5, 0xEBEEE3E3, 0xE1E3EFEF, 0xEBEDEEEE, 0xEFEFEFEE, 0xE0E0EFEF,
    0xEFEFEEEC, 0xE0E0EEEF, 0xEEEEEEEC, 0xDFEBECEE, 0xE9E9E9E9, 0xEBE9E9E9, 0xCBCBE6E6, 0xE9E9E6CB,
    0xD0E0EEEE, 0xD9D9D9D0, 0xE0EBEBEB, 0xD9D9D9E2, 0xE0DFEBEB, 0xD9D9D9D0, 0xD9D9E2E2, 0xD9D9D9D9,
    0xD9D0E2E0, 0xD9D9D9D9, 0xD0E0E0E0, 0xD9D9D9D9, 0xD0E0E0DF, 0xD9D9D9D9, 0xD0E0E0DF, 0xD9D9D9D9,
    0xF0F0D9D9, 0xD9F0F0F0, 0xF0F0D9D9, 0xD9F0F0F0, 0xF0D9D9D9, 0xD9F0F0F0, 0xD9D9D9D9, 0xF0E5D9D9,
    0xD9D9D9D9, 0xF0E5D9D9, 0xD9D9D9D9, 0xE5E5D9D9, 0xD9E4D9D9, 0xE5E5E4D9, 0xE2E2E2E2, 0xE3E4D0D0,
    0xE0CED0D9, 0xE0E2E0E0, 0xE2D0D9D9, 0xE2E0E0E0, 0xD9D9D9D9, 0xE2E0E2E3, 0xF0E5F0F0, 0xE0E0E0E5,
    0xE5F0F0F0, 0xE9E9EBE1, 0xEBE0E3E3, 0xCBE6E9E9, 0xE9EBEEE3, 0xCBCBCBE6, 0xE9ECECE1, 0xCBCBCBE6,
    0xE6E6E9EB, 0xCAE6E9E9, 0xEEE1E3E3, 0xE6EBEEEE, 0xE5E5E5E5, 0xEBEEEFE5, 0xE5E5E2E2, 0xE9ECEEE3,
    0xE0E0DFEB, 0xE9EBEBED, 0xE9E9E6E6, 0xE6E9E9E9, 0xCBCBCBCB, 0xCBCBCBCB, 0xCBCBCBCB, 0xCBCBCBCB,
    0xCBCBCBCB, 0xCBCBCBCB, 0xCBCBCBCB, 0xCBCBCBCB, 0xCBCBCBCA, 0xCBCBCBCB, 0xCBCBCBE6, 0xCBCBCBCB,
    0xCBCBCBCB, 0xCBCBCBCB, 0xCBCBCBCB, 0xCBCBCBCB, 0xCBCBCBCB, 0xCBCBCBCB, 0xCBCBCBCB, 0xCBCBCBCB,
    0xCBCBCBCB, 0xCBCBCBCB, 0xCBCBCBCB, 0xCBCBCBCB, 0xCBCBCBCB, 0xCBCBCBCB, 0xCBCBCBCB, 0xCBCBCBCB,
    0xCBCBCBCB, 0xCBCBCBCB, 0xCBCBCBCB, 0xCBCBCBCB, 0xCBCBCBCB, 0xCBCBCBCB, 0xCBCBCBCB, 0xCBCBCBCB,
    0xCBCBCBCB, 0xCBCBCBCB, 0xCBCBCBCB, 0xCBCBCBCB, 0xCBCBCBCB, 0xCBCBCBCB, 0xCBCBCBCB, 0xCBCBCBCB,
    0xCBCBCBCB, 0xCBCBCBCB, 0xCBCBCBCB, 0xCBCBCBCB, 0xCBCBCBCB, 0xCBCBCBCB, 0xCBCBCBCB, 0xCBCBCBCB,
    0xCBCBCBCB, 0xCBCBCBCB, 0xCBCBCBCB, 0xCBCBCBCB, 0xCBCBCBCB, 0xCBCBCBCB, 0xCBCBCBCB, 0xCBCBCBCB,
    0xCBCBCBCB, 0xCBCBCBCB, 0xCBCBCBCB, 0xCBCBCBCB, 0xCBCBCBCB, 0xCBCBCBCB, 0xCBCBCBCB, 0xCBCBCBCB,
    0xCBCBCBCB, 0xE1EDE9E6, 0xE6CBCBCB, 0xEDEBEBE9, 0xE6CBCBCB, 0xE0EBEBE9, 0xE6CBCBCB, 0xE2E0EBE9,
    0xE6CBCBCB, 0xE0DFEBE9, 0xE6CBCBCB, 0xEBEBEBE9, 0xE9E9E6CB, 0xE9E9E9E9, 0xE6E6CBCB, 0xE9E6E6E6,
    0xF0F0E5E3, 0xF0F0F0F0, 0xF0F0F0E3, 0xF0F0F0F0, 0xF0F0F0E2, 0xF0F0F0F0, 0xF0F0E5E4, 0xF0F0F0F0,
    0xF0E4E4E2, 0xF0F0F0F0, 0xE2E2E0E0, 0xE3E2E2E2, 0xEBEBEBEB, 0xEBDFDFDF, 0xEBEBE9E9, 0xE9EBDFEB,
    0xF0F0F0F0, 0xD9F0F0F0, 0xF0F0F0F0, 0xDAF0F0F0, 0xE5F0F0F0, 0xD9E5F0E5, 0xD9F0F0F0, 0xD9D9D9D9,
    0xD9E5F0F0, 0xD9D9D9D9, 0xE2E0E0EE, 0xE2E2E4E2, 0xE9E9E9E9, 0xE0EBE9E9, 0xCBCBE6E6, 0xEBE6CBCB,
    0xF0F0D9D9, 0xF0F0F0F0, 0xF0F0D9D9, 0xF0F0F0F0, 0xE5E5D9D9, 0xF0F0F0F0, 0xD9D9D9D9, 0xF0F0F0D9,
    0xD9D9D9D9, 0xD9E5E5D9, 0xD9D9D9D0, 0xE5D9D9D9, 0xD9D9D9E2, 0xE5D9D9D9, 0xD9D9D9E0, 0xD9D9D9D9,
    0xE2F0F0F0, 0xE9E9EBE0, 0xE9EDE5F0, 0xCBCBCBE6, 0xE6EBE4F0, 0xCBCBCBCB, 0xEBE2D9E5, 0xCBCBCBE6,
    0xEBE0D9D9, 0xCBCBCBE6, 0xE9EDE5E5, 0xCBCBCBE6, 0xE3E5E5E5, 0xCBE6E9ED, 0xF0E4D9D9, 0xE9EBE2E5,
    0xEBEBEBE9, 0xE9EBEBEB, 0xE9E6E6CB, 0xE0E0EBE9, 0xE6CACBCB, 0xE0EBEBE9, 0xE9E6CBCB, 0xE6E9E9E9,
    0xE6CBCBCB, 0xE9E9E9E9, 0xEBE9CBCB, 0xEBEBEBEB, 0xEBE9E6E6, 0xEBEBDFEB, 0xE0DFEBE9, 0xE6E9DFDF,
    0xE6E6E9E9, 0xE2E0E9E6, 0xCAE6EBE0, 0xE0EBE9E6, 0xE6E6EBEB, 0xE0EBE9E6, 0xE6E6E6E6, 0xE5E1EBE6,
    0xE9E9E6E6, 0xF0E3EDEB, 0xEBEBEBEB, 0xE3E3E0ED, 0xE9E9E9E9, 0xEBE9E9E9, 0xCBCBCBE6, 0xCBCBCBCB,
    0xF0D9D9D9, 0xF0F0F0F0, 0xD9D9D9E2, 0xF0F0F0F0, 0xD9D9E4E2, 0xE5E5F0D9, 0xD9D9F0F0, 0xD9D9E5D9,
    0xD9D9F0F0, 0xD9D9E5D9, 0xE2E2E5E5, 0xD9D9E2E2, 0xEBEBEBEB, 0xEBEBEBEB, 0xE6CBCBCB, 0xCBE6E6E6,
    0xF0F0F0F0, 0xD9D9F0F0, 0xF0F0F0F0, 0xE2E4F0F0, 0xF0F0F0F0, 0xDFE0E5F0, 0xD9D9E5E5, 0xEDE0E2D9,
    0xD9D9E5D9, 0xEDE0E2D0, 0xE0E4D9D9, 0xEBEBEBDF, 0xE6E9EBDF, 0xE6E6CBCB, 0xCBCBCBCB, 0xCBCBCBCB,
    0xD9D9D9D9, 0xF0DBD9D9, 0xD9D9E2E0, 0xF0E5D9D9, 0xD9E2E0DF, 0xD9D9E5D9, 0xEBEBEBEB, 0xD9E2E0ED,
    0xE9E9EBEB, 0xDFE9E9E9, 0xCBE6E9EB, 0xCBCBCBCB, 0xCBCBCBE6, 0xCBCBCBCB, 0xCBCBCBCB, 0xCBCBCBCB,
    0xF0F0F0F0, 0xE2E5F0F0, 0xF0F0F0F0, 0xDFE2E5F0, 0xF0F0D9D9, 0xE9EBE3F0, 0xE2E4D9D9, 0xCBE6EBE2,
    0xE9E9D8DF, 0xCBCBE6E9, 0xCBCBCBCB, 0xCBCBCBCB, 0xCBCBCBCB, 0xCBCBCBCB, 0xCBCBCBCB, 0xCBCBCBCB,
    0xE5D9D9D9, 0xE4D9E5F0, 0xE5D9D9D9, 0xE5E5E5E5, 0xE5D9D9D9, 0xF0F0F0E5, 0xE5D9D9D9, 0xE5F0F0E5,
    0xE5D9D9D9, 0xE5F0F0E5, 0xE5D9D9D9, 0xE5F0F0E5, 0xE5D9D9D9, 0xD9F0F0E5, 0xE5D9D9D9, 0xD9E4E5E5,
    0xE5E5E5E5, 0xD9E4E5E5, 0xE5E5E5E5, 0xD9E4E5F0, 0xF0E5E5F0, 0xD9E4F0F0, 0xF0E5E5E5, 0xD0E4F0F0,
    0xF0E5E5E4, 0xE2E5F0F0, 0xF0F0E5D9, 0xE2E5F0F0, 0xE5E4D9D9, 0xD9E4E5E5, 0xD0D9D9D9, 0xD9E4E2E2,
    0xEEE0E0D0, 0xE6E9ECEE, 0xECDFE0E2, 0xE7E6EAEC, 0xEAEBE0E2, 0xE7E7E7EA, 0xEEE0E0E2, 0xEAECECEC,
    0xE3E2E2E2, 0xECEEE0E1, 0xE3E2E2E2, 0xECEEE1E3, 0xE4E4D9D9, 0xEEE3E2E5, 0xE4E5E4D9, 0xEEE3E4E4,
    0xE7E7E7E7, 0xE7E7E7E7, 0xE7E7E7E7, 0xE7E7E7E7, 0xE7E7E7E7, 0xE7E7E7E7, 0xE7E7E7EA, 0xE7E7E7E7,
    0xE7E7E7EA, 0xE7E7E7E7, 0xE7E7E7EA, 0xE7E7E7E7, 0xE7E7EAEC, 0xE7E7E7E7, 0xE7E7E7EC, 0xE7E7E7E7,
    0xE7E7E7E7, 0xE7E7E7E7, 0xE7E7E7E7, 0xE7E7E7E7, 0xE7E7E7E7, 0xE7E7E7E7, 0xE7E7E7E7, 0xE7E7E7E7,
    0xEAE7E7E7, 0xE7E7E7EA, 0xE7E7E7E7, 0xE7E7E7E7, 0xE7E7E7E7, 0xEAE7E7E7, 0xE7E7E7E7, 0xECEAE7E7,
    0xE7E7E7E7, 0xE7E7E7E7, 0xE7E7E7E7, 0xE7E7E7E7, 0xE7E7E7E7, 0xE7E7E7E7, 0xE7E7E7E7, 0xE7E7E7E7,
    0xE7E7E7E7, 0xE7E7E7E7, 0xE7E7E7E7, 0xE7E7E7E7, 0xE7EAECEC, 0xE7E7E7E7, 0xE7ECE0E0, 0xE7E7E7E7,
    0xE7E7E7E7, 0xE7E7E7E7, 0xE7E7E7E7, 0xE7E7E7E7, 0xE7E7E7E7, 0xE7E7E7E7, 0xE7E7E7E7, 0xE7E7E7E7,
    0xE7E7E7E7, 0xE7E7E7E7, 0xE7E7E7E7, 0xE7E7E7E7, 0xE7E7E7E7, 0xE7E7E7E7, 0xE7E7E7E7, 0xE7E7E7E7,
    0xE7E7E7E7, 0xE7E7E7E7, 0xE7E7E7E7, 0xE7E7E7E7, 0xE7E7E7E7, 0xE7E7E7E7, 0xE7E7E7E7, 0xE7E7E7E7,
    0xE7E7E7E7, 0xE7E7E7E7, 0xE7E7E7E7, 0xE7E7E7E7, 0xE7E7E7E7, 0xE7E7E7E7, 0xE7E7E7E7, 0xE7E7E7E7,
    0xE7E7E7E7, 0xEAE7E7E7, 0xE7E7E7E7, 0xE7E7E7E7, 0xE7E7E7E7, 0xE7E7E7E7, 0xE7E7E7E7, 0xECEAE7E7,
    0xE7E7E7E7, 0xEEECEAE7, 0xE7E7E7E7, 0xE0E0ECEA, 0xE7E7E7E7, 0xECECEAE7, 0xE7E7E7E7, 0xEAEAE7E7,
    0xE9E9ECEA, 0xE7E7E7E6, 0xE7EAEAEA, 0xE7E7E7E7, 0xE7E7E7E7, 0xE7E7E7E7, 0xEAEAECEC, 0xE7E7E7EA,
    0xECEEEEEE, 0xE7E7E7EA, 0xEEE3E2E3, 0xE7E7E7EC, 0xE1E0E0E1, 0xE7E7E7EC, 0xECECEAEA, 0xE7E7EAEC,
    0xE7E7E7E7, 0xEBE9E7E7, 0xE7E7E7E7, 0xE9E7E7E7, 0xE7E7E7E7, 0xE7E7E7E7, 0xE7E7E7E7, 0xE7E7E7E7,
    0xE7E7E7E7, 0xE7E7E7E7, 0xE7E7E7E7, 0xE7E7E7E7, 0xE7E7E7E7, 0xE7E7E7E7, 0xE7E7E7E7, 0xE7E7E7E7,
    0xD9D0CEE0, 0xDFE0D0D9, 0xD9D0E2E0, 0xE9E0E2D9, 0xE0E0DFEB, 0xE6EBE0E0, 0xEAEAE7E7, 0xE7E7EAEA,
    0xE7E7E7E7, 0xE7E7E7E7, 0xE7E7E7E7, 0xE7E7E7E7, 0xE7E7E7E7, 0xE7E7E7E7, 0xE7E7E7E7, 0xE7E7E7E7,
    0xE6E6E9EB, 0xEBEBE9E6, 0xE7E7E7E7, 0xEAE7E7E7, 0xE7E7E7E7, 0xE7E7E7E7, 0xE7E7E7E7, 0xE7E7E7E7,
    0xE7E7E7E7, 0xE7E7E7E7, 0xEAEAEAE7, 0xE7E7E7EA, 0xE0E1EEEA, 0xEAECECE1, 0xD9E5E3EC, 0xECE1E2D9,
    0xEEE3E3E1, 0xE7E7EAEC, 0xECEEEDEC, 0xE7E7E7EA, 0xE7E6E7E7, 0xE7E7E7E7, 0xE7EAE7E7, 0xE7E7E7E7,
    0xE7EAE7E7, 0xE7E7E7E7, 0xE7E7E7E7, 0xEAE7E7E7, 0xE7E7E7E7, 0xECEAE7E7, 0xE7E7E7EA, 0xECEAE7E7,
    0xE7E7E7E7, 0xE7E7E7E7, 0xE7E7E7E7, 0xE7E7E7E7, 0xE7E7E7E7, 0xE7E7E7E7, 0xE7E7E7E7, 0xE7E7E7E7,
    0xECEAE7E7, 0xE7EAEBEB, 0xDFECEAEA, 0xECE0E0E0, 0xEEECECEC, 0xEEE3E2E1, 0xEEECECEC, 0xEEEEEEEE,
    0xE7E7E7E7, 0xE7E7E7E7, 0xE7E7E7E7, 0xE7E7E7E7, 0xE7E7E7E7, 0xE7E7E7E7, 0xE7E7E7E7, 0xE7E7E7E7,
    0xE7E7E7E7, 0xE7E7E7E7, 0xE7E7E7E7, 0xE7E7E7E7, 0xE7E7E7EC, 0xE7E7E7E7, 0xE7E7EAEC, 0xE7E7E7E7,
    0xE7E7E7E7, 0xE7E7E7E7, 0xE7E7E7E7, 0xE7E7E7E7, 0xE7E7E7E7, 0xE7E7E7E7, 0xE7E7E7E7, 0xE7E7E7E7,
    0xE7E7E7E7, 0xE7E7E7E7, 0xE7E7E7E7, 0xE7E7E7E7, 0xE7E7E7E7, 0xE7E7E7E7, 0xE7E7E7E7, 0xE7E7E7E7,
    0xE7E7E7E7, 0xE7E7E7E7, 0xE7E7E7E7, 0xE7E7E7E7, 0xE7E7E7E7, 0xE7E7E7E7, 0xE7E7E7E7, 0xE7E7E7E7,
    0xE7E7E7E7, 0xE7E7E7E7, 0xE7E7E7E7, 0xE7E7E7E7, 0xE7E7E7E7, 0xE7E7E7E7, 0xE7E7E7E7, 0xE7E7E7E7,
    0xE7E7E7E7, 0xE7E7E7E7, 0xE7E7E7E7, 0xE7E7E7E7, 0xE7E7E7E7, 0xE7E7E7E7, 0xECEAE7E7, 0xE0EEEEEC,
    0xEEECE7E7, 0xD9E4E5E3, 0xEEEAE7E7, 0xD9E4E5E3, 0xEAE7E7E7, 0xE4E5E3EE, 0xEAE7E7E7, 0xE5E3E1EC,
    0xE7E7E7E7, 0xE6E7E7E7, 0xE7E7E7E7, 0xE6E7E7E7, 0xECECEAE7, 0xEAEAEAEA, 0xE0E0E0E0, 0xEBE0E0E0,
    0xE2D9D9D9, 0xE0E2E2E2, 0xD9D9D9D9, 0xE0E2E4D9, 0xD9D9D9E4, 0xE1E3E5D9, 0xE5E5E5F0, 0xEEEFE5F0,
    0xEBEBE9E9, 0xE9EBDFDF, 0xEBEBE9E9, 0xEBDFDFDF, 0xEAE9E9EA, 0xEAEAEAEA, 0xE7E7E7EA, 0xE7E7E7E7,
    0xE7E7E7EA, 0xE7E7E7E7, 0xE7E7E7EC, 0xE7E7E7E7, 0xE7E7EAEC, 0xE7E7E7E7, 0xE7EAEAEC, 0xE7E7E7E7,
    0xE7E7E7E6, 0xE6E7E7E7, 0xE7E7E7EA, 0xE7E7E7E7, 0xE7E7E7EA, 0xE7E7E7E7, 0xE7E7E7E7, 0xE7E7E7E7,
    0xE7E7E7E7, 0xE7E7E7E7, 0xE7E7E7E7, 0xE7E7E7E7, 0xE7E7E7E7, 0xE7E7E7E7, 0xE7E7E7E7, 0xEAEAE7E7,
    0xD9D9D9DF, 0xD9E2E4D9, 0xD9E4E0E9, 0xD0E2E2E4, 0xE2E0ECE7, 0xD9E2E2E2, 0xE3EEECE7, 0xF0E5E4E5,
    0xE1ECECEA, 0xF0E5E4E3, 0xEAEAE7E7, 0xF0E5E2EC, 0xE7E7E7E7, 0xE5E3EEEA, 0xE7E7E7EA, 0xE4E0ECEA,
    0xE5D9D9D9, 0xD0D9E4F0, 0xE5E4D9D9, 0xD9D9E5F0, 0xE5E4E4D9, 0xD9D9E4E4, 0xE4E4E4F0, 0xD9D9D9D9,
    0xE4D9E4F0, 0xD9D9D9D9, 0xD9D9E4F0, 0xD9D9D9D9, 0xD9D9D9E5, 0xD9D9D9D9, 0xD9D9E4E5, 0xE4D9D9D9,
    0xD0D0D0D0, 0xE6E9DFE0, 0xE0D0D9D9, 0xE7E9EBE0, 0xE0E2D9D9, 0xEAECECEE, 0xEEE2D9D9, 0xEEEEEEEE,
    0xEFE2D9D9, 0xE5E5EFEF, 0xF0E4D9D9, 0xE5E4E4F0, 0xE5E4D9D9, 0xE5E4D9E5, 0xD9D9D9D9, 0xF0E5E5E4,
    0xE7E7E7E7, 0xE7E7E7E7, 0xE7E7E7E7, 0xE7E7E7E7, 0xE7EAEAEA, 0xE7E7E7E7, 0xEAECECEE, 0xE7E7E7EA,
    0xEEE1E2E3, 0xECECECEC, 0xE3E5E5E5, 0xE2E3E3E3, 0xE4E5E5E5, 0xD9D9E4D9, 0xD9E4E5F0, 0xD9D9D9D9,
    0xE7E7E7E7, 0xE7E7E7E7, 0xE7E7E7E7, 0xE7E7E7E7, 0xE7E7E7E7, 0xE7E7E7E7, 0xE7E7E7E7, 0xE7E7E7E7,
    0xE7E7EAEC, 0xE7E7E7E7, 0xE7EAECE0, 0xE7E7E7E7, 0xECE1E2D9, 0xE7E7E7EA, 0xE2D9D9D9, 0xE7EAECE1,
    0xE7E7E7E7, 0xE7E7E7E7, 0xE7E7E7E7, 0xE7E7E7E7, 0xE7E7E7E7, 0xE7E7E7E7, 0xE7E7E7E7, 0xE7E7E7E7,
    0xE7E7E7E7, 0xE7E7E7E7, 0xE7E7E7E7, 0xE7E7E7E7, 0xE7E7E7E7, 0xE7E7E7E7, 0xE7E7E7E7, 0xE7E7E7E7,
    0xE7E7E7E7, 0xE7E7E7E7, 0xE7E7E7E7, 0xE7E7E7E7, 0xE7E7E7E7, 0xE7E7E7E7, 0xE7E7E7E7, 0xE7E7E7E7,
    0xE7E7E7E7, 0xE7E7E7E7, 0xE7E7E7E7, 0xE7E7E7E7, 0xE7E7E7E7, 0xE7E7E7E7, 0xE7E7E7E7, 0xE7E7E7E7,
    0xE7E7E7E7, 0xE7E7E7E7, 0xE7E7E7E7, 0xE7E7E7E7, 0xE7E7E7E7, 0xE7E7E7E7, 0xE7E7E7E7, 0xE7E7E7E7,
    0xE7E7E7E7, 0xE7E7E7E7, 0xE7E7E7E7, 0xE7E7E7E7, 0xE7E7E7E7, 0xE7E7E7E7, 0xE7E7E7E7, 0xE7E7E7E7,
};
static const uint16_t board0_pal[256] = {
    0x0000, 0x0000, 0x0000, 0x0000, 0x0000, 0x0000, 0x0000, 0x0000,
    0x0000, 0x0000, 0x0000, 0x0000, 0x0000, 0x0000, 0x0000, 0x0000,
    0x0000, 0x0000, 0x0000, 0x0000, 0x0000, 0x0000, 0x0000, 0x0000,
    0x0000, 0x0000, 0x0000, 0x0000, 0x0000, 0x0000, 0x0000, 0x0000,
    0x0421, 0x0822, 0x0C42, 0x0C43, 0x0C63, 0x1063, 0x1483, 0x1064,
    0x1464, 0x1485, 0x1883, 0x1884, 0x18A4, 0x1CA4, 0x20C4, 0x20C5,
    0x24C5, 0x24E5, 0x24C6, 0x24E6, 0x28E6, 0x2906, 0x2D06, 0x2907,
    0x2D07, 0x3548, 0x2929, 0x3968, 0x3969, 0x2D4A, 0x2D6A, 0x358B,
    0x358C, 0x39AC, 0x171E, 0x3948, 0x3D69, 0x4189, 0x3D6A, 0x418A,
    0x45AA, 0x458A, 0x49AA, 0x49AB, 0x39AD, 0x41CE, 0x49CB, 0x4DCB,
    0x460F, 0x4610, 0x5A94, 0x5ED5, 0x66F6, 0x6F38, 0x6B39, 0x7FBC,
    0x7FDD, 0x0000, 0x0000, 0x0000, 0x0000, 0x0000, 0x0000, 0x0000,
    0x0000, 0x0000, 0x0000, 0x0000, 0x0000, 0x0000, 0x0000, 0x0000,
    0x0000, 0x0000, 0x0000, 0x0000, 0x0000, 0x0000, 0x0000, 0x0000,
    0x0000, 0x0000, 0x0000, 0x0000, 0x0000, 0x0000, 0x0000, 0x0000,
    0x0000, 0x0000, 0x0000, 0x0000, 0x0000, 0x0000, 0x0000, 0x0000,
    0x0000, 0x0000, 0x0000, 0x0000, 0x0000, 0x0000, 0x0000, 0x0000,
    0x0000, 0x0000, 0x0000, 0x0000, 0x0000, 0x0000, 0x0000, 0x0000,
    0x0000, 0x0000, 0x0000, 0x0000, 0x0000, 0x0000, 0x0000, 0x0000,
    0x0000, 0x0000, 0x0000, 0x0000, 0x0000, 0x0000, 0x0000, 0x0000,
    0x0000, 0x0000, 0x0000, 0x0000, 0x0000, 0x0000, 0x0000, 0x0000,
    0x0000, 0x0000, 0x0000, 0x0000, 0x0000, 0x0000, 0x0000, 0x0000,
    0x0000, 0x0000, 0x0000, 0x0000, 0x0000, 0x0000, 0x0000, 0x0000,
    0x0000, 0x0000, 0x0000, 0x0000, 0x0000, 0x0000, 0x0000, 0x0000,
    0x0000, 0x0000, 0x0000, 0x0000, 0x0000, 0x0000, 0x0000, 0x0000,
    0x0000, 0x0000, 0x0000, 0x0000, 0x0000, 0x0000, 0x0000, 0x0000,
    0x0000, 0x0000, 0x0000, 0x0000, 0x0000, 0x0000, 0x0000, 0x0000,
    0x0000, 0x0000, 0x0000, 0x0000, 0x0000, 0x0000, 0x0000, 0x0000,
    0x0000, 0x0000, 0x0000, 0x0000, 0x0000, 0x0000, 0x0000, 0x0000,
    0x0000, 0x0000, 0x0000, 0x0000, 0x0000, 0x0000, 0x0000, 0x0000,
    0x0000, 0x0000, 0x0000, 0x0000, 0x0000, 0x0000, 0x0000, 0x0000,
    0x0000, 0x0000, 0x0000, 0x0000, 0x0000, 0x0000, 0x0000, 0x0000,
};
static const uint32_t board0_tiles[9600] = {
    0x39393939, 0x39393939, 0x33333339, 0x34353433, 0x34333339, 0x34343433, 0x34333339, 0x34343434,
    0x46343339, 0x34343438, 0x38343439, 0x33343426, 0x34343439, 0x33343434, 0x34343439, 0x33333434,
    0x39393939, 0x39393939, 0x34343334, 0x34343534, 0x34343334, 0x34343434, 0x34333434, 0x34343434,
    0x34333434, 0x34343434, 0x34333434, 0x34343434, 0x34333434, 0x34343434, 0x34333434, 0x34343434,
    0x39393939, 0x39393939, 0x33333333, 0x34343434, 0x33333333, 0x34343434, 0x33333334, 0x34343434,
    0x33333334, 0x34343434, 0x33333434, 0x34343434, 0x34343434, 0x34343434, 0x34343434, 0x35343434,
    0x39393939, 0x39393939, 0x34343434, 0x33343434, 0x34343434, 0x34343434, 0x34343434, 0x34343434,
    0x34343434, 0x34343434, 0x34343434, 0x34343434, 0x34343434, 0x34343434, 0x34343434, 0x33333434,
    0x39393939, 0x25393939, 0x34343333, 0x25343738, 0x34343333, 0x25343537, 0x34343333, 0x25343437,
    0x46343333, 0x25343438, 0x38333333, 0x25343426, 0x34333333, 0x25343434, 0x34333333, 0x25343434,
    0x4B4B4B56, 0x4B4B4B4B, 0x4B4B4B56, 0x4B4B4B4B, 0x3F3F3F3F, 0x3F3F3F3F, 0x57575757, 0x57575757,
    0x55555555, 0x55555555, 0x52525252, 0x52525252, 0x50505050, 0x50505050, 0x3E3E3E3E, 0x3E3E3E3E,
    0x4B4B4B4B, 0x4B4B4B4B, 0x583A4B4B, 0x4B4B4B4B, 0x583A3F3F, 0x3F3F3F3F, 0x583A5757, 0x57575757,
    0x583A5555, 0x55555555, 0x583A5252, 0x52525252, 0x583A5050, 0x50505050, 0x583A3E3E, 0x3E3E3E3E,
    0x4B4B4B4B, 0x4B4B4B4B, 0x4B4B4B4B, 0x4B4B4B4B, 0x3F3F3F3F, 0x3F3F3F3F, 0x57575757, 0x57575757,
    0x55555555, 0x55555555, 0x52525252, 0x52525252, 0x50505050, 0x50505050, 0x3E3E3E3E, 0x3E3E3E3E,
    0x4B4B4B4B, 0x4B4B4B4B, 0x4B4B4B4B, 0x4B4B4B4B, 0x3F3F3F3F, 0x3F3F3F3F, 0x57575757, 0x57575757,
    0x55555555, 0x55555555, 0x52525252, 0x52525252, 0x50505050, 0x50505050, 0x3E3E3E3E, 0x3E3E3E3E,
    0x4E4B4B4B, 0x4E4E4E4E, 0x4E4B4B4B, 0x4E4E4E4E, 0x3F3F3F3F, 0x3F3F3F3F, 0x57575757, 0x57575757,
    0x55555555, 0x55555555, 0x52525252, 0x52525252, 0x50505050, 0x50505050, 0x3E3E3E3E, 0x3E3E3E3E,
    0x4E4E4E4E, 0x4E4E4E4E, 0x4E4E583A, 0x4E4E4E4E, 0x3F3F583A, 0x3F3F3F3F, 0x5757583A, 0x57575757,
    0x5555583A, 0x55555555, 0x5252583A, 0x52525252, 0x5050583A, 0x50505050, 0x3E3E583A, 0x3E3E3E3E,
    0x4E4E4F4F, 0x4E4E4E4E, 0x4E4E4E4E, 0x4E4E4E4E, 0x3F3F3F3F, 0x3F3F3F3F, 0x57575757, 0x57575757,
    0x55555555, 0x55555555, 0x52525252, 0x52525252, 0x50505050, 0x50505050, 0x3E3E3E3E, 0x3E3E3E3E,
    0x4E4E4E4E, 0x4E4E4E4E, 0x4E4E4E4E, 0x4E4E4E4E, 0x3F3F3F3F, 0x3F3F3F3F, 0x57575757, 0x57575757,
    0x55555555, 0x55555555, 0x52525252, 0x52525252, 0x50505050, 0x50505050, 0x3E3E3E3E, 0x3E3E3E3E,
    0x4E4E4E4E, 0x4B4B4E4E, 0x4E4E4E4E, 0x583A4B4E, 0x3F3F3F3F, 0x583A3F3F, 0x57575757, 0x583A5757,
    0x55555555, 0x583A5555, 0x52525252, 0x583A5252, 0x50505050, 0x583A5050, 0x3E3E3E3E, 0x583A3E3E,
    0x4B4B4B4B, 0x4B4B4B4B, 0x4B4B4B4B, 0x4B4B4B4B, 0x3F3F3F3F, 0x3F3F3F3F, 0x57575757, 0x57575757,
    0x55555555, 0x55555555, 0x52525252, 0x52525252, 0x53575750, 0x53535353, 0x5357573E, 0x53535353,
    0x4B4B4B4B, 0x4B4B4B4B, 0x4B4B4B4B, 0x4B4B4B4B, 0x3F3F3F3F, 0x3F3F3F3F, 0x57575757, 0x57575757,
    0x55555555, 0x55555555, 0x52525252, 0x52525252, 0x53535353, 0x50414153, 0x53535353, 0x3E414153,
    0x4B4B4B4B, 0x4E4E4E4E, 0x4B4B4B4B, 0x4E4E4E4B, 0x3F3F3F3F, 0x3F3F3F3F, 0x57575757, 0x57575757,
    0x55555555, 0x55555555, 0x52525252, 0x52525252, 0x50505050, 0x50505050, 0x3E3E3E3E, 0x3E3E3E3E,
    0x4E4E4E4E, 0x4E4E4E4E, 0x4E4E4E4E, 0x4E4E583A, 0x3F3F3F3F, 0x3F3F583A, 0x57575757, 0x5757583A,
    0x55555555, 0x5555583A, 0x52525252, 0x5252583A, 0x50505050, 0x5050583A, 0x3E3E3E3E, 0x3E3E583A,
    0x4E4E4E4E, 0x4B4B4B4B, 0x4B4E4E4E, 0x4B4B4B4B, 0x3F3F3F3F, 0x3F3F3F3F, 0x57575757, 0x57575757,
    0x55555555, 0x55555555, 0x52525252, 0x52525252, 0x50505050, 0x50505050, 0x3E3E3E3E, 0x3E3E3E3E,
    0x4B4B4B4B, 0x4B4B4B4B, 0x4B4B4B4B, 0x4B4B4B4B, 0x3F3F3F3F, 0x3F3F3F3F, 0x57575757, 0x57575757,
    0x55555555, 0x55555555, 0x52525252, 0x52525252, 0x50505050, 0x50505050, 0x3E3E3E3E, 0x3E3E3E3E,
    0x4B4B4B4B, 0x4B4B4B4B, 0x4B4B4B4B, 0x4B4B4B4B, 0x3F3F3F3F, 0x3F3F3F3F, 0x57575757, 0x57575757,
    0x55555555, 0x55555555, 0x52525252, 0x52525252, 0x50505050, 0x50505050, 0x3E3E3E3E, 0x3E3E3E3E,
    0x4B4B4B4B, 0x4B4B4B4B, 0x583A4B4B, 0x4B4B4B4B, 0x583A3F3F, 0x3F3F3F3F, 0x583A5757, 0x57575757,
    0x583A5555, 0x55555555, 0x583A5252, 0x52525252, 0x583A5050, 0x50505050, 0x583A3E3E, 0x3E3E3E3E,
    0x4B4B4B4B, 0x4B4B4B4B, 0x4B4B4B4B, 0x4B4B4B4B, 0x3F3F3F3F, 0x3F3F3F3F, 0x57575757, 0x57575757,
    0x55555555, 0x55555555, 0x52525252, 0x52525252, 0x50505050, 0x50505050, 0x3E3E3E3E, 0x3E3E3E3E,
    0x4E4E4E4B, 0x4B4B4E4E, 0x4B4B4B4B, 0x4B4B4B4B, 0x3F3F3F3F, 0x3F3F3F3F, 0x57575757, 0x57575757,
    0x55555555, 0x55555555, 0x52525252, 0x52525252, 0x50505050, 0x50505050, 0x3E3E3E3E, 0x3E3E3E3E,
    0x4B4B4B4B, 0x564B4B4B, 0x4B4B4B4B, 0x564B4B4B, 0x3F3F3F3F, 0x3F3F3F3F, 0x57575757, 0x57575757,
    0x55555555, 0x55555555, 0x52525252, 0x52525252, 0x50505050, 0x50505050, 0x3E3E3E3E, 0x3E3E3E3E,
    0x39393925, 0x39393939, 0x34343425, 0x34343434, 0x34343425, 0x34343434, 0x34343425, 0x34343434,
    0x46343425, 0x34343438, 0x38343325, 0x34343426, 0x34343325, 0x34343434, 0x34343325, 0x34343434,
    0x39393939, 0x39393939, 0x34333434, 0x34343434, 0x34343434, 0x34343434, 0x34343434, 0x34343434,
    0x34343434, 0x34333434, 0x34343434, 0x34333334, 0x34343434, 0x34333334, 0x34343434, 0x33333334,
    0x39393939, 0x39393939, 0x34343434, 0x33333434, 0x34343434, 0x33343434, 0x34343434, 0x33343434,
    0x34343434, 0x33343433, 0x34343434, 0x34343433, 0x34343434, 0x34343434, 0x34343334, 0x34343434,
    0x39393939, 0x39393939, 0x34343333, 0x34343434, 0x34343333, 0x34343434, 0x34343434, 0x34343434,
    0x34343434, 0x34343333, 0x34343434, 0x34343333, 0x34343434, 0x34343333, 0x34343434, 0x34343333,
    0x39393939, 0x2B393939, 0x33333434, 0x2B343434, 0x33333434, 0x2B343434, 0x33333434, 0x2B343434,
    0x46333434, 0x2B343438, 0x38333434, 0x2B343426, 0x33343434, 0x2B343434, 0x33343434, 0x2B343434,
    0x34343439, 0x33333434, 0x34343439, 0x33333434, 0x34343439, 0x33333434, 0x34343439, 0x33343434,
    0x34343439, 0x34343334, 0x34343439, 0x34343434, 0x34343339, 0x34343434, 0x34343339, 0x34343434,
    0x33333434, 0x34343334, 0x33333434, 0x34343334, 0x33333434, 0x34343334, 0x33333434, 0x34343434,
    0x33333434, 0x34343433, 0x33333434, 0x34343433, 0x33333434, 0x34343433, 0x33333333, 0x34343433,
    0x34343434, 0x35343434, 0x34343434, 0x37343434, 0x34343434, 0x35343434, 0x34343434, 0x34343434,
    0x34343434, 0x34343434, 0x34343434, 0x34343434, 0x34343434, 0x34343434, 0x34343434, 0x34343434,
    0x34343437, 0x33333434, 0x34343437, 0x33333434, 0x34343435, 0x33333434, 0x34343434, 0x34343434,
    0x34343434, 0x34343434, 0x34343434, 0x34343434, 0x34343434, 0x34343434, 0x34343434, 0x34343434,
    0x34343333, 0x25343434, 0x34343333, 0x25343434, 0x34343333, 0x25343434, 0x33343333, 0x25343434,
    0x33343333, 0x25343433, 0x33343334, 0x25343433, 0x33343334, 0x25343433, 0x33333334, 0x25343433,
    0x4B4B4B56, 0x4B4B4B4B, 0x4B4B4B56, 0x4B4B4B4B, 0x4B4B4B56, 0x4B4B4B4B, 0x2E4B4B56, 0x4B4B4B2E,
    0x2E4B4B56, 0x4B4B4B35, 0x4B4B4B56, 0x4B4B4B4B, 0x4B4B4B56, 0x4B4B4B4B, 0x4B4B4B56, 0x4B4B4B4B,
    0x583A4B4B, 0x4B4B4B4B, 0x4B4B4B4B, 0x4B4B4B4B, 0x4B4B4B4B, 0x4B4B4B4B, 0x2E4B4B4B, 0x4B4B4B2E,
    0x2E4B4B4B, 0x4B4B4B35, 0x4B4B4B4B, 0x4B4B4B4B, 0x4B4B4B4B, 0x4B4B4B4B, 0x4B4B4B4B, 0x4B4B4B4B,
    0x4B4B4B4B, 0x4B4B4B4B, 0x4B4B4B4B, 0x4B4B4B4B, 0x4B4B4B4B, 0x4B4B4B4B, 0x2F4B4B4B, 0x4B4B4B2F,
    0x2F4B4B4B, 0x4B4B4B36, 0x4B4B4B4B, 0x4B4B4B4B, 0x4B4B4B4B, 0x4B4B4B4B, 0x4B4B4B4B, 0x4B4B4B4B,
    0x4B4B4B4B, 0x4B4B4B4B, 0x4B4B4B4B, 0x4B4B4B4B, 0x4B4B4B4B, 0x4B4B4B4B, 0x2F4B4B4B, 0x4B4B4B2F,
    0x2F4B4B4B, 0x4B4B4B36, 0x4B4B4B4B, 0x4B4B4B4B, 0x4B4B4B4B, 0x4B4B4B4B, 0x4B4B4B4B, 0x4B4B4B4B,
    0x4B4B4B4B, 0x4E4E4E4B, 0x4B4B4B4B, 0x4E4E4B4B, 0x4B4B4B4B, 0x4B4B4B4B, 0x2F4B4B4B, 0x4B4B4B2F,
    0x2F4B4B4B, 0x4B4B4B36, 0x4B4B4B4B, 0x4B4B4B4B, 0x4B4B4B4B, 0x4B4B4B4B, 0x4B4B4B4B, 0x4B4B4B4B,
    0x4E4E583A, 0x4B4E4E4E, 0x4B4E4E4E, 0x4B4B4B4B, 0x4B4B4B4B, 0x4B4B4B4B, 0x2F4B4B4B, 0x4B4B4B2F,
    0x2F4B4B4B, 0x4B4B4B36, 0x4B4B4B4B, 0x4B4B4B4B, 0x4B4B4B4B, 0x4B4B4B4B, 0x4B4B4B4B, 0x4B4B4B4B,
    0x4B4B4B4B, 0x4B4B4B4B, 0x4B4B4B4B, 0x4B4B4B4B, 0x4B4B4B4B, 0x4B4B4B4B, 0x2F4B4B4B, 0x4B4B4B2F,
    0x2F4B4B4B, 0x4B4B4B36, 0x4B4B4B4B, 0x4B4B4B4B, 0x4B4B4B4B, 0x4B4B4B4B, 0x4B4B4B4B, 0x4B4B4B4B,
    0x4B4B4B4B, 0x4B4B4B4B, 0x4B4B4B4B, 0x4B4B4B4B, 0x4B4B4B4B, 0x4B4B4B4B, 0x2F4B4B4B, 0x4B4B4B2F,
    0x2F4B4B4B, 0x4B4B4B35, 0x4B4B4B4B, 0x4B4B4B4B, 0x4B4B4B4B, 0x4B4B4B4B, 0x4A4A4B4B, 0x4B4A4A4A,
    0x4B4B4B4B, 0x583A4B4B, 0x4B4B4B4B, 0x4B4B4B4B, 0x4B4B4B4B, 0x4B4B4B4B, 0x2F4B4B4B, 0x4B4B4B2F,
    0x2F4B4B4B, 0x4B4B4B36, 0x4B4B4B4B, 0x4B4B4B4B, 0x4B4B4B4B, 0x4B4B4B4B, 0x4B4B4B4B, 0x4B4B4B4B,
    0x5357574B, 0x53535353, 0x5357574B, 0x53535353, 0x5357574B, 0x53535353, 0x57574B4B, 0x53535353,
    0x57574B4B, 0x53535353, 0x25544B4B, 0x25252525, 0x4B4B4B4B, 0x4B4B4B4B, 0x4B4B4B4B, 0x4B4B4B4B,
    0x53535353, 0x4B414153, 0x53535353, 0x4B414153, 0x53535353, 0x4B414153, 0x53535353, 0x4B4B4141,
    0x53535353, 0x4B4B4141, 0x25252525, 0x4B4B3D25, 0x4B4B4B4B, 0x4B4B4B4B, 0x4B4B4B4B, 0x4B4B4B4B,
    0x4B4B4B4B, 0x4E4E4B4B, 0x4B4B4B4B, 0x4E4E4B4B, 0x4B4B4B4B, 0x4E4B4B4B, 0x2F4B4B4B, 0x4B4B4B2F,
    0x2F4B4B4B, 0x4B4B4B36, 0x4B4B4B4B, 0x4B4B4B4B, 0x4B4B4B4B, 0x4B4B4B4B, 0x4B4B4B4B, 0x4B4B4B4B,
    0x4E4E4E4E, 0x4E4E583A, 0x4E4E4E4E, 0x4E4E4E4E, 0x4E4E4E4E, 0x4B4E4E4E, 0x2F4E4E4E, 0x4B4B4E2F,
    0x2F4E4E4B, 0x4B4B4B36, 0x4B4B4B4B, 0x4B4B4B4B, 0x4B4B4B4B, 0x4B4B4B4B, 0x4B4B4B4B, 0x4B4B4B4B,
    0x4B4B4B4B, 0x4B4B4B4B, 0x4B4B4B4B, 0x4B4B4B4B, 0x4B4B4B4B, 0x4B4B4B4B, 0x2F4B4B4B, 0x4B4B4B2F,
    0x2F4B4B4B, 0x4B4B4B36, 0x4B4B4B4B, 0x4B4B4B4B, 0x4B4B4B4B, 0x4B4B4B4B, 0x4B4B4B4B, 0x4B4B4B4B,
    0x4B4B4B4B, 0x4B4B4B4B, 0x4B4B4B4B, 0x4B4B4B4B, 0x4B4B4B4B, 0x4B4B4B4B, 0x2F4B4B4B, 0x4B4B4B2F,
    0x2F4B4B4B, 0x4B4B4B36, 0x4B4B4B4B, 0x4B4B4B4B, 0x4B4B4B4B, 0x4B4B4B4B, 0x4B4B4B4B, 0x4B4B4B4B,
    0x4B4B4B4B, 0x4B4B4B4B, 0x4B4B4B4B, 0x4B4B4B4B, 0x4B4B4B4B, 0x4B4B4B4B, 0x2F4B4B4B, 0x4B4B4B2F,
    0x2F4B4B4B, 0x4B4B4B36, 0x4B4B4B4B, 0x4B4B4B4B, 0x4B4B4B4B, 0x4B4B4B4B, 0x4B4B4B4B, 0x4B4B4B4B,
    0x583A4B4B, 0x4B4B4B4B, 0x4B4B4B4B, 0x4B4B4B4B, 0x4B4B4B4B, 0x4B4B4B4B, 0x2F4B4B4B, 0x4B4B4B2F,
    0x2F4B4B4B, 0x4B4B4B36, 0x4B4B4B4B, 0x4B4B4B4B, 0x4B4B4B4B, 0x4B4B4B4B, 0x4B4B4B4B, 0x4B4B4B4B,
    0x4B4B4B4B, 0x4B4B4B4B, 0x4B4B4B4B, 0x4B4B4B4B, 0x4B4B4B4B, 0x4B4B4B4B, 0x2F4B4B4B, 0x4B4B4B2F,
    0x2F4B4B4B, 0x4B4B4B35, 0x4B4B4B4B, 0x4B4B4B4B, 0x4B4B4B4B, 0x4B4B4B4B, 0x4B4B4B4B, 0x4B4B4B4B,
    0x4B4B4B4B, 0x4B4B4B4B, 0x4B4B4B4B, 0x4B4B4B4B, 0x4B4B4B4B, 0x4B4B4B4B, 0x2E4B4B4B, 0x4B4B4B2E,
    0x2E4B4B4B, 0x4B4B4B35, 0x4B4B4B4B, 0x4B4B4B4B, 0x4B4B4B4B, 0x4B4B4B4B, 0x4B4B4B4B, 0x4B4B4B4B,
    0x4B4B4B4B, 0x564B4B4B, 0x4B4B4B4B, 0x564B4B4B, 0x4B4B4B4B, 0x564B4B4B, 0x2F4B4B4B, 0x564B4B2F,
    0x2F4B4B4B, 0x564B4B36, 0x4B4B4B4B, 0x564B4B4B, 0x4B4B4B4B, 0x564B4B4B, 0x4B4B4B4B, 0x564B4B4B,
    0x34343325, 0x34343433, 0x34343325, 0x34343433, 0x34343325, 0x34343433, 0x34343325, 0x34343433,
    0x34343325, 0x33343433, 0x34343325, 0x33343433, 0x34343325, 0x33343434, 0x34343325, 0x33343434,
    0x34343434, 0x33333334, 0x34343434, 0x33333334, 0x34343434, 0x33333334, 0x34343434, 0x33333434,
    0x34343434, 0x33343434, 0x34343433, 0x34343434, 0x34343433, 0x34343434, 0x34343433, 0x34343434,
    0x34333334, 0x34343434, 0x34333334, 0x34343434, 0x34333334, 0x34343434, 0x34343333, 0x34343434,
    0x34343333, 0x34343434, 0x34343333, 0x34343433, 0x34343434, 0x34353433, 0x34343434, 0x34353433,
    0x34343434, 0x34333334, 0x34343434, 0x34333334, 0x34343434, 0x34333334, 0x34343434, 0x33333434,
    0x34343434, 0x33333434, 0x34343434, 0x33333434, 0x34343434, 0x33333434, 0x34343334, 0x33333434,
    0x33343434, 0x2B343434, 0x33343434, 0x2B343434, 0x33343434, 0x2B343434, 0x33333334, 0x2B343433,
    0x33333333, 0x2B343333, 0x33333333, 0x2B343333, 0x33333333, 0x2B343433, 0x33333333, 0x2B343434,
    0x34343339, 0x34343434, 0x34343339, 0x33343434, 0x34343339, 0x33343434, 0x34343339, 0x34343434,
    0x34343339, 0x34343434, 0x34343439, 0x34343434, 0x34343439, 0x34343434, 0x34343439, 0x34343434,
    0x33333333, 0x34343433, 0x33333333, 0x34343433, 0x33333333, 0x34343433, 0x33333333, 0x34343433,
    0x33333434, 0x34343434, 0x34343434, 0x34343434, 0x34343434, 0x33343434, 0x34343434, 0x33333434,
    0x34343434, 0x34343837, 0x34343434, 0x34373838, 0x34343434, 0x34373838, 0x34343434, 0x34353838,
    0x34343434, 0x34343737, 0x35343434, 0x34343435, 0x35343434, 0x34343434, 0x34343434, 0x34343434,
    0x34343434, 0x34353434, 0x34343434, 0x34373433, 0x34343334, 0x34373433, 0x34343334, 0x34373433,
    0x34343334, 0x34373434, 0x34333334, 0x35373434, 0x34333334, 0x37353434, 0x34343434, 0x37343434,
    0x33333334, 0x25343333, 0x33333333, 0x25343333, 0x33333333, 0x25343333, 0x33333334, 0x25343333,
    0x33333434, 0x25343433, 0x34333434, 0x25343434, 0x34333434, 0x25343434, 0x34343434, 0x25343434,
    0x4B4B4B56, 0x4B4B4B4B, 0x4B4B4B56, 0x4B4B4B4B, 0x4B4B4B56, 0x4A4A4A4B, 0x2E4A4A56, 0x4A4A4A2E,
    0x2E4A4A56, 0x48484835, 0x48484856, 0x48484848, 0x48484856, 0x48484848, 0x48484856, 0x48484848,
    0x4B4B4B4B, 0x4B4B4B4B, 0x4B4B4B4B, 0x4B4B4B4B, 0x4B4A4A4A, 0x4B4B4B4B, 0x2E4A4A4A, 0x4B4B4B2E,
    0x2E484848, 0x4B4B4B35, 0x48484848, 0x4B4B4A4A, 0x48484848, 0x4B4A4A48, 0x48484848, 0x4A4A4A48,
    0x4B4B4B4B, 0x4B4B4B4B, 0x4B4B4B4B, 0x4B4B4B4B, 0x4B4B4B4B, 0x4B4B4B4B, 0x2E4B4B4B, 0x4B4B4B2E,
    0x2E4B4B4B, 0x4B4B4B35, 0x4B4B4B4B, 0x4B4B4B4B, 0x4B4B4B4B, 0x4B4B4B4B, 0x4B4B4B4B, 0x4A4B4B4B,
    0x4B4B4B4B, 0x4B4B4B4B, 0x4B4B4B4B, 0x4B4B4B4B, 0x4B4B4B4B, 0x4B4B4B4B, 0x2E4B4B4B, 0x4B4B4B2E,
    0x2E4B4B4B, 0x4A4A4A35, 0x4A4A4B4B, 0x4A48484A, 0x484A4A4B, 0x48484848, 0x48484A4A, 0x48484848,
    0x4B4B4B4B, 0x4B4B4B4B, 0x4B4B4B4B, 0x4B4B4B4B, 0x4B4B4B4B, 0x4B4B4B4B, 0x2E4B4B4B, 0x4B4B4B2F,
    0x2E4B4B4B, 0x4B4B4B35, 0x4B4B4B4A, 0x4B4B4B4B, 0x4B4B4A4A, 0x4B4B4B4B, 0x4B4B4A48, 0x4B4B4B4B,
    0x4B4B4B4B, 0x4B4B4B4B, 0x4B4B4B4B, 0x4B4B4B4B, 0x4B4B4B4B, 0x4B4B4B4B, 0x2E4B4B4B, 0x4A4B4B2E,
    0x2E4B4B4B, 0x484A4B35, 0x4B4B4B4B, 0x48484A4B, 0x4B4B4B4B, 0x48484A4B, 0x4B4B4B4B, 0x48484A4A,
    0x4B4B4B4B, 0x4A4A4A4B, 0x4A4A4B4B, 0x4848484A, 0x48484A4A, 0x48484848, 0x2E484848, 0x4848482E,
    0x2E484848, 0x48484835, 0x48484848, 0x48484848, 0x48484848, 0x48484848, 0x48484848, 0x48484848,
    0x48484848, 0x48484848, 0x48484848, 0x48484848, 0x48484848, 0x48484848, 0x2E484848, 0x4848482D,
    0x2D484848, 0x48484834, 0x48484848, 0x48484848, 0x48484848, 0x48484848, 0x48484848, 0x48484848,
    0x4A4A4848, 0x4B4B4B4A, 0x48484848, 0x4B4A4848, 0x48484848, 0x4A484848, 0x2E484848, 0x4848482E,
    0x2E484848, 0x48484835, 0x48484848, 0x48484848, 0x48484848, 0x48484848, 0x48484848, 0x48484848,
    0x4B4B4B4B, 0x4B4B4B4B, 0x4B4B4B4B, 0x4B4B4B4B, 0x4B4B4B4B, 0x4B4B4B4B, 0x2E4B4B4A, 0x4B4B4B2E,
    0x2E4B4A48, 0x4B4B4B35, 0x4B4B4A48, 0x4B4B4B4B, 0x4B4A4848, 0x4B4B4B4B, 0x4A484848, 0x4B4B4B4B,
    0x4B4B4B4B, 0x4B4B4B4B, 0x4B4B4B4B, 0x4B4B4B4B, 0x4B4B4B4B, 0x4B4B4B4B, 0x2E4B4B4B, 0x4B4B4B2E,
    0x2E4B4B4B, 0x4B4B4B35, 0x4B4B4B4B, 0x4B4B4B4B, 0x4B4B4B4B, 0x4A4A4B4B, 0x4A4B4B4B, 0x4A4A4A4A,
    0x4B4B4B4B, 0x4B4B4B4B, 0x4B4B4B4B, 0x4B4B4B4B, 0x4B4B4B4B, 0x4B4B4B4B, 0x2E4B4B4B, 0x4B4B4B2E,
    0x2E4B4B4B, 0x4B4B4B35, 0x4B4B4B4B, 0x4B4B4B4B, 0x4B4B4B4A, 0x4B4B4B4B, 0x4B4A4A4A, 0x4B4B4B4B,
    0x4B4B4B4B, 0x4B4B4B4B, 0x4B4B4B4B, 0x4B4B4B4B, 0x4B4B4B4B, 0x4B4B4B4B, 0x2F4B4B4B, 0x4B4B4B2F,
    0x2F4B4B4B, 0x4B4B4B35, 0x4B4B4B4B, 0x4B4B4B4B, 0x4B4B4B4B, 0x4B4B4B4B, 0x4B4B4B4B, 0x4B4B4B4B,
    0x4B4B4B4B, 0x4B4B4B4B, 0x4B4B4B4B, 0x4B4B4B4B, 0x4B4B4B4B, 0x4B4B4B4B, 0x2E4B4B4B, 0x4B4B4B2E,
    0x2E4B4B4B, 0x4B4B4B35, 0x4B4B4B4B, 0x4B4B4B4B, 0x4B4B4B4B, 0x4B4B4B4B, 0x4B4B4B4B, 0x4B4A4A4B,
    0x4B4B4B4B, 0x4B4B4B4B, 0x4B4B4B4B, 0x4B4B4B4B, 0x4B4B4B4B, 0x4B4B4B4B, 0x2E4B4B4B, 0x4B4B4B2E,
    0x2E4B4B4B, 0x4B4B4B35, 0x4B4B4B4B, 0x4B4B4B4B, 0x4B4B4B4B, 0x4B4B4B4B, 0x4B4B4B4B, 0x4B4B4B4B,
    0x4B4B4B4B, 0x4B4B4B4B, 0x4B4B4B4B, 0x4B4B4B4B, 0x4B4B4B4B, 0x4B4B4B4B, 0x2F4B4B4B, 0x4B4B4B2F,
    0x2F4B4B4B, 0x4B4B4B35, 0x4B4B4B4B, 0x4B4B4B4B, 0x4B4B4B4B, 0x4B4B4B4B, 0x4B4B4B4B, 0x4B4B4B4B,
    0x4B4B4B4B, 0x4B4B4B4B, 0x4B4B4B4B, 0x4B4B4B4B, 0x4B4B4B4B, 0x4B4B4B4B, 0x2F4B4B4B, 0x4B4B4B2F,
    0x2F4B4B4B, 0x4B4B4B35, 0x4B4B4B4B, 0x4B4B4B4B, 0x4B4B4B4B, 0x4B4B4B4B, 0x4B4B4B4B, 0x4A4B4B4B,
    0x4B4B4B4B, 0x4B4B4B4B, 0x4B4B4B4B, 0x4B4B4B4B, 0x4B4B4B4B, 0x4B4B4B4B, 0x2E4B4B4B, 0x4B4B4B2E,
    0x2E4B4B4B, 0x4B4B4B35, 0x4B4B4B4B, 0x4B4B4B4B, 0x4A4A4A4A, 0x4B4B4B4A, 0x4848484A, 0x4A4A4A48,
    0x4B4B4B4B, 0x4B4B4B4B, 0x4B4B4B4B, 0x4B4B4B4B, 0x4B4B4B4B, 0x4B4B4B4B, 0x2E4B4B4B, 0x4A4B4B2E,
    0x2E4B4B4B, 0x4A4A4B35, 0x4B4B4B4B, 0x484A4A4B, 0x4B4B4B4B, 0x48484A4A, 0x4A4A4A4A, 0x48484848,
    0x4B4B4B4B, 0x564B4B4B, 0x4A4A4B4B, 0x564A4A4A, 0x484A4A4B, 0x56484848, 0x2E48484A, 0x5648482E,
    0x2E484848, 0x56484835, 0x48484848, 0x56484848, 0x48484848, 0x56484848, 0x48484848, 0x56484848,
    0x34343325, 0x33343434, 0x34343325, 0x33343434, 0x34343325, 0x33343434, 0x34343325, 0x33343434,
    0x34343325, 0x33333434, 0x34343325, 0x33333434, 0x34343325, 0x34333434, 0x34343325, 0x34343434,
    0x34343433, 0x34343434, 0x34343433, 0x34343434, 0x34343433, 0x34343434, 0x34343433, 0x34343434,
    0x34343433, 0x34343434, 0x34343433, 0x34343434, 0x34343434, 0x34343434, 0x34343434, 0x34343434,
    0x33343434, 0x34373433, 0x33343434, 0x34373433, 0x33333434, 0x34373433, 0x33343434, 0x34373434,
    0x33343434, 0x34373434, 0x34343434, 0x34373434, 0x34343434, 0x34373434, 0x34343434, 0x34373434,
    0x34343334, 0x33333434, 0x34343333, 0x33333434, 0x34343333, 0x33333434, 0x34343333, 0x33343434,
    0x34333333, 0x33343434, 0x34333233, 0x34343434, 0x34333233, 0x34343434, 0x34333233, 0x34343434,
    0x33333333, 0x2B343434, 0x33333333, 0x2B343434, 0x33333333, 0x2B343434, 0x33333333, 0x2B343434,
    0x33333333, 0x2B343434, 0x33333333, 0x2B343434, 0x34333333, 0x2B343434, 0x34333333, 0x2B343434,
    0x34343439, 0x34343434, 0x33333439, 0x34343433, 0x33333439, 0x34343433, 0x33333439, 0x34343433,
    0x33333439, 0x34343433, 0x33343439, 0x34343433, 0x33343439, 0x34343433, 0x33343439, 0x34333433,
    0x34343434, 0x33333434, 0x34343434, 0x33343434, 0x34343434, 0x33343434, 0x34343434, 0x33343434,
    0x34343434, 0x33343434, 0x34343434, 0x33343434, 0x34343434, 0x34343433, 0x34343434, 0x34343433,
    0x34343434, 0x34343434, 0x34343433, 0x34343434, 0x34343333, 0x34343434, 0x34343333, 0x34343434,
    0x34343433, 0x34343434, 0x34343433, 0x34343434, 0x34343434, 0x34343434, 0x34343434, 0x33343434,
    0x34343434, 0x34343434, 0x34343434, 0x34343434, 0x34343434, 0x34343435, 0x34343434, 0x34343435,
    0x34343434, 0x34343534, 0x34343434, 0x34353534, 0x34343433, 0x34373734, 0x34343333, 0x35373734,
    0x34343435, 0x25343434, 0x34343735, 0x25343434, 0x34373735, 0x25343434, 0x34373835, 0x25343434,
    0x34373835, 0x25343434, 0x34373735, 0x25343434, 0x34353535, 0x25343434, 0x34343434, 0x25343434,
    0x48484856, 0x48484848, 0x48484856, 0x48484848, 0x48484856, 0x48484848, 0x2E484856, 0x4848482E,
    0x2E484856, 0x48484835, 0x48484856, 0x48484848, 0x48484856, 0x48484848, 0x48484856, 0x48484848,
    0x48484848, 0x4A4A4848, 0x48484848, 0x4A4A4848, 0x48484848, 0x48484848, 0x2E484848, 0x4848482E,
    0x2E484848, 0x48484835, 0x48484848, 0x48484848, 0x48484848, 0x48484848, 0x48484848, 0x48484848,
    0x4B4B4B4A, 0x4A4A4B4B, 0x4A4A4A4A, 0x484A4A4A, 0x4A4A4A4A, 0x48484A4A, 0x2E484848, 0x4848482E,
    0x2E484848, 0x48484835, 0x48484848, 0x48484848, 0x48484848, 0x48484848, 0x48484848, 0x48484848,
    0x4848484A, 0x48484848, 0x48484848, 0x48484848, 0x48484848, 0x48484848, 0x2E484848, 0x4848482E,
    0x2E484848, 0x48484835, 0x48484848, 0x48484848, 0x48484848, 0x48484848, 0x48484848, 0x48484848,
    0x4B4A4848, 0x4B4B4B4B, 0x4A4A4848, 0x4B4B4B4B, 0x4A484848, 0x4B4B4B4B, 0x2E484848, 0x4B4B4B2E,
    0x2E484848, 0x4B4B4A35, 0x48484848, 0x4A4A4A48, 0x48484848, 0x4A4A4848, 0x48484848, 0x48484848,
    0x4B4B4B4B, 0x4848484A, 0x4A4B4B4B, 0x4848484A, 0x4A4B4B4B, 0x48484848, 0x2E4A4B4B, 0x4848482E,
    0x2E4A4A4B, 0x48484835, 0x48484A4A, 0x48484848, 0x4848484A, 0x48484848, 0x48484848, 0x48484848,
    0x48484848, 0x48484848, 0x48484848, 0x48484848, 0x48484848, 0x48484848, 0x2E484848, 0x4848482E,
    0x2E484848, 0x48484834, 0x48484848, 0x48484848, 0x48484848, 0x48484848, 0x48484848, 0x48484848,
    0x48484848, 0x48484848, 0x48484848, 0x48484848, 0x48484848, 0x48484848, 0x2D484848, 0x4848482D,
    0x2D484848, 0x48484834, 0x48484848, 0x48484848, 0x48484848, 0x48484848, 0x48484848, 0x48484848,
    0x48484848, 0x48484848, 0x48484848, 0x48484848, 0x48484848, 0x48484848, 0x2D484848, 0x4848482D,
    0x2D484848, 0x48484834, 0x48484848, 0x48484848, 0x48484848, 0x48484848, 0x48484848, 0x48484848,
    0x48484848, 0x4A4A4A48, 0x48484848, 0x48484848, 0x48484848, 0x48484848, 0x2E484848, 0x4848482E,
    0x2D484848, 0x48484834, 0x48484848, 0x48484848, 0x48484848, 0x48484848, 0x48484848, 0x48484848,
    0x484A4A4A, 0x48484848, 0x48484848, 0x48484848, 0x48484848, 0x48484848, 0x2E484848, 0x4848482E,
    0x2D484848, 0x48484834, 0x48484848, 0x48484848, 0x48484848, 0x48484848, 0x48484848, 0x48484848,
    0x4A4A4848, 0x4B4B4B4A, 0x48484848, 0x4A4A4A48, 0x48484848, 0x4A484848, 0x2E484848, 0x4848482E,
    0x2E484848, 0x48484835, 0x48484848, 0x48484848, 0x48484848, 0x48484848, 0x48484848, 0x48484848,
    0x4B4B4B4B, 0x4B4B4B4B, 0x4B4B4B4B, 0x4B4B4B4B, 0x4A4A4A4A, 0x4A4A4A4A, 0x2E4A4848, 0x48484A2E,
    0x2E484848, 0x48484835, 0x48484848, 0x48484848, 0x48484848, 0x48484848, 0x48484848, 0x48484848,
    0x4A4A4B4B, 0x4A4A4A4A, 0x484A4A4A, 0x48484848, 0x4848484A, 0x48484848, 0x2E484848, 0x4848482E,
    0x2E484848, 0x48484835, 0x48484848, 0x48484848, 0x48484848, 0x48484848, 0x48484848, 0x48484848,
    0x4B4B4B4A, 0x4B4B4B4B, 0x4B4A4A4A, 0x4B4B4B4B, 0x4A4A4A48, 0x4B4B4B4B, 0x2E484848, 0x4A4A4A2E,
    0x2E484848, 0x484A4A35, 0x48484848, 0x48484848, 0x48484848, 0x48484848, 0x48484848, 0x48484848,
    0x4B4B4B4B, 0x4B4B4B4B, 0x4B4B4B4B, 0x4B4B4B4B, 0x4B4B4B4B, 0x4B4B4B4B, 0x2E4A4A4A, 0x4A4A4A2E,
    0x2E484848, 0x48484835, 0x48484848, 0x48484848, 0x48484848, 0x48484848, 0x48484848, 0x48484848,
    0x4B4B4B4B, 0x48484A4B, 0x4A4B4B4B, 0x4848484A, 0x484A4B4B, 0x48484848, 0x2E48484A, 0x4848482E,
    0x2E484848, 0x48484835, 0x48484848, 0x48484848, 0x48484848, 0x48484848, 0x48484848, 0x48484848,
    0x48484848, 0x48484848, 0x48484848, 0x48484848, 0x48484848, 0x48484848, 0x2D484848, 0x4848482D,
    0x2D484848, 0x48484834, 0x48484848, 0x48484848, 0x48484848, 0x48484848, 0x48484848, 0x48484848,
    0x48484848, 0x48484848, 0x48484848, 0x48484848, 0x48484848, 0x48484848, 0x2E484848, 0x4848482E,
    0x2E484848, 0x48484835, 0x48484848, 0x48484848, 0x48484848, 0x48484848, 0x48484848, 0x48484848,
    0x48484848, 0x56484848, 0x48484848, 0x56484848, 0x48484848, 0x56484848, 0x2D484848, 0x5648482D,
    0x2D484848, 0x56484834, 0x48484848, 0x56484848, 0x48484848, 0x56484848, 0x48484848, 0x56484848,
    0x34343325, 0x34343434, 0x34333325, 0x34343434, 0x34333325, 0x33343435, 0x34333325, 0x33343437,
    0x34333325, 0x33343434, 0x34333325, 0x34343434, 0x34333325, 0x34343434, 0x34333325, 0x34343434,
    0x34343434, 0x34343434, 0x34343434, 0x34343434, 0x34343434, 0x34343434, 0x34343434, 0x34343434,
    0x34343434, 0x34343434, 0x34343434, 0x34343434, 0x34343434, 0x34343434, 0x34333334, 0x34343434,
    0x34343434, 0x34353434, 0x34343434, 0x34343434, 0x34343434, 0x34343434, 0x34343434, 0x34343434,
    0x34343434, 0x34343434, 0x34343434, 0x34343434, 0x34343434, 0x34343434, 0x34343434, 0x33343434,
    0x34333333, 0x34343434, 0x34333333, 0x34343434, 0x34333333, 0x34343434, 0x33333333, 0x34343434,
    0x34333333, 0x34343434, 0x34333333, 0x34343434, 0x34333333, 0x34343434, 0x34343333, 0x34343434,
    0x34343434, 0x2B353434, 0x34343434, 0x2B353434, 0x34343434, 0x2B353434, 0x34343434, 0x2B373434,
    0x34343434, 0x2B353434, 0x34343434, 0x2B343434, 0x34343434, 0x2B343434, 0x34343434, 0x2B343434,
    0x33343439, 0x34333334, 0x34343439, 0x33333334, 0x34343439, 0x33333334, 0x34343439, 0x32323334,
    0x46343439, 0x30323338, 0x38343439, 0x32323326, 0x34343439, 0x33333334, 0x2B2B2B2B, 0x2B2B2B2B,
    0x34343434, 0x34343433, 0x34343434, 0x34343433, 0x33333333, 0x34343433, 0x33333332, 0x34343434,
    0x33333332, 0x34343434, 0x33333333, 0x34343434, 0x33333333, 0x33343434, 0x2B2B2B2B, 0x2B2B2B2B,
    0x34343434, 0x33343434, 0x34343434, 0x33343434, 0x34343434, 0x33343434, 0x33343434, 0x33343434,
    0x33343434, 0x33343434, 0x34343434, 0x33343434, 0x34343434, 0x33343434, 0x2B2B2B2B, 0x2B2B2B2B,
    0x34343333, 0x34373734, 0x34343333, 0x34343434, 0x34343333, 0x35343434, 0x34343333, 0x35343434,
    0x34343333, 0x34343434, 0x34343333, 0x34343434, 0x34343333, 0x34343434, 0x2B2B2B2B, 0x2B2B2B2B,
    0x34343434, 0x25343434, 0x34343434, 0x25343434, 0x34343434, 0x25343434, 0x34343434, 0x25343433,
    0x46343434, 0x25343438, 0x38343434, 0x25343426, 0x34343434, 0x25343434, 0x2B2B2B2B, 0x252B2B2B,
    0x48484856, 0x48484848, 0x48484856, 0x48484848, 0x48484856, 0x48484848, 0x2D484856, 0x4848482D,
    0x2D484856, 0x48484834, 0x48484856, 0x48484848, 0x48484856, 0x48484848, 0x48484856, 0x48484848,
    0x48484848, 0x48484848, 0x48484848, 0x48484848, 0x48484848, 0x48484848, 0x2D484848, 0x4848482D,
    0x2D484848, 0x48484834, 0x48484848, 0x48484848, 0x48484848, 0x48484848, 0x48484848, 0x48484848,
    0x48484848, 0x48484848, 0x48484848, 0x48484848, 0x48484848, 0x48484848, 0x2D484848, 0x4848482D,
    0x2D484848, 0x48484834, 0x48484848, 0x48484848, 0x48484848, 0x48484848, 0x48484848, 0x48484848,
    0x48484848, 0x48484848, 0x48484848, 0x48484848, 0x48484848, 0x48484848, 0x2D484848, 0x4848482D,
    0x2D484848, 0x48484834, 0x48484848, 0x48484848, 0x48484848, 0x48484848, 0x48484848, 0x48484848,
    0x48484848, 0x48484848, 0x48484848, 0x48484848, 0x48484848, 0x48484848, 0x2D484848, 0x4848482E,
    0x2D484848, 0x48484835, 0x48484848, 0x48484848, 0x48484848, 0x48484848, 0x48484848, 0x48484848,
    0x48484848, 0x48484848, 0x48484848, 0x48484848, 0x48484848, 0x48484848, 0x2E484848, 0x4848482E,
    0x2E484848, 0x48484835, 0x48484848, 0x48484848, 0x48484848, 0x48484848, 0x48484848, 0x48484848,
    0x48484848, 0x48484848, 0x48484848, 0x48484848, 0x48484848, 0x48484848, 0x2D484848, 0x4848482D,
    0x2D484848, 0x48484834, 0x48484848, 0x48484848, 0x48484848, 0x48484848, 0x48484848, 0x48484848,
    0x48484848, 0x48484848, 0x48484848, 0x48484848, 0x48484848, 0x48484848, 0x2D484848, 0x4848482D,
    0x2D484848, 0x48484834, 0x49494848, 0x48494949, 0x49494948, 0x49494949, 0x49494949, 0x49494949,
    0x48484848, 0x48484848, 0x48484848, 0x48484848, 0x48484848, 0x48484848, 0x2D484848, 0x4848482D,
    0x2D484848, 0x48484834, 0x48484848, 0x48484848, 0x48484949, 0x48484848, 0x49494949, 0x48484849,
    0x48484848, 0x48484848, 0x48484848, 0x48484848, 0x48484848, 0x48484848, 0x2D484848, 0x4848482D,
    0x2D484848, 0x48484834, 0x48484848, 0x48484848, 0x48484848, 0x48484848, 0x48484848, 0x48484848,
    0x48484848, 0x48484848, 0x48484848, 0x48484848, 0x48484848, 0x48484848, 0x2D484848, 0x4848482D,
    0x2D484848, 0x48484834, 0x48484848, 0x48484848, 0x48484848, 0x48484848, 0x48484848, 0x48494948,
    0x48484848, 0x48484848, 0x48484848, 0x48484848, 0x48484848, 0x48484848, 0x2D484848, 0x4848482D,
    0x2D484848, 0x48484834, 0x48484848, 0x48484848, 0x48484848, 0x48484848, 0x48484848, 0x48484848,
    0x48484848, 0x48484848, 0x48484848, 0x48484848, 0x48484848, 0x48484848, 0x2E484848, 0x4848482E,
    0x2E484848, 0x48484835, 0x48484848, 0x48484848, 0x48484848, 0x48484848, 0x48484848, 0x48484848,
    0x48484848, 0x48484848, 0x48484848, 0x48484848, 0x48484848, 0x48484848, 0x2D484848, 0x4848482D,
    0x2D484848, 0x48484834, 0x48484848, 0x48484848, 0x48484848, 0x48484848, 0x48484848, 0x48484848,
    0x48484848, 0x48484848, 0x48484848, 0x48484848, 0x48484848, 0x48484848, 0x2D484848, 0x4848482D,
    0x2D484848, 0x48484834, 0x48484848, 0x48484848, 0x48484848, 0x49494848, 0x48484848, 0x49494949,
    0x48484848, 0x48484848, 0x48484848, 0x48484848, 0x48484848, 0x48484848, 0x2D484848, 0x4848482D,
    0x2D484848, 0x48484834, 0x48484848, 0x48484848, 0x49494949, 0x49494949, 0x49494949, 0x49494949,
    0x48484848, 0x48484848, 0x48484848, 0x48484848, 0x48484848, 0x48484848, 0x2D484848, 0x4848482D,
    0x2D484848, 0x48484834, 0x48484848, 0x49494848, 0x49494949, 0x49494949, 0x49494949, 0x49494949,
    0x48484848, 0x48484848, 0x48484848, 0x48484848, 0x48484848, 0x48484848, 0x2D484848, 0x4848482D,
    0x2D484848, 0x48484834, 0x49494949, 0x48484848, 0x49494949, 0x49494949, 0x49494949, 0x49494949,
    0x48484848, 0x48484848, 0x48484848, 0x48484848, 0x48484848, 0x48484848, 0x2D484848, 0x4848482D,
    0x2D484848, 0x48484834, 0x48484848, 0x48484848, 0x48484848, 0x48484848, 0x48494949, 0x49494848,
    0x48484848, 0x56484848, 0x48484848, 0x56484848, 0x48484848, 0x56484848, 0x2D484848, 0x5648482D,
    0x2D484848, 0x56484834, 0x49484848, 0x56494949, 0x49494949, 0x56494949, 0x49494949, 0x56494949,
    0x34333325, 0x34343434, 0x34343425, 0x34343434, 0x34343425, 0x34343434, 0x34343425, 0x34343434,
    0x46343425, 0x34343438, 0x38343425, 0x34343426, 0x34343425, 0x34343434, 0x2B2B2B25, 0x2B2B2B2B,
    0x34333434, 0x34343434, 0x34343434, 0x34343434, 0x34343434, 0x34343534, 0x34343434, 0x34343534,
    0x34343434, 0x34343534, 0x34343434, 0x34343534, 0x34343434, 0x34343434, 0x2B2B2B2B, 0x2B2B2B2B,
    0x33343434, 0x33343434, 0x33343434, 0x33343434, 0x33343434, 0x33333333, 0x33333434, 0x33333333,
    0x33343434, 0x33333333, 0x33343434, 0x33333333, 0x34343434, 0x34333334, 0x2B2B2B2B, 0x2B2B2B2B,
    0x34343433, 0x34343434, 0x34343434, 0x34343433, 0x34343434, 0x34343433, 0x33343434, 0x34343433,
    0x33343434, 0x34343433, 0x33343434, 0x34343333, 0x33343434, 0x34343333, 0x2B2B2B2B, 0x2B2B2B2B,
    0x34343434, 0x2B343333, 0x34343434, 0x2B343333, 0x34343434, 0x2B333333, 0x33343434, 0x2B333233,
    0x46343434, 0x2B333238, 0x38343434, 0x2B333326, 0x33333434, 0x2B333333, 0x2B2B2B2B, 0x2B2B2B2B,
    0x39393939, 0x39393939, 0x34343439, 0x34343434, 0x34343439, 0x34343434, 0x34343439, 0x34343434,
    0x46343439, 0x34343438, 0x38343439, 0x34343426, 0x34343439, 0x34343434, 0x34343439, 0x34343434,
    0x39393939, 0x39393939, 0x33333434, 0x33333433, 0x33343434, 0x33333333, 0x33343434, 0x33333333,
    0x34343434, 0x32333333, 0x34343434, 0x32333333, 0x33343434, 0x33333333, 0x33343434, 0x33333433,
    0x39393939, 0x39393939, 0x34343433, 0x33343434, 0x34343433, 0x33333334, 0x34343434, 0x33333334,
    0x34343434, 0x33333333, 0x34343434, 0x33333333, 0x34343433, 0x33333334, 0x34343433, 0x33333334,
    0x39393939, 0x39393939, 0x34343333, 0x34343433, 0x33333333, 0x34343433, 0x33333333, 0x34343433,
    0x32333333, 0x34343433, 0x32333333, 0x34343433, 0x33333333, 0x34343433, 0x33333433, 0x34343434,
    0x39393939, 0x25393939, 0x34343333, 0x25343434, 0x34343333, 0x25343434, 0x34343434, 0x25343434,
    0x46343434, 0x25343438, 0x38343434, 0x25343426, 0x34343333, 0x25343434, 0x34343333, 0x25343434,
    0x48484856, 0x48484848, 0x48484856, 0x48484848, 0x48484856, 0x48484848, 0x2D484856, 0x4848482D,
    0x2D484856, 0x48484834, 0x48484856, 0x48484848, 0x48484856, 0x48484848, 0x48484856, 0x48484848,
    0x48484848, 0x48484848, 0x48484848, 0x48484848, 0x48484848, 0x48484848, 0x2D484848, 0x4848482D,
    0x2D484848, 0x48484834, 0x48484848, 0x48484848, 0x48484848, 0x48484848, 0x48484848, 0x49484848,
    0x48484848, 0x48484848, 0x48484848, 0x48484848, 0x48484848, 0x48484848, 0x2D484848, 0x4848482D,
    0x2D494848, 0x49494934, 0x49494949, 0x49494949, 0x49494949, 0x49494949, 0x49494949, 0x49494949,
    0x48484848, 0x48484848, 0x48484848, 0x48484848, 0x48484848, 0x48484848, 0x2D484848, 0x4848482D,
    0x2D484848, 0x48484834, 0x49494949, 0x48484848, 0x49494949, 0x49494949, 0x49494949, 0x49494949,
    0x48484848, 0x48484848, 0x48484848, 0x48484848, 0x48484848, 0x48484848, 0x2D484848, 0x4848482D,
    0x2D484848, 0x48484834, 0x48484848, 0x48484848, 0x48484848, 0x48484848, 0x49494949, 0x48484849,
    0x48484848, 0x48484848, 0x48484848, 0x48484848, 0x48484848, 0x48484848, 0x2D484848, 0x4848482D,
    0x2D484848, 0x48484834, 0x48484848, 0x48484848, 0x48484848, 0x49494848, 0x49494948, 0x49494949,
    0x48484848, 0x49484848, 0x48484848, 0x49494848, 0x48484848, 0x49494848, 0x2D484848, 0x4949492D,
    0x2D484848, 0x49494934, 0x49494848, 0x49494949, 0x49494949, 0x49494949, 0x49494949, 0x49494949,
    0x49494949, 0x49494949, 0x49494949, 0x49494949, 0x49494949, 0x49494949, 0x2D494949, 0x4949492D,
    0x2D494949, 0x49494934, 0x49494949, 0x49494949, 0x49494949, 0x49494949, 0x49494949, 0x49494949,
    0x49494949, 0x49494949, 0x49494949, 0x49494949, 0x49494949, 0x49494949, 0x2D494949, 0x4949492D,
    0x2D494949, 0x49494934, 0x49494949, 0x49494949, 0x49494949, 0x49494949, 0x49494949, 0x49494949,
    0x48484848, 0x48484848, 0x48484949, 0x48484848, 0x48494949, 0x48484848, 0x2D494949, 0x4848482D,
    0x2D494949, 0x49494934, 0x49494949, 0x49494949, 0x49494949, 0x49494949, 0x49494949, 0x49494949,
    0x49484848, 0x49494949, 0x49494848, 0x49494949, 0x49494948, 0x49494949, 0x2D494949, 0x4949492D,
    0x2D494949, 0x49494934, 0x49494949, 0x49494949, 0x49494949, 0x49494949, 0x49494949, 0x49494949,
    0x48484849, 0x48484848, 0x48484849, 0x48484848, 0x48484949, 0x48484848, 0x2D484949, 0x4848482D,
    0x2D494949, 0x48484834, 0x49494949, 0x48484848, 0x49494949, 0x49494949, 0x49494949, 0x49494949,
    0x48484848, 0x48484848, 0x48484848, 0x48484848, 0x48484848, 0x48484848, 0x2D484848, 0x4848482D,
    0x2D484848, 0x48484834, 0x48484848, 0x48484848, 0x48484849, 0x49484848, 0x49494949, 0x49494949,
    0x48484848, 0x48484848, 0x48484848, 0x48484848, 0x48484848, 0x48484848, 0x2D484848, 0x4948482D,
    0x2D484848, 0x49494934, 0x49494848, 0x49494949, 0x49494949, 0x49494949, 0x49494949, 0x49494949,
    0x49484848, 0x49494949, 0x49494848, 0x49494949, 0x49494948, 0x49494949, 0x2D494949, 0x4949492D,
    0x2D494949, 0x49494934, 0x49494949, 0x49494949, 0x49494949, 0x49494949, 0x49494949, 0x49494949,
    0x49494949, 0x49494949, 0x49494949, 0x49494949, 0x49494949, 0x49494949, 0x2D494949, 0x4949492D,
    0x2D494949, 0x49494934, 0x49494949, 0x47474749, 0x49494949, 0x47474747, 0x47494949, 0x47474747,
    0x49494949, 0x49494949, 0x49494949, 0x49494949, 0x49494949, 0x49494949, 0x2D494949, 0x4949492D,
    0x2D494949, 0x49494934, 0x47474747, 0x49494947, 0x47474747, 0x47474747, 0x47474747, 0x47474747,
    0x49494949, 0x49494949, 0x49494949, 0x49494949, 0x49494949, 0x49494949, 0x2D494949, 0x4949492D,
    0x2D494949, 0x49494934, 0x49494949, 0x49494949, 0x47474747, 0x49494949, 0x47474747, 0x49494947,
    0x49494949, 0x49494949, 0x49494949, 0x49494949, 0x49494949, 0x49494949, 0x2D494949, 0x4949492D,
    0x2D494949, 0x49494934, 0x49494949, 0x49494949, 0x49494949, 0x49494949, 0x49494949, 0x49494949,
    0x49494949, 0x56494949, 0x49494949, 0x56494949, 0x49494949, 0x56494949, 0x2D494949, 0x5649492D,
    0x2D494949, 0x56494934, 0x49494949, 0x56494949, 0x49494949, 0x56494949, 0x49494949, 0x56494949,
    0x39393925, 0x39393939, 0x34333425, 0x34343434, 0x34333325, 0x34333434, 0x34333325, 0x33333434,
    0x46333025, 0x33333438, 0x38333025, 0x33333426, 0x34333225, 0x33333434, 0x34333325, 0x33343434,
    0x39393939, 0x39393939, 0x34343433, 0x34343434, 0x34343333, 0x34343434, 0x34343333, 0x33343434,
    0x34333333, 0x33343434, 0x34333333, 0x33343434, 0x34333333, 0x33343434, 0x33333333, 0x33343433,
    0x39393939, 0x39393939, 0x34343434, 0x34343434, 0x34343333, 0x34343434, 0x35343333, 0x34343434,
    0x37343333, 0x34343434, 0x37343333, 0x34343434, 0x34343333, 0x34343434, 0x34343333, 0x34343434,
    0x39393939, 0x39393939, 0x34333434, 0x34343334, 0x34343434, 0x34343434, 0x34343434, 0x34343434,
    0x34343333, 0x34343434, 0x34343333, 0x34343434, 0x34343434, 0x34343434, 0x34343434, 0x34343434,
    0x39393939, 0x2B393939, 0x33333334, 0x2B333434, 0x33333334, 0x2B343434, 0x33333334, 0x2B343434,
    0x46333334, 0x2B343438, 0x38333334, 0x2B343426, 0x33333334, 0x2B343434, 0x33333334, 0x2B343434,
    0x34343439, 0x34343434, 0x34343439, 0x34343434, 0x34343439, 0x34343434, 0x33343439, 0x34343434,
    0x33343439, 0x34343433, 0x33333439, 0x34343433, 0x33333439, 0x34343433, 0x33333439, 0x34343433,
    0x33333434, 0x33333433, 0x33333434, 0x33343433, 0x33333434, 0x34343434, 0x34333434, 0x34343434,
    0x34343433, 0x34343434, 0x34343433, 0x34343434, 0x34343433, 0x34343434, 0x34343434, 0x34343434,
    0x34343433, 0x33333334, 0x34343433, 0x33333434, 0x34343433, 0x33333434, 0x34343434, 0x33343434,
    0x34343434, 0x33343434, 0x34343434, 0x33343434, 0x34343434, 0x33343434, 0x34343434, 0x33343434,
    0x33333433, 0x34343434, 0x33333433, 0x34343434, 0x33333433, 0x34343434, 0x33333333, 0x34343434,
    0x33333333, 0x34343434, 0x33333333, 0x34353434, 0x33333333, 0x34353434, 0x33333333, 0x34353434,
    0x34343333, 0x25343434, 0x34343333, 0x25343434, 0x34343333, 0x25343434, 0x34333333, 0x25343434,
    0x34333333, 0x25343434, 0x34333333, 0x25343434, 0x34333333, 0x25343434, 0x34333334, 0x25343434,
    0x48484856, 0x48484848, 0x48484856, 0x48484848, 0x48484856, 0x48484848, 0x2D484856, 0x4848482D,
    0x2D484856, 0x48484834, 0x48484856, 0x49484848, 0x49484856, 0x49494949, 0x49494956, 0x49494949,
    0x48484848, 0x49484848, 0x48484848, 0x49494848, 0x48484848, 0x49494848, 0x2D484848, 0x4949492D,
    0x2D484848, 0x49494934, 0x49494949, 0x49494949, 0x49494949, 0x49494949, 0x49494949, 0x49494949,
    0x49494949, 0x49494949, 0x49494949, 0x49494949, 0x49494949, 0x49494949, 0x2D494949, 0x4949492D,
    0x2D494949, 0x49494934, 0x49494949, 0x49494949, 0x49494949, 0x49494949, 0x49494949, 0x49494949,
    0x49494949, 0x49494949, 0x49494949, 0x49494949, 0x49494949, 0x49494949, 0x2D494949, 0x4949492D,
    0x2D494949, 0x49494934, 0x49494949, 0x49494949, 0x49494949, 0x47494949, 0x49494949, 0x47474749,
    0x49494949, 0x49494949, 0x49494949, 0x49494949, 0x49494949, 0x49494949, 0x2D494949, 0x4949492D,
    0x2D494949, 0x49494934, 0x49494949, 0x47494949, 0x47474747, 0x47474747, 0x47474747, 0x47474747,
    0x49494949, 0x49494949, 0x49494949, 0x49494949, 0x49494949, 0x49494949, 0x2D494949, 0x4949492D,
    0x2D494949, 0x47474734, 0x47474747, 0x47474747, 0x47474747, 0x47474747, 0x47474747, 0x47474747,
    0x49494949, 0x49494949, 0x49494949, 0x49494949, 0x49494949, 0x49494949, 0x2D494949, 0x4949492D,
    0x2D494949, 0x49494934, 0x47474747, 0x49494949, 0x47474747, 0x49494947, 0x47474747, 0x49494947,
    0x49494949, 0x49494949, 0x49494949, 0x49494949, 0x49494949, 0x49494949, 0x2D494949, 0x4949492D,
    0x2D494949, 0x49494934, 0x49494949, 0x49494949, 0x49494949, 0x49494949, 0x49494949, 0x49494949,
    0x49494949, 0x49494949, 0x49494949, 0x49494949, 0x49494949, 0x49494949, 0x2D494949, 0x4949492D,
    0x2D494949, 0x49494934, 0x49494949, 0x49494949, 0x49494949, 0x49494949, 0x49494949, 0x47474747,
    0x49494949, 0x49494949, 0x49494949, 0x49494949, 0x49494949, 0x49494949, 0x2D494949, 0x4949492D,
    0x2D494949, 0x49494934, 0x49494949, 0x49494949, 0x49494949, 0x49494949, 0x47474747, 0x47474947,
    0x49494949, 0x49494949, 0x49494949, 0x49494949, 0x49494949, 0x49494949, 0x2D494949, 0x4949492D,
    0x2D494949, 0x47474734, 0x47494949, 0x47474747, 0x47474749, 0x47474747, 0x47474747, 0x47474747,
    0x49494949, 0x49494949, 0x49494949, 0x49494949, 0x49494949, 0x49494949, 0x2D494949, 0x4949492D,
    0x2D494947, 0x47474934, 0x47474747, 0x47474747, 0x47474747, 0x47474747, 0x47474747, 0x47474747,
    0x49494949, 0x49494949, 0x49494949, 0x49494949, 0x49494949, 0x49494949, 0x2D494949, 0x4749492D,
    0x2D474747, 0x47474734, 0x47474747, 0x47474747, 0x47474747, 0x47474747, 0x47474747, 0x47474747,
    0x49494949, 0x49494949, 0x49494949, 0x47474747, 0x47474949, 0x47474747, 0x2D474747, 0x4747472D,
    0x2D474747, 0x47474734, 0x47474747, 0x47474747, 0x47474747, 0x47474747, 0x47474747, 0x47474747,
    0x49494949, 0x49494949, 0x49494949, 0x49494949, 0x49494947, 0x49494949, 0x2D494947, 0x4949492D,
    0x2D494947, 0x49494934, 0x49494747, 0x49494949, 0x49494747, 0x49494949, 0x49494747, 0x49494949,
    0x47494949, 0x47474747, 0x47494949, 0x47474747, 0x47474949, 0x47474747, 0x2D474949, 0x4747472D,
    0x2D474949, 0x47474734, 0x47474949, 0x47474747, 0x47474749, 0x47474747, 0x47474749, 0x47474747,
    0x47474747, 0x47474747, 0x47474747, 0x47474747, 0x47474747, 0x47474747, 0x2D474747, 0x4747472D,
    0x2D474747, 0x47474734, 0x47474747, 0x47474747, 0x47474747, 0x47474747, 0x47474747, 0x47474747,
    0x47474747, 0x49494747, 0x47474747, 0x49474747, 0x47474747, 0x49474747, 0x2D474747, 0x4747472D,
    0x2D474747, 0x47474734, 0x47474747, 0x47474747, 0x47474747, 0x47474747, 0x47474747, 0x47474747,
    0x49494949, 0x49494949, 0x49494949, 0x49494949, 0x49494949, 0x49494949, 0x2D494949, 0x4949492D,
    0x2D494747, 0x49494934, 0x47474747, 0x49494949, 0x47474747, 0x49494747, 0x47474747, 0x47474747,
    0x49494949, 0x56494949, 0x49494949, 0x56494949, 0x49494949, 0x56494949, 0x2D494949, 0x5649492D,
    0x2D494949, 0x56494934, 0x49494949, 0x56494949, 0x49494949, 0x56494949, 0x49494949, 0x56494949,
    0x34333325, 0x33343434, 0x34333325, 0x33343434, 0x34343425, 0x33343434, 0x34343425, 0x34343434,
    0x34343425, 0x34343434, 0x34343425, 0x34343434, 0x34343425, 0x34343434, 0x34343425, 0x33343434,
    0x33333333, 0x34343333, 0x33333333, 0x34343433, 0x33333333, 0x34343434, 0x34333333, 0x34343434,
    0x34333434, 0x34343434, 0x34333434, 0x34343434, 0x34333434, 0x34343434, 0x34343434, 0x34343434,
    0x34343334, 0x34343434, 0x34343434, 0x34343434, 0x34343434, 0x34343434, 0x34343434, 0x34343434,
    0x34343434, 0x34343434, 0x34343434, 0x34343434, 0x34343434, 0x34343434, 0x34343434, 0x34343434,
    0x34333434, 0x34343434, 0x34333434, 0x34343434, 0x34343434, 0x33343434, 0x34343434, 0x33333434,
    0x34343434, 0x33333334, 0x34343434, 0x33333334, 0x34343434, 0x33333334, 0x34343434, 0x33333434,
    0x33333333, 0x2B343434, 0x33333333, 0x2B343434, 0x33333333, 0x2B343434, 0x33333333, 0x2B343434,
    0x33333333, 0x2B343434, 0x33333433, 0x2B343434, 0x33333433, 0x2B343434, 0x33333433, 0x2B343434,
    0x34333339, 0x34343434, 0x34333339, 0x34343434, 0x34343339, 0x34343434, 0x34343339, 0x34343434,
    0x34343339, 0x34343434, 0x37343339, 0x34343737, 0x37343339, 0x34343838, 0x37343339, 0x34343838,
    0x34333434, 0x34343434, 0x34333434, 0x34343434, 0x34333434, 0x34343434, 0x34333434, 0x34343434,
    0x34333434, 0x34343434, 0x34333334, 0x34343334, 0x34343334, 0x34343334, 0x33343434, 0x34343334,
    0x34343434, 0x34343434, 0x34343434, 0x34343434, 0x34343434, 0x33343434, 0x34343434, 0x33343434,
    0x34343434, 0x33343434, 0x34343434, 0x33343434, 0x34343434, 0x33343434, 0x34343434, 0x33343434,
    0x33333333, 0x34343434, 0x34343433, 0x35343434, 0x34343433, 0x35343434, 0x34343433, 0x34343434,
    0x34343433, 0x34343434, 0x34343433, 0x34343434, 0x34343433, 0x34343434, 0x34343433, 0x34343434,
    0x34333334, 0x25343434, 0x34333334, 0x25343434, 0x34333334, 0x25343434, 0x34333334, 0x25343434,
    0x34333334, 0x25343434, 0x34333334, 0x25343434, 0x34333334, 0x25343434, 0x34343334, 0x25343434,
    0x49494956, 0x49494949, 0x49494956, 0x49494949, 0x49494956, 0x47494949, 0x2D494956, 0x4747492D,
    0x2D494956, 0x47474734, 0x49494956, 0x47474747, 0x49494956, 0x47474747, 0x47474956, 0x47474747,
    0x49494949, 0x49494949, 0x47474949, 0x49494949, 0x47474747, 0x49474747, 0x2D474747, 0x4747472D,
    0x2D474747, 0x47474734, 0x47474747, 0x47474747, 0x47474747, 0x47474747, 0x47474747, 0x47474747,
    0x49494949, 0x49494949, 0x49494949, 0x49494949, 0x49494949, 0x49494949, 0x2D494947, 0x4749492D,
    0x2D474747, 0x47474734, 0x47474747, 0x47474747, 0x47474747, 0x47474747, 0x47474747, 0x47474747,
    0x49494949, 0x47474747, 0x47474949, 0x47474747, 0x47474749, 0x47474747, 0x2D474747, 0x4747472D,
    0x2D474747, 0x47474734, 0x47474747, 0x47474747, 0x47474747, 0x47474747, 0x47474747, 0x47474747,
    0x47474747, 0x47474747, 0x47474747, 0x47474747, 0x47474747, 0x47474747, 0x2D474747, 0x4747472D,
    0x2D474747, 0x47474734, 0x47474747, 0x47474747, 0x47474747, 0x47474747, 0x47474747, 0x47474747,
    0x47474747, 0x47474747, 0x47474747, 0x47474747, 0x47474747, 0x47474747, 0x2D474747, 0x4747472D,
    0x2D474747, 0x47474733, 0x47474747, 0x47474747, 0x47474747, 0x47474747, 0x47474747, 0x47474747,
    0x47474747, 0x49494747, 0x47474747, 0x49494747, 0x47474747, 0x49494747, 0x2D474747, 0x4949472D,
    0x2D474747, 0x49474734, 0x47474747, 0x49474747, 0x47474747, 0x47474747, 0x47474747, 0x47474747,
    0x49494949, 0x49494949, 0x49494949, 0x49494949, 0x49494949, 0x49494949, 0x2D494949, 0x4949492D,
    0x2D494949, 0x49494934, 0x49494949, 0x49494949, 0x49494949, 0x49494949, 0x49494947, 0x47494949,
    0x47474949, 0x47474747, 0x47474949, 0x47474747, 0x47474749, 0x47474747, 0x2D474749, 0x4747472D,
    0x2D474749, 0x47474734, 0x47474747, 0x47474747, 0x47474747, 0x47474747, 0x47474747, 0x47474747,
    0x47474747, 0x47474747, 0x47474747, 0x47474747, 0x47474747, 0x47474747, 0x2D474747, 0x4747472D,
    0x2D474747, 0x47474734, 0x47474747, 0x47474747, 0x47474747, 0x47474747, 0x47474747, 0x47474747,
    0x47474747, 0x47474747, 0x47474747, 0x47474747, 0x47474747, 0x47474747, 0x2D474747, 0x4747472D,
    0x2D474747, 0x47474733, 0x47474747, 0x47474747, 0x47474747, 0x47474747, 0x47474747, 0x47474747,
    0x47474747, 0x47474747, 0x47474747, 0x47474747, 0x47474747, 0x47474747, 0x2D474747, 0x4747472D,
    0x2D474747, 0x47474733, 0x47474747, 0x47474747, 0x47474747, 0x47474747, 0x47474747, 0x47474747,
    0x47474747, 0x47474747, 0x47474747, 0x47474747, 0x47474747, 0x47474747, 0x2D474747, 0x4747472D,
    0x2D474747, 0x47474734, 0x47474747, 0x47474747, 0x47474747, 0x47474747, 0x47474747, 0x47474747,
    0x47474747, 0x47474747, 0x47474747, 0x47474747, 0x47474747, 0x47474747, 0x2D474747, 0x4747472D,
    0x2D474747, 0x47474734, 0x47474747, 0x47474747, 0x47474747, 0x47474747, 0x47474747, 0x47474747,
    0x49474747, 0x49494949, 0x47474747, 0x49494949, 0x47474747, 0x49494949, 0x2D474747, 0x4747472D,
    0x2D474747, 0x47474734, 0x47474747, 0x47474747, 0x47474747, 0x47474747, 0x47474747, 0x47474747,
    0x47474749, 0x47474747, 0x47474747, 0x47474747, 0x47474747, 0x47474747, 0x2D474747, 0x4747472D,
    0x2D474747, 0x47474734, 0x47474747, 0x47474747, 0x47474747, 0x47474747, 0x47474747, 0x47474747,
    0x47474747, 0x47474747, 0x47474747, 0x47474747, 0x47474747, 0x47474747, 0x2D474747, 0x4747472D,
    0x2D474747, 0x47474733, 0x47474747, 0x47474747, 0x47474747, 0x47474747, 0x47474747, 0x47474747,
    0x47474747, 0x47474747, 0x47474747, 0x47474747, 0x47474747, 0x47474747, 0x2D474747, 0x4747472D,
    0x2D474747, 0x47474733, 0x47474747, 0x47474747, 0x47474747, 0x47474747, 0x47474747, 0x47474747,
    0x47474747, 0x47474747, 0x47474747, 0x47474747, 0x47474747, 0x47474747, 0x2D474747, 0x4747472D,
    0x2D474747, 0x47474733, 0x47474747, 0x47474747, 0x47474747, 0x47474747, 0x47474747, 0x47474747,
    0x49494949, 0x56494949, 0x49494947, 0x56494949, 0x49494947, 0x56494949, 0x2D494947, 0x5649492D,
    0x2D494747, 0x56494934, 0x49494747, 0x56494949, 0x49494747, 0x56494949, 0x49474747, 0x56494949,
    0x34343425, 0x33343434, 0x34343425, 0x33343433, 0x34343425, 0x33343433, 0x34343425, 0x33343333,
    0x34343425, 0x34333333, 0x34343425, 0x34333333, 0x33343325, 0x34333333, 0x33343325, 0x34333333,
    0x34343434, 0x34343434, 0x34343434, 0x34343434, 0x34343434, 0x34343434, 0x34343434, 0x34343434,
    0x34343434, 0x34343434, 0x34333434, 0x34343434, 0x34333434, 0x34343434, 0x34333434, 0x34343434,
    0x34343434, 0x34343434, 0x34343434, 0x34343434, 0x34343434, 0x34343434, 0x34343434, 0x34343434,
    0x34343434, 0x34343434, 0x34343434, 0x34343434, 0x34333334, 0x34343434, 0x34333334, 0x34343434,
    0x34343434, 0x33333434, 0x34343434, 0x33343434, 0x34343434, 0x33343434, 0x34343434, 0x33343434,
    0x34343434, 0x33343434, 0x34343434, 0x33343434, 0x34343434, 0x33333434, 0x34343434, 0x33333434,
    0x33333333, 0x2B343434, 0x34333333, 0x2B343434, 0x34343433, 0x2B343434, 0x34333333, 0x2B343434,
    0x34333333, 0x2B343434, 0x34333333, 0x2B343434, 0x34333333, 0x2B343434, 0x34333333, 0x2B343434,
    0x37343339, 0x34373737, 0x37343339, 0x34373434, 0x37343439, 0x34373434, 0x37343439, 0x34343434,
    0x35343439, 0x34343434, 0x34343439, 0x34343434, 0x34343439, 0x34333434, 0x34343439, 0x34333434,
    0x33343434, 0x34343433, 0x33343434, 0x34343433, 0x33343434, 0x34343433, 0x33343434, 0x34343433,
    0x33343434, 0x34343433, 0x34343434, 0x34343433, 0x34343434, 0x34343433, 0x34343434, 0x34343433,
    0x34343434, 0x33343434, 0x34343434, 0x33343434, 0x34343434, 0x33343434, 0x34343434, 0x33343434,
    0x34343434, 0x34343434, 0x34343434, 0x34343434, 0x34343434, 0x34343434, 0x34333334, 0x34343434,
    0x34343433, 0x34343434, 0x34343433, 0x34343434, 0x34343433, 0x34343434, 0x34343433, 0x34343434,
    0x34343433, 0x34343434, 0x34343433, 0x34343434, 0x33343433, 0x34343434, 0x33343434, 0x34343433,
    0x34343334, 0x25343434, 0x33343434, 0x25343433, 0x33343434, 0x25343433, 0x33343434, 0x25333433,
    0x33343434, 0x25333433, 0x33333434, 0x25333333, 0x33333434, 0x25333333, 0x33333434, 0x25333333,
    0x47474756, 0x47474747, 0x47474756, 0x47474747, 0x47474756, 0x47474747, 0x2D474756, 0x4747472D,
    0x2D474756, 0x47474734, 0x47474756, 0x47474747, 0x47474756, 0x47474747, 0x47474756, 0x47474747,
    0x47474747, 0x47474747, 0x47474747, 0x47474747, 0x47474747, 0x47474747, 0x2D474747, 0x4747472D,
    0x2D474747, 0x47474733, 0x47474747, 0x47474747, 0x47474747, 0x47474747, 0x47474747, 0x47474747,
    0x47474747, 0x47474747, 0x47474747, 0x47474747, 0x47474747, 0x47474747, 0x2D474747, 0x4747472D,
    0x2D474747, 0x47474734, 0x47474747, 0x47474747, 0x47474747, 0x47474747, 0x47474747, 0x47474747,
    0x47474747, 0x47474747, 0x47474747, 0x47474747, 0x47474747, 0x47474747, 0x2D474747, 0x4747472D,
    0x2D474747, 0x45474733, 0x47474747, 0x45454547, 0x47474747, 0x45454545, 0x47474747, 0x45454545,
    0x47474747, 0x47474747, 0x47474747, 0x47474747, 0x47474747, 0x47474747, 0x2D474747, 0x4747472D,
    0x2D454545, 0x45454531, 0x45454545, 0x45454545, 0x45454545, 0x45454545, 0x45454545, 0x45454545,
    0x47474747, 0x47474747, 0x47474747, 0x47474747, 0x47474747, 0x47474747, 0x2D474747, 0x4747472D,
    0x2D474545, 0x47474733, 0x47454545, 0x47474747, 0x47454545, 0x47474747, 0x45454545, 0x47474747,
    0x47474747, 0x47474747, 0x47474747, 0x47474747, 0x47474747, 0x47474747, 0x2D474747, 0x4747472D,
    0x2D474747, 0x47474734, 0x47474747, 0x47474747, 0x47474747, 0x47474747, 0x47474747, 0x47474747,
    0x47474747, 0x47474747, 0x47474747, 0x47474747, 0x47474747, 0x47474747, 0x2D474747, 0x4747472D,
    0x2D474747, 0x47474734, 0x47474747, 0x47474747, 0x47474747, 0x47474747, 0x47474747, 0x47474747,
    0x47474747, 0x47474747, 0x47474747, 0x47474747, 0x47474747, 0x47474747, 0x2D474747, 0x4747472D,
    0x2D474747, 0x47474734, 0x47474747, 0x47474747, 0x47474747, 0x47474747, 0x47474747, 0x47474747,
    0x47474747, 0x47474747, 0x47474747, 0x47474747, 0x47474747, 0x47474747, 0x2D474747, 0x4747472D,
    0x2D474747, 0x47474734, 0x47474747, 0x47474747, 0x47474747, 0x47474747, 0x47474747, 0x47474747,
    0x47474747, 0x47474747, 0x47474747, 0x47474747, 0x47474747, 0x47474747, 0x2D474747, 0x4747472D,
    0x2D474747, 0x47474733, 0x47474747, 0x47474747, 0x47474747, 0x47474747, 0x47474747, 0x47474747,
    0x47474747, 0x47474747, 0x47474747, 0x47474747, 0x47474747, 0x47474747, 0x2D474747, 0x4747472D,
    0x2D474747, 0x47474733, 0x47474747, 0x47474747, 0x47474747, 0x47474747, 0x47474747, 0x47474747,
    0x47474747, 0x47474747, 0x47474747, 0x47474747, 0x47474747, 0x47474747, 0x2D474747, 0x4747472D,
    0x2D474747, 0x47474733, 0x47474747, 0x47474747, 0x47474747, 0x47474747, 0x47474747, 0x47474747,
    0x47474747, 0x47474747, 0x47474747, 0x47474747, 0x47474747, 0x47474747, 0x2D474747, 0x4747472D,
    0x2D474747, 0x47474733, 0x47474747, 0x47474747, 0x47474747, 0x47474747, 0x47474747, 0x47474747,
    0x47474747, 0x47474747, 0x47474747, 0x47474747, 0x47474747, 0x47474747, 0x2D474747, 0x4747472D,
    0x2D474747, 0x47474734, 0x47474747, 0x47474747, 0x47474747, 0x47474747, 0x47474747, 0x47474747,
    0x47474747, 0x47474747, 0x47474747, 0x47474747, 0x47474747, 0x47474747, 0x2D474747, 0x4747472D,
    0x2D474747, 0x47474733, 0x47474747, 0x47474747, 0x47474747, 0x45474747, 0x47474747, 0x45474747,
    0x47474747, 0x47474747, 0x47474747, 0x47474747, 0x47474747, 0x47474747, 0x2D474747, 0x4747472D,
    0x2D454545, 0x47474733, 0x45454545, 0x47474545, 0x45454545, 0x45454545, 0x45454545, 0x45454545,
    0x47474747, 0x47474747, 0x47474747, 0x47474747, 0x47474747, 0x47474747, 0x2D474747, 0x4747472D,
    0x2D474747, 0x47474733, 0x47474747, 0x47454545, 0x45454545, 0x45454545, 0x45454545, 0x45454545,
    0x47474747, 0x47474747, 0x47474747, 0x47474747, 0x47474747, 0x47474747, 0x2D474747, 0x4747472D,
    0x2D474747, 0x47474733, 0x47474747, 0x47474747, 0x47474745, 0x47474747, 0x47454545, 0x47474747,
    0x47474747, 0x56494949, 0x47474747, 0x56494947, 0x47474747, 0x56474747, 0x2D474747, 0x5647472D,
    0x2D474747, 0x56474734, 0x47474747, 0x56474747, 0x47474747, 0x56474747, 0x47474747, 0x56474747,
    0x33333325, 0x34333333, 0x33333325, 0x34343334, 0x33333325, 0x34343434, 0x34333325, 0x34343434,
    0x34333425, 0x34343434, 0x34343425, 0x34343437, 0x34343425, 0x34343438, 0x34343425, 0x34343438,
    0x34333334, 0x34343434, 0x34343333, 0x34343434, 0x34343433, 0x34343434, 0x34343434, 0x34343434,
    0x34343434, 0x34343434, 0x34343434, 0x34343434, 0x34343434, 0x34343434, 0x34343434, 0x34343434,
    0x34333334, 0x34343434, 0x34333334, 0x34343434, 0x34343334, 0x34343434, 0x34343334, 0x34333434,
    0x34343334, 0x34333334, 0x34343334, 0x33333334, 0x34343334, 0x33323334, 0x34343333, 0x33303334,
    0x34343434, 0x33333434, 0x34343434, 0x33333434, 0x34343434, 0x33333434, 0x34343434, 0x33333434,
    0x34343434, 0x33343434, 0x34343534, 0x34343434, 0x34353834, 0x34343434, 0x34373834, 0x34343434,
    0x34343434, 0x2B343434, 0x34343434, 0x2B343434, 0x34343434, 0x2B343434, 0x34343434, 0x2B343434,
    0x34343434, 0x2B343434, 0x34343434, 0x2B343434, 0x34343434, 0x2B343434, 0x35343434, 0x2B343434,
    0x34343439, 0x34333434, 0x34343439, 0x33333434, 0x35343439, 0x33333434, 0x34343439, 0x33343434,
    0x46343439, 0x33343438, 0x38343439, 0x34343426, 0x34343439, 0x34343434, 0x2B2B2B2B, 0x2B2B2B2B,
    0x34343434, 0x34343433, 0x34343434, 0x34343433, 0x34343434, 0x34343333, 0x34343434, 0x34343333,
    0x34343434, 0x34333333, 0x34343434, 0x33333333, 0x34343434, 0x33333334, 0x2B2B2B2B, 0x2B2B2B2B,
    0x34333334, 0x34343534, 0x33333334, 0x34343734, 0x33333334, 0x34353834, 0x33333334, 0x34353834,
    0x33333334, 0x34343834, 0x33333334, 0x34343734, 0x34333333, 0x33343434, 0x2B2B2B2B, 0x2B2B2B2B,
    0x33343434, 0x34343433, 0x33343434, 0x34343434, 0x33343434, 0x34343434, 0x33343434, 0x34343434,
    0x33343433, 0x34343434, 0x33343433, 0x34343434, 0x34333333, 0x34343434, 0x2B2B2B2B, 0x2B2B2B2B,
    0x33333434, 0x25333332, 0x33333434, 0x25333332, 0x33333334, 0x25343333, 0x33333334, 0x25343333,
    0x46333334, 0x25343338, 0x38333334, 0x25343426, 0x34333434, 0x25343434, 0x2B2B2B2B, 0x252B2B2B,
    0x47474756, 0x45454545, 0x45454556, 0x45454545, 0x45454556, 0x45454545, 0x2D454556, 0x4545452D,
    0x2D454556, 0x45454531, 0x45444456, 0x45454545, 0x44444456, 0x45444444, 0x44444456, 0x44444444,
    0x45454545, 0x47474747, 0x45454545, 0x47474745, 0x45454545, 0x47454545, 0x2D454545, 0x4545452D,
    0x2D454545, 0x45454531, 0x45454545, 0x45454545, 0x45454545, 0x45454545, 0x45454545, 0x45454545,
    0x47474747, 0x47474747, 0x47474747, 0x47474747, 0x47474747, 0x47474747, 0x2D474747, 0x4747472D,
    0x2D474745, 0x45474733, 0x47454545, 0x45454547, 0x45454545, 0x45454545, 0x45454545, 0x45454545,
    0x45474747, 0x45454545, 0x45454747, 0x45454545, 0x45454747, 0x45454545, 0x2D454547, 0x4545452D,
    0x2D454545, 0x45454531, 0x45454545, 0x45454545, 0x45454545, 0x45454545, 0x45454545, 0x45454545,
    0x45454545, 0x45454545, 0x45454545, 0x45454545, 0x45454545, 0x45454545, 0x2D454545, 0x4545452D,
    0x2D454545, 0x45454531, 0x45454545, 0x45454545, 0x45454545, 0x45454545, 0x45454545, 0x45454545,
    0x45454545, 0x47474745, 0x45454545, 0x47454545, 0x45454545, 0x45454545, 0x2D454545, 0x4545452D,
    0x2D454545, 0x45454531, 0x45454545, 0x45454545, 0x45454545, 0x45454545, 0x45454545, 0x45454545,
    0x47474747, 0x47474747, 0x47474747, 0x47474747, 0x47474745, 0x47474747, 0x2D454545, 0x4747472D,
    0x2D454545, 0x45454531, 0x45454545, 0x45454545, 0x45454545, 0x45454545, 0x45454545, 0x45454545,
    0x47474747, 0x47474747, 0x47474747, 0x47474747, 0x47474747, 0x47474747, 0x2D474747, 0x4747472D,
    0x2D474747, 0x45474733, 0x47454545, 0x45454545, 0x45454545, 0x45454545, 0x45454545, 0x45454545,
    0x47474747, 0x47474747, 0x47474747, 0x47474747, 0x47474747, 0x47474747, 0x2D474747, 0x4747472D,
    0x2D454545, 0x47454531, 0x45454545, 0x45454545, 0x45454545, 0x45454545, 0x45454545, 0x45454545,
    0x47474747, 0x47474747, 0x47474747, 0x47474747, 0x47474747, 0x47474747, 0x2D474747, 0x4747472D,
    0x2D474747, 0x47474733, 0x45454545, 0x47474747, 0x45454545, 0x45454545, 0x45454545, 0x45454545,
    0x47474747, 0x47474747, 0x47474747, 0x47474747, 0x47474747, 0x47474747, 0x2D474747, 0x4747472D,
    0x2D474747, 0x47474733, 0x47474747, 0x47474747, 0x47474745, 0x47474747, 0x47474545, 0x47474747,
    0x47474747, 0x47474747, 0x47474747, 0x47474747, 0x47474747, 0x47474747, 0x2D474747, 0x4747472D,
    0x2D474747, 0x47474733, 0x47474747, 0x47474747, 0x47474747, 0x47474747, 0x47474747, 0x47474747,
    0x47474747, 0x47474747, 0x47474747, 0x47474747, 0x47474747, 0x47474747, 0x2D474747, 0x4547472D,
    0x2D474747, 0x45454733, 0x47474747, 0x45454545, 0x45474747, 0x45454545, 0x45454545, 0x45454545,
    0x47474747, 0x47474747, 0x45454747, 0x47474747, 0x45454545, 0x47474745, 0x2D454545, 0x4747452D,
    0x2D454545, 0x47454531, 0x45454545, 0x47454545, 0x45454545, 0x45454545, 0x45454545, 0x45454545,
    0x47474747, 0x47474747, 0x47474747, 0x47474747, 0x47474747, 0x47474747, 0x2D474747, 0x4747472D,
    0x2D474747, 0x47474734, 0x47474747, 0x47474747, 0x47474747, 0x47474747, 0x47474747, 0x47474747,
    0x47474747, 0x45454747, 0x47474747, 0x45454747, 0x47474747, 0x45454747, 0x2D474747, 0x4545452D,
    0x2D474747, 0x45454533, 0x47474747, 0x45454547, 0x47474747, 0x45454545, 0x47474747, 0x45454545,
    0x45454545, 0x45454545, 0x45454545, 0x45454545, 0x45454545, 0x45454545, 0x2D454545, 0x4545452D,
    0x2D454545, 0x45454531, 0x45454545, 0x45454545, 0x45454545, 0x45454545, 0x45454545, 0x45454545,
    0x45454545, 0x45454545, 0x45454545, 0x45454545, 0x45454545, 0x45454545, 0x2D454545, 0x4545452D,
    0x2D454545, 0x45454531, 0x45454545, 0x45454545, 0x45454545, 0x45454545, 0x45454545, 0x44444545,
    0x45454545, 0x47474747, 0x45454545, 0x47474545, 0x45454545, 0x47474545, 0x2D454545, 0x4745452D,
    0x2D454545, 0x45454531, 0x45454545, 0x45454545, 0x45454545, 0x45454545, 0x45454444, 0x45454545,
    0x47474747, 0x56474747, 0x47474747, 0x56474747, 0x47474747, 0x56474747, 0x2D474747, 0x5647472D,
    0x2D474747, 0x56474734, 0x47474747, 0x56474747, 0x47474745, 0x56474747, 0x47474745, 0x56474747,
    0x34343425, 0x34343438, 0x34343425, 0x34343438, 0x34343425, 0x34343434, 0x34343425, 0x34343434,
    0x46343425, 0x34343438, 0x38343425, 0x34343426, 0x34343425, 0x34343434, 0x2B2B2B25, 0x2B2B2B2B,
    0x34343434, 0x33333434, 0x34353434, 0x33333334, 0x34353434, 0x33343334, 0x34353434, 0x33343334,
    0x34343434, 0x33343434, 0x34343434, 0x33343434, 0x34343434, 0x34343434, 0x2B2B2B2B, 0x2B2B2B2B,
    0x34343333, 0x33303334, 0x34343333, 0x33323334, 0x34343333, 0x33333334, 0x34343333, 0x33333434,
    0x34343433, 0x33333434, 0x34343433, 0x34343434, 0x34343433, 0x34343434, 0x2B2B2B2B, 0x2B2B2B2B,
    0x34353834, 0x34343434, 0x34343834, 0x34343434, 0x34343734, 0x34343434, 0x34343434, 0x34343434,
    0x34343434, 0x34343434, 0x34343434, 0x34343434, 0x34343434, 0x34343434, 0x2B2B2B2B, 0x2B2B2B2B,
    0x34343434, 0x2B343434, 0x34343434, 0x2B343434, 0x34343434, 0x2B343434, 0x34343434, 0x2B333434,
    0x46343434, 0x2B333438, 0x38343434, 0x2B333426, 0x34343434, 0x2B333334, 0x2B2B2B2B, 0x2B2B2B2B,
    0x39393939, 0x39393939, 0x34343439, 0x34343434, 0x33343439, 0x34343434, 0x33343439, 0x34343434,
    0x46343439, 0x34333438, 0x38343439, 0x34333426, 0x34343439, 0x34343434, 0x34343439, 0x34343434,
    0x39393939, 0x39393939, 0x34343434, 0x33333334, 0x34343434, 0x33333333, 0x34343434, 0x33333333,
    0x34343434, 0x33333333, 0x34343434, 0x33333333, 0x34343434, 0x33333334, 0x34343434, 0x33333434,
    0x39393939, 0x39393939, 0x34333333, 0x33343434, 0x34333333, 0x33343434, 0x34333333, 0x33343434,
    0x34333333, 0x34343434, 0x34333333, 0x34343434, 0x33333333, 0x34343433, 0x33333333, 0x33343333,
    0x39393939, 0x39393939, 0x34333332, 0x34343434, 0x34333333, 0x34343434, 0x34333333, 0x34343434,
    0x33333333, 0x34343433, 0x33333333, 0x34343433, 0x33333333, 0x34343433, 0x33333333, 0x34343433,
    0x39393939, 0x25393939, 0x34343434, 0x25343434, 0x34343334, 0x25343434, 0x34343334, 0x25353434,
    0x46343434, 0x25373438, 0x38343434, 0x25373426, 0x34343434, 0x25383434, 0x34343434, 0x25383734,
    0x44444456, 0x44444444, 0x44444456, 0x44444444, 0x44444456, 0x44444444, 0x2D444456, 0x4444442D,
    0x2D444456, 0x44444431, 0x44444456, 0x44444444, 0x44444456, 0x44444444, 0x44444456, 0x44444444,
    0x45454544, 0x45454545, 0x45454444, 0x45454545, 0x45454444, 0x45454545, 0x2D454444, 0x4545452D,
    0x2D454444, 0x45454531, 0x45454544, 0x45454545, 0x45454544, 0x45454545, 0x45454545, 0x45454545,
    0x45454545, 0x45454545, 0x45454545, 0x45454545, 0x45454545, 0x45454545, 0x2D454545, 0x4545452D,
    0x2D454545, 0x45454531, 0x45454545, 0x45454545, 0x45454545, 0x45454545, 0x45454545, 0x45454545,
    0x45454545, 0x45454545, 0x45454545, 0x45454545, 0x45454545, 0x45454545, 0x2D454545, 0x4545452D,
    0x2D454545, 0x45454531, 0x45454545, 0x45454545, 0x45454545, 0x45454545, 0x45454545, 0x45454545,
    0x45454545, 0x45454545, 0x45454545, 0x45454545, 0x45454545, 0x44454545, 0x2D454545, 0x4444442D,
    0x2D454545, 0x44444431, 0x44444545, 0x44444444, 0x44444445, 0x44444444, 0x44444444, 0x44444444,
    0x45454545, 0x45454545, 0x45454545, 0x45454545, 0x44444444, 0x44444444, 0x2D444444, 0x4444442D,
    0x2D444444, 0x44444431, 0x44444444, 0x44444444, 0x44444444, 0x44444444, 0x44444444, 0x44444444,
    0x45454545, 0x45454545, 0x45454545, 0x45454545, 0x45454545, 0x45454545, 0x2D444444, 0x4545452D,
    0x2D444444, 0x45454531, 0x44444444, 0x45454544, 0x44444444, 0x45454444, 0x44444444, 0x45454444,
    0x45454545, 0x45454545, 0x45454545, 0x45454545, 0x45454545, 0x45454545, 0x2D454545, 0x4545452D,
    0x2D454545, 0x45454531, 0x45454545, 0x45454545, 0x45454545, 0x45454545, 0x45454545, 0x45454545,
    0x45454545, 0x45454545, 0x45454545, 0x45454545, 0x45454545, 0x45454545, 0x2D454545, 0x4545452D,
    0x2D454545, 0x45454531, 0x45454545, 0x45454545, 0x45454545, 0x45454545, 0x45454545, 0x45454545,
    0x45454545, 0x45454545, 0x45454545, 0x45454545, 0x45454545, 0x45454545, 0x2D454545, 0x4545452D,
    0x2D454545, 0x45454531, 0x45454545, 0x45454545, 0x45454545, 0x45454545, 0x45454545, 0x45454545,
    0x47474545, 0x47474747, 0x45454545, 0x47474747, 0x45454545, 0x45454545, 0x2D454545, 0x4545452D,
    0x2D454545, 0x45454531, 0x45454545, 0x45454545, 0x45454545, 0x45454545, 0x45454545, 0x45454545,
    0x47474747, 0x45454547, 0x45474747, 0x45454545, 0x45454545, 0x45454545, 0x2D454545, 0x4545452D,
    0x2D454545, 0x45454531, 0x45454545, 0x45454545, 0x45454545, 0x44454545, 0x44454545, 0x44444444,
    0x45454545, 0x45454545, 0x45454545, 0x45454545, 0x45454545, 0x45454545, 0x2D454545, 0x4545452D,
    0x2D454545, 0x45454531, 0x45454545, 0x45454545, 0x44444444, 0x44444444, 0x44444444, 0x44444444,
    0x45454545, 0x45454545, 0x45454545, 0x45454545, 0x45454545, 0x45454545, 0x2D454545, 0x4545452D,
    0x2D454545, 0x45454531, 0x45454545, 0x45454545, 0x45454544, 0x45454545, 0x44444444, 0x45454545,
    0x47474745, 0x47474747, 0x47474745, 0x47474747, 0x47474545, 0x47474747, 0x2D454545, 0x4747472D,
    0x2D454545, 0x45474531, 0x45454545, 0x45454545, 0x45454545, 0x45454545, 0x45454545, 0x45454545,
    0x47474747, 0x45454545, 0x45474747, 0x45454545, 0x45454747, 0x45454545, 0x2D454547, 0x4545452D,
    0x2D454545, 0x45454531, 0x45454545, 0x45454545, 0x45454545, 0x44454545, 0x45454545, 0x44444545,
    0x45454545, 0x45454545, 0x45454545, 0x45454545, 0x45454545, 0x44444445, 0x2D454545, 0x4444442D,
    0x2D444445, 0x44444431, 0x44444444, 0x44444444, 0x44444444, 0x44444444, 0x44444444, 0x44444444,
    0x45454545, 0x44444444, 0x44444545, 0x44444444, 0x44444444, 0x44444444, 0x2D444444, 0x4444442D,
    0x2D444444, 0x44444431, 0x44444444, 0x44444444, 0x44444444, 0x44444444, 0x44444444, 0x44444444,
    0x45444444, 0x45454545, 0x44444444, 0x45454545, 0x44444444, 0x45454545, 0x2D444444, 0x4545452D,
    0x2D444444, 0x45454531, 0x44444444, 0x45454444, 0x44444444, 0x45444444, 0x44444444, 0x44444444,
    0x47474545, 0x56474747, 0x47474545, 0x56474747, 0x47454545, 0x56474747, 0x2D454545, 0x5647472D,
    0x2D454545, 0x56474731, 0x45454545, 0x56454545, 0x45454545, 0x56454545, 0x45454545, 0x56454545,
    0x39393925, 0x39393939, 0x34343425, 0x34343433, 0x34343425, 0x34343433, 0x34343425, 0x34343433,
    0x46343425, 0x34343438, 0x38343425, 0x34343426, 0x34343425, 0x35343433, 0x34343425, 0x35343433,
    0x39393939, 0x39393939, 0x37343434, 0x34343437, 0x37343434, 0x34343537, 0x35343434, 0x34343737,
    0x34343434, 0x34343837, 0x34343434, 0x34343737, 0x34343434, 0x34343734, 0x34343434, 0x34343734,
    0x39393939, 0x39393939, 0x34343434, 0x34383734, 0x34343433, 0x34373534, 0x34343433, 0x34343434,
    0x34343433, 0x34343434, 0x34343433, 0x34343434, 0x35343434, 0x34343434, 0x35343434, 0x34343434,
    0x39393939, 0x39393939, 0x34333334, 0x34343434, 0x34333334, 0x34343434, 0x34333434, 0x34343434,
    0x34333434, 0x34343434, 0x34333434, 0x34343434, 0x34343434, 0x34343434, 0x34343434, 0x34343434,
    0x39393939, 0x2B393939, 0x34343434, 0x2B333333, 0x33343434, 0x2B333333, 0x33343434, 0x2B333333,
    0x46343434, 0x2B333338, 0x38343434, 0x2B333326, 0x34343434, 0x2B343333, 0x34343434, 0x2B343333,
    0x34343439, 0x34343434, 0x34343439, 0x34343434, 0x34343439, 0x34343434, 0x34343439, 0x34343434,
    0x34343439, 0x33343334, 0x34343439, 0x33333334, 0x34343439, 0x33333333, 0x34343439, 0x33333333,
    0x34343434, 0x33333434, 0x34343434, 0x33343434, 0x34343434, 0x33343434, 0x34343434, 0x33343434,
    0x34343434, 0x34343434, 0x34343433, 0x34343434, 0x34343433, 0x34343434, 0x34343433, 0x34343434,
    0x32333333, 0x33333333, 0x32333333, 0x33333333, 0x32333333, 0x33333333, 0x33333333, 0x34333333,
    0x33333333, 0x34333333, 0x33333434, 0x34333333, 0x33333434, 0x34333333, 0x33343434, 0x34333333,
    0x33333333, 0x34343333, 0x33333333, 0x34343333, 0x33333334, 0x34343333, 0x33333434, 0x34333333,
    0x33343434, 0x34333333, 0x34343434, 0x34333334, 0x34343434, 0x34343434, 0x34343434, 0x34343434,
    0x34343434, 0x25383734, 0x34343534, 0x25383834, 0x34343734, 0x25373734, 0x34343534, 0x25343734,
    0x34343434, 0x25343534, 0x34343434, 0x25343434, 0x34343434, 0x25343434, 0x34343434, 0x25343434,
    0x44444456, 0x44444444, 0x44444456, 0x44444444, 0x44444456, 0x44444444, 0x2D444456, 0x4444442D,
    0x2D444456, 0x45444431, 0x45444456, 0x45454545, 0x45454556, 0x45454545, 0x45454556, 0x45454545,
    0x45454545, 0x45454545, 0x45454545, 0x45454545, 0x45454545, 0x45454545, 0x2D454545, 0x4445452D,
    0x2D454545, 0x44444431, 0x45454545, 0x44444444, 0x44454545, 0x44444444, 0x44454545, 0x44444444,
    0x45454545, 0x45454545, 0x45454545, 0x45454545, 0x45454545, 0x45454545, 0x2D444444, 0x4444442D,
    0x2D444444, 0x44444431, 0x44444444, 0x44444444, 0x44444444, 0x44444444, 0x44444444, 0x44444444,
    0x45454545, 0x44454545, 0x45454545, 0x44444545, 0x44454545, 0x44444444, 0x2D444444, 0x4444442D,
    0x2D444444, 0x44444431, 0x44444444, 0x44444444, 0x44444444, 0x44444444, 0x44444444, 0x44444444,
    0x44444444, 0x44444444, 0x44444444, 0x44444444, 0x44444444, 0x44444444, 0x2D444444, 0x4444442D,
    0x2D444444, 0x44444431, 0x44444444, 0x44444444, 0x44444444, 0x44444444, 0x44444444, 0x44444444,
    0x44444444, 0x44444444, 0x44444444, 0x44444444, 0x44444444, 0x44444444, 0x2D444444, 0x4444442D,
    0x2C444444, 0x44444430, 0x44444444, 0x44444444, 0x44444444, 0x44444444, 0x44444444, 0x44444444,
    0x44444444, 0x45444444, 0x44444444, 0x44444444, 0x44444444, 0x44444444, 0x2D444444, 0x4444442D,
    0x2D444444, 0x44444431, 0x44444444, 0x44444444, 0x44444444, 0x44444444, 0x44444444, 0x44444444,
    0x45454545, 0x45454545, 0x45454545, 0x45454545, 0x45454544, 0x45454545, 0x2D444444, 0x4444442D,
    0x2D444444, 0x44444431, 0x44444444, 0x44444444, 0x44444444, 0x44444444, 0x44444444, 0x44444444,
    0x45454545, 0x45454545, 0x45454545, 0x45454545, 0x45454545, 0x44444545, 0x2D444444, 0x4444442D,
    0x2D444444, 0x44444431, 0x44444444, 0x44444444, 0x44444444, 0x44444444, 0x44444444, 0x44444444,
    0x45454545, 0x45454545, 0x44454545, 0x44444444, 0x44444444, 0x44444444, 0x2D444444, 0x4444442D,
    0x2D444444, 0x44444431, 0x44444444, 0x44444444, 0x44444444, 0x44444444, 0x44444444, 0x44444444,
    0x45454545, 0x44444444, 0x44444444, 0x44444444, 0x44444444, 0x44444444, 0x2D444444, 0x4444442D,
    0x2D444444, 0x44444431, 0x44444444, 0x44444444, 0x44444444, 0x44444444, 0x44444444, 0x44444444,
    0x44444444, 0x44444444, 0x44444444, 0x44444444, 0x44444444, 0x44444444, 0x2D444444, 0x4444442D,
    0x2D444444, 0x44444431, 0x44444444, 0x44444444, 0x44444444, 0x44444444, 0x44444444, 0x44444444,
    0x44444444, 0x44444444, 0x44444444, 0x44444444, 0x44444444, 0x44444444, 0x2D444444, 0x4444442D,
    0x2D444444, 0x44444431, 0x44444444, 0x44444444, 0x44444444, 0x44444444, 0x44444444, 0x44444444,
    0x44444444, 0x45454444, 0x44444444, 0x44444444, 0x44444444, 0x44444444, 0x2D444444, 0x4444442D,
    0x2D444444, 0x44444431, 0x44444444, 0x44444444, 0x44444444, 0x44444444, 0x44444444, 0x44444444,
    0x45454545, 0x45454545, 0x45454545, 0x45454545, 0x45454444, 0x45454545, 0x2D444444, 0x4545452D,
    0x2D444444, 0x45454531, 0x44444444, 0x45454444, 0x44444444, 0x44444444, 0x44444444, 0x44444444,
    0x45454545, 0x44444445, 0x45454545, 0x44444444, 0x44454545, 0x44444444, 0x2D454545, 0x4444442D,
    0x2D444545, 0x44444431, 0x44444444, 0x44444444, 0x44444444, 0x44444444, 0x44444444, 0x44444444,
    0x44444444, 0x44444444, 0x44444444, 0x44444444, 0x44444444, 0x44444444, 0x2D444444, 0x4444442D,
    0x2D444444, 0x44444431, 0x44444444, 0x44444444, 0x44444444, 0x44444444, 0x44444444, 0x44444444,
    0x44444444, 0x44444444, 0x44444444, 0x44444444, 0x44444444, 0x44444444, 0x2D444444, 0x4444442D,
    0x2C444444, 0x44444430, 0x44444444, 0x44444444, 0x44444444, 0x44444444, 0x44444444, 0x44444444,
    0x44444444, 0x44444444, 0x44444444, 0x44444444, 0x44444444, 0x44444444, 0x2D444444, 0x4444442D,
    0x2D444444, 0x44444431, 0x44444444, 0x44444444, 0x44444444, 0x44444444, 0x44444444, 0x44444444,
    0x45454544, 0x56454545, 0x45444444, 0x56454545, 0x44444444, 0x56444444, 0x2D444444, 0x5644442D,
    0x2D444444, 0x56444431, 0x44444444, 0x56444444, 0x44444444, 0x56444444, 0x44444444, 0x56444444,
    0x34343425, 0x37343433, 0x34343425, 0x37343433, 0x34343425, 0x35343433, 0x34343425, 0x34343433,
    0x34343425, 0x34343433, 0x34343425, 0x34343433, 0x34343425, 0x34343433, 0x34343425, 0x34343433,
    0x34343434, 0x34343534, 0x34343434, 0x34343534, 0x34343434, 0x34343434, 0x34343434, 0x34343434,
    0x34343434, 0x34343434, 0x34343434, 0x34343434, 0x34343434, 0x34343434, 0x34343434, 0x34343434,
    0x35353434, 0x33343434, 0x37373535, 0x33343434, 0x37373534, 0x33343434, 0x35353434, 0x34343434,
    0x34343434, 0x34343434, 0x34343434, 0x34343434, 0x34343434, 0x34343434, 0x34343434, 0x34343434,
    0x37343434, 0x34343437, 0x38343734, 0x34343438, 0x38373734, 0x34343437, 0x37383734, 0x34343435,
    0x34383434, 0x34343434, 0x34383434, 0x34343434, 0x34373434, 0x34343434, 0x34353434, 0x34343434,
    0x34343434, 0x2B343433, 0x34343434, 0x2B343434, 0x34343434, 0x2B343434, 0x34343434, 0x2B343434,
    0x34343434, 0x2B343334, 0x34343434, 0x2B333333, 0x33343434, 0x2B333333, 0x33343434, 0x2B333333,
    0x33333439, 0x33333333, 0x33333339, 0x33323333, 0x33333339, 0x32323333, 0x33333339, 0x33323333,
    0x33333439, 0x33333333, 0x33333439, 0x33333333, 0x33343439, 0x33333333, 0x34343439, 0x33333333,
    0x34343333, 0x34343434, 0x34343333, 0x34343434, 0x34343333, 0x34343534, 0x34343333, 0x34343437,
    0x34343333, 0x34343437, 0x34343333, 0x34343437, 0x34343333, 0x34343435, 0x34343333, 0x34343434,
    0x34343434, 0x34343334, 0x34343434, 0x34343334, 0x34343434, 0x34343334, 0x34343434, 0x34343334,
    0x34343434, 0x34343434, 0x34343434, 0x34343434, 0x34343333, 0x34343434, 0x34333333, 0x34343434,
    0x34343334, 0x34343434, 0x34343334, 0x34343434, 0x34343334, 0x34343435, 0x34343334, 0x34343434,
    0x34343334, 0x34343434, 0x34343333, 0x34343434, 0x34343333, 0x34343434, 0x34343333, 0x34343434,
    0x34343434, 0x25343434, 0x34343434, 0x25343434, 0x34343434, 0x25343434, 0x34343434, 0x25343434,
    0x34343434, 0x25343434, 0x34343434, 0x25343434, 0x34343434, 0x25343434, 0x34343434, 0x25343434,
    0x45454556, 0x45454545, 0x45454556, 0x45454545, 0x45454556, 0x45454545, 0x2D454556, 0x4445452D,
    0x2D454556, 0x44444431, 0x44444456, 0x44444444, 0x44444456, 0x44444444, 0x44444456, 0x44444444,
    0x44444545, 0x44444444, 0x44444445, 0x44444444, 0x44444444, 0x44444444, 0x2D444444, 0x4444442D,
    0x2D444444, 0x44444431, 0x44444444, 0x44444444, 0x44444444, 0x44444444, 0x44444444, 0x44444444,
    0x44444444, 0x44444444, 0x44444444, 0x44444444, 0x44444444, 0x44444444, 0x2D444444, 0x4444442D,
    0x2D444444, 0x44444431, 0x44444444, 0x44444444, 0x44444444, 0x44444444, 0x44444444, 0x44444444,
    0x44444444, 0x44444444, 0x44444444, 0x44444444, 0x44444444, 0x44444444, 0x2C444444, 0x4444442C,
    0x2C444444, 0x44444430, 0x44444444, 0x44444444, 0x44444444, 0x44444444, 0x44444444, 0x44444444,
    0x44444444, 0x44444444, 0x44444444, 0x44444444, 0x44444444, 0x44444444, 0x2C444444, 0x4444442C,
    0x2C444444, 0x44444430, 0x44444444, 0x44444444, 0x44444444, 0x44444444, 0x44444444, 0x44444444,
    0x44444444, 0x44444444, 0x44444444, 0x44444444, 0x44444444, 0x44444444, 0x2C444444, 0x4444442C,
    0x2C444444, 0x44444430, 0x44444444, 0x44444444, 0x44444444, 0x44444444, 0x44444444, 0x44444444,
    0x44444444, 0x44444444, 0x44444444, 0x44444444, 0x44444444, 0x44444444, 0x2C444444, 0x4444442C,
    0x2C444444, 0x44444430, 0x44444444, 0x44444444, 0x44444444, 0x44444444, 0x44444444, 0x44444444,
    0x44444444, 0x44444444, 0x44444444, 0x44444444, 0x44444444, 0x44444444, 0x2C444444, 0x4444442C,
    0x2C444444, 0x44444430, 0x44444444, 0x44444444, 0x44444444, 0x44444444, 0x44444444, 0x44444444,
    0x44444444, 0x44444444, 0x44444444, 0x44444444, 0x44444444, 0x44444444, 0x2C444444, 0x4444442C,
    0x2C444444, 0x44444430, 0x44444444, 0x44444444, 0x44444444, 0x44444444, 0x44444444, 0x44444444,
    0x44444444, 0x44444444, 0x44444444, 0x44444444, 0x44444444, 0x44444444, 0x2C444444, 0x4444442C,
    0x2C444444, 0x44444430, 0x44444444, 0x44444444, 0x44444444, 0x44444444, 0x44444444, 0x44444444,
    0x44444444, 0x44444444, 0x44444444, 0x44444444, 0x44444444, 0x44444444, 0x2C444444, 0x4444442C,
    0x2C444444, 0x44444430, 0x44444444, 0x44444444, 0x44444444, 0x44444444, 0x44444444, 0x44444444,
    0x44444444, 0x44444444, 0x44444444, 0x44444444, 0x44444444, 0x44444444, 0x2C444444, 0x4444442C,
    0x2C444444, 0x44444430, 0x44444444, 0x44444444, 0x44444444, 0x44444444, 0x44444444, 0x44444444,
    0x44444444, 0x44444444, 0x44444444, 0x44444444, 0x44444444, 0x44444444, 0x2C444444, 0x4444442C,
    0x2C444444, 0x44444430, 0x44444444, 0x44444444, 0x44444444, 0x44444444, 0x44444444, 0x44444444,
    0x44444444, 0x44444444, 0x44444444, 0x44444444, 0x44444444, 0x44444444, 0x2D444444, 0x4444442D,
    0x2D444444, 0x44444431, 0x44444444, 0x44444444, 0x44444444, 0x44444444, 0x44444444, 0x44444444,
    0x44444444, 0x44444444, 0x44444444, 0x44444444, 0x44444444, 0x44444444, 0x2D444444, 0x4444442D,
    0x2D444444, 0x44444431, 0x44444444, 0x44444444, 0x44444444, 0x44444444, 0x44444444, 0x44444444,
    0x44444444, 0x44444444, 0x44444444, 0x44444444, 0x44444444, 0x44444444, 0x2D444444, 0x4444442D,
    0x2D444444, 0x44444431, 0x44444444, 0x44444444, 0x44444444, 0x44444444, 0x44444444, 0x44444444,
    0x44444444, 0x44444444, 0x44444444, 0x44444444, 0x44444444, 0x44444444, 0x2D444444, 0x4444442C,
    0x2D444444, 0x44444430, 0x44444444, 0x44444444, 0x44444444, 0x44444444, 0x44444444, 0x44444444,
    0x44444444, 0x44444444, 0x44444444, 0x44444444, 0x44444444, 0x44444444, 0x2C444444, 0x4444442C,
    0x2C444444, 0x44444430, 0x44444444, 0x44444444, 0x44444444, 0x44444444, 0x44444444, 0x44444444,
    0x44444444, 0x44444444, 0x44444444, 0x44444444, 0x44444444, 0x44444444, 0x2C444444, 0x4444442C,
    0x2C444444, 0x44444430, 0x44444444, 0x44444444, 0x44444444, 0x44444444, 0x44444444, 0x44444444,
    0x44444444, 0x56444444, 0x44444444, 0x56444444, 0x44444444, 0x56444444, 0x2C444444, 0x5644442C,
    0x2C444444, 0x56444430, 0x44444444, 0x56444444, 0x44444444, 0x56444444, 0x44444444, 0x56444444,
    0x33343425, 0x34343433, 0x33343525, 0x34343333, 0x33343725, 0x34343333, 0x33343525, 0x34343333,
    0x34343425, 0x34343333, 0x34343425, 0x34343333, 0x34343425, 0x34343333, 0x34343425, 0x34343333,
    0x34343434, 0x34343334, 0x34343434, 0x34333333, 0x34343434, 0x33333333, 0x34343434, 0x33333333,
    0x34343434, 0x33333334, 0x34343434, 0x33333434, 0x34343535, 0x33333434, 0x34343535, 0x33343434,
    0x34343434, 0x34343434, 0x34343434, 0x34343434, 0x33343434, 0x34343434, 0x33333333, 0x34343434,
    0x33333433, 0x34343434, 0x33343433, 0x34343433, 0x33343433, 0x34343433, 0x33343433, 0x34343433,
    0x34343434, 0x34343433, 0x34343434, 0x34343433, 0x33343434, 0x34343433, 0x33343434, 0x34343433,
    0x34343434, 0x34343433, 0x34343434, 0x34343434, 0x34343434, 0x34343434, 0x34343434, 0x34343434,
    0x33343434, 0x2B343333, 0x33343434, 0x2B343333, 0x33333434, 0x2B343333, 0x33333434, 0x2B343333,
    0x34333334, 0x2B343333, 0x34333334, 0x2B343334, 0x34333334, 0x2B343434, 0x34333334, 0x2B343434,
    0x34343439, 0x33343434, 0x34343439, 0x34343434, 0x34343439, 0x34343434, 0x34343439, 0x34343434,
    0x34343439, 0x34343434, 0x34343439, 0x34343434, 0x34343439, 0x34343434, 0x34343439, 0x34343434,
    0x34343333, 0x34343434, 0x34343333, 0x34343434, 0x34333333, 0x34343434, 0x34333333, 0x34343434,
    0x34333333, 0x34333334, 0x34333333, 0x33333334, 0x34333333, 0x33333334, 0x34333333, 0x33333334,
    0x34333334, 0x33343434, 0x33333334, 0x33343434, 0x33333334, 0x33343434, 0x33333334, 0x33343434,
    0x33333334, 0x33343434, 0x33333333, 0x33343434, 0x34333333, 0x33343434, 0x34333333, 0x34343434,
    0x34343333, 0x34343434, 0x34343333, 0x34343434, 0x34343333, 0x34343434, 0x34343333, 0x35343434,
    0x34343333, 0x34343434, 0x34343333, 0x34343434, 0x34343333, 0x34343434, 0x34343333, 0x34343434,
    0x34343434, 0x25343434, 0x35343434, 0x25343435, 0x37343434, 0x25343437, 0x38343434, 0x25343438,
    0x37343434, 0x25343437, 0x37343434, 0x25343437, 0x35343434, 0x25343437, 0x35343434, 0x25343435,
    0x44444456, 0x44444444, 0x44444456, 0x44444444, 0x44444456, 0x44444444, 0x2C444456, 0x4444442C,
    0x2C444456, 0x44444430, 0x44444456, 0x44444444, 0x44444456, 0x44444444, 0x44444456, 0x44444444,
    0x44444444, 0x44444444, 0x44444444, 0x44444444, 0x44444444, 0x44444444, 0x2C444444, 0x4444442C,
    0x2C444444, 0x44444430, 0x44444444, 0x44444444, 0x44444444, 0x3C444444, 0x3C444444, 0x3C3C3C3C,
    0x44444444, 0x44444444, 0x44444444, 0x44444444, 0x44444444, 0x44444444, 0x2C444444, 0x4444442C,
    0x2C444444, 0x44444430, 0x44444444, 0x44444444, 0x3C3C3C3C, 0x3C3C3C3C, 0x3C3C3C3C, 0x3C3C3C3C,
    0x44444444, 0x44444444, 0x44444444, 0x44444444, 0x44444444, 0x44444444, 0x2C444444, 0x4444442C,
    0x2C444444, 0x44444430, 0x44444444, 0x44444444, 0x3C3C3C3C, 0x44444444, 0x3C3C3C3C, 0x4444443C,
    0x44444444, 0x44444444, 0x44444444, 0x44444444, 0x44444444, 0x44444444, 0x2C444444, 0x4444442C,
    0x2C444444, 0x44444430, 0x44444444, 0x44444444, 0x44444444, 0x44444444, 0x44444444, 0x44444444,
    0x44444444, 0x44444444, 0x44444444, 0x44444444, 0x44444444, 0x44444444, 0x2C444444, 0x4444442C,
    0x2C444444, 0x44444430, 0x44444444, 0x44444444, 0x44444444, 0x44444444, 0x44444444, 0x44444444,
    0x44444444, 0x44444444, 0x44444444, 0x44444444, 0x44444444, 0x44444444, 0x2C444444, 0x4444442C,
    0x2C444444, 0x44444430, 0x44444444, 0x44444444, 0x44444444, 0x44444444, 0x44444444, 0x44444444,
    0x44444444, 0x44444444, 0x44444444, 0x44444444, 0x44444444, 0x44444444, 0x2C444444, 0x4444442C,
    0x2C444444, 0x44444430, 0x44444444, 0x44444444, 0x44444444, 0x44444444, 0x44444444, 0x44444444,
    0x44444444, 0x44444444, 0x44444444, 0x44444444, 0x44444444, 0x44444444, 0x2C444444, 0x4444442C,
    0x2C444444, 0x44444430, 0x44444444, 0x44444444, 0x44444444, 0x44444444, 0x44444444, 0x44444444,
    0x44444444, 0x44444444, 0x44444444, 0x44444444, 0x44444444, 0x3C3C4444, 0x2C444444, 0x3C3C3C2C,
    0x2C444444, 0x3C3C3C30, 0x44444444, 0x3C3C3C44, 0x44444444, 0x3C3C3C3C, 0x44444444, 0x3C3C3C3C,
    0x44444444, 0x44444444, 0x44444444, 0x44444444, 0x44444444, 0x44444444, 0x2C44443C, 0x4444442C,
    0x2C44443C, 0x44444430, 0x4444443C, 0x44444444, 0x4444443C, 0x44444444, 0x4444443C, 0x44444444,
    0x44444444, 0x44444444, 0x44444444, 0x44444444, 0x44444444, 0x44444444, 0x2C444444, 0x4444442C,
    0x2C444444, 0x3C444430, 0x44444444, 0x3C3C4444, 0x44444444, 0x3C3C4444, 0x44444444, 0x3C3C3C44,
    0x44444444, 0x44444444, 0x44444444, 0x44444444, 0x44444444, 0x44444444, 0x2C3C3C3C, 0x4444442C,
    0x2C3C3C3C, 0x4444442F, 0x3C3C3C3C, 0x44443C3C, 0x3C3C3C3C, 0x443C3C3C, 0x3C3C3C3C, 0x3C3C3C3C,
    0x44444444, 0x44444444, 0x44444444, 0x44444444, 0x44444444, 0x44444444, 0x2C444444, 0x4444442C,
    0x2C444444, 0x44444430, 0x44444444, 0x44444444, 0x44444444, 0x44444444, 0x44444444, 0x44444444,
    0x44444444, 0x44444444, 0x44444444, 0x44444444, 0x44444444, 0x44444444, 0x2C444444, 0x4444442C,
    0x2C444444, 0x44444430, 0x44444444, 0x44444444, 0x44444444, 0x44444444, 0x44444444, 0x44444444,
    0x44444444, 0x44444444, 0x44444444, 0x44444444, 0x44444444, 0x44444444, 0x2C444444, 0x4444442C,
    0x2C444444, 0x44444430, 0x44444444, 0x44444444, 0x44444444, 0x44444444, 0x44444444, 0x44444444,
    0x44444444, 0x44444444, 0x44444444, 0x44444444, 0x44444444, 0x44444444, 0x2C444444, 0x4444442C,
    0x2C444444, 0x44444430, 0x44444444, 0x44444444, 0x44444444, 0x44444444, 0x44444444, 0x44444444,
    0x44444444, 0x44444444, 0x44444444, 0x44444444, 0x44444444, 0x44444444, 0x2C444444, 0x4444442C,
    0x2C444444, 0x44444430, 0x44444444, 0x44444444, 0x44444444, 0x44444444, 0x3C3C3C3C, 0x3C3C3C3C,
    0x44444444, 0x44444444, 0x44444444, 0x44444444, 0x44444444, 0x44444444, 0x2C444444, 0x4444442C,
    0x2C444444, 0x44444430, 0x44444444, 0x44444444, 0x44444444, 0x44444444, 0x44444444, 0x44444444,
    0x44444444, 0x56444444, 0x44444444, 0x56444444, 0x44444444, 0x56444444, 0x2C444444, 0x5644442C,
    0x2C444444, 0x563C3C2F, 0x3C444444, 0x563C3C3C, 0x3C444444, 0x563C3C3C, 0x3C3C4444, 0x563C3C3C,
    0x34343425, 0x35343434, 0x34343425, 0x37343434, 0x34343425, 0x37343434, 0x34343425, 0x37343434,
    0x34343425, 0x37343434, 0x34343425, 0x35343434, 0x34343425, 0x34343434, 0x34343425, 0x34343434,
    0x34373534, 0x34343434, 0x34383534, 0x34343434, 0x35383534, 0x34343434, 0x37383734, 0x34373434,
    0x37383734, 0x34373437, 0x38373734, 0x34373437, 0x38373534, 0x34343437, 0x38353534, 0x34343437,
    0x33343434, 0x34343433, 0x33343434, 0x34343434, 0x33343434, 0x34343434, 0x33343434, 0x34343434,
    0x34343434, 0x34343434, 0x34343434, 0x34343434, 0x34343434, 0x34343434, 0x34343434, 0x34343434,
    0x34343434, 0x34343434, 0x34343434, 0x34343434, 0x34343434, 0x34343434, 0x34343434, 0x34343434,
    0x34343434, 0x34343434, 0x34343434, 0x33343434, 0x34343434, 0x34343434, 0x34343434, 0x34343434,
    0x34333334, 0x2B343434, 0x34333334, 0x2B343434, 0x34333334, 0x2B343434, 0x34343434, 0x2B343434,
    0x34343434, 0x2B343434, 0x34343434, 0x2B343434, 0x34343434, 0x2B343434, 0x34343434, 0x2B343434,
    0x34343439, 0x34343434, 0x34343439, 0x34343434, 0x34343439, 0x33343434, 0x34343439, 0x33343434,
    0x46343439, 0x33343438, 0x38343439, 0x33343426, 0x34343439, 0x33343434, 0x2B2B2B2B, 0x2B2B2B2B,
    0x34333333, 0x33333434, 0x34333333, 0x33333434, 0x34343233, 0x33343435, 0x34343233, 0x34343437,
    0x34343233, 0x34343438, 0x34343333, 0x33343437, 0x34343333, 0x33343437, 0x2B2B2B2B, 0x2B2B2B2B,
    0x34333333, 0x34343434, 0x33333333, 0x34343434, 0x33333334, 0x34343434, 0x33333334, 0x34343434,
    0x33333434, 0x34343434, 0x34333434, 0x34343434, 0x34343433, 0x34343434, 0x2B2B2B2B, 0x2B2B2B2B,
    0x34343333, 0x34343434, 0x34343334, 0x34333334, 0x34343334, 0x34333334, 0x34333334, 0x34333333,
    0x33333334, 0x34333333, 0x34343434, 0x34333333, 0x34343434, 0x34333334, 0x2B2B2B2B, 0x2B2B2B2B,
    0x34343434, 0x25343434, 0x34343434, 0x25343434, 0x34343434, 0x25343434, 0x34343434, 0x25343434,
    0x46343434, 0x25343438, 0x38343434, 0x25343426, 0x34343434, 0x25343434, 0x2B2B2B2B, 0x252B2B2B,
    0x44444456, 0x3C444444, 0x44444456, 0x3C3C3C3C, 0x3C3C3C56, 0x3C3C3C3C, 0x2C3C3C56, 0x3C3C3C2C,
    0x2C3C3C56, 0x3B3B3C2F, 0x3B3C3C56, 0x3B3B3B3B, 0x3B3B3B56, 0x43433B3B, 0x3B3B3B56, 0x43434343,
    0x3C3C3C3C, 0x3C3C3C3C, 0x3C3C3C3C, 0x3C3C3C3C, 0x3C3C3C3C, 0x3B3B3B3B, 0x2B3B3B3B, 0x3B3B3B2B,
    0x2B433B3B, 0x4343432F, 0x43434343, 0x43434343, 0x43434343, 0x43434343, 0x43434343, 0x43434343,
    0x3C3C3C3C, 0x3C3C3C3C, 0x3C3C3C3C, 0x3C3C3C3C, 0x3B3B3B3B, 0x3C3B3B3B, 0x2B3B3B3B, 0x3B3B3B2B,
    0x2B434343, 0x3B43432F, 0x43434343, 0x43434343, 0x43434343, 0x43434343, 0x43434343, 0x43434343,
    0x3C3C3C3C, 0x4444443C, 0x3C3C3C3C, 0x4444443C, 0x3C3C3C3C, 0x4444443C, 0x2C3C3C3C, 0x44443C2C,
    0x2C3C3C3B, 0x44443C2F, 0x3C3C3B3B, 0x44443C3C, 0x3C3C3B43, 0x44443C3C, 0x3C3B3B43, 0x443C3C3C,
    0x44444444, 0x44444444, 0x44444444, 0x44444444, 0x44444444, 0x44444444, 0x2C444444, 0x4444442C,
    0x2C444444, 0x44444430, 0x44444444, 0x44444444, 0x44444444, 0x44444444, 0x44444444, 0x44444444,
    0x44444444, 0x44444444, 0x44444444, 0x44444444, 0x44444444, 0x44444444, 0x2C444444, 0x4444442C,
    0x2C444444, 0x44444430, 0x44444444, 0x44444444, 0x44444444, 0x44444444, 0x44444444, 0x44444444,
    0x44444444, 0x44444444, 0x44444444, 0x44444444, 0x44444444, 0x44444444, 0x2C444444, 0x4444442C,
    0x2C444444, 0x3C444430, 0x44444444, 0x3C3C4444, 0x44444444, 0x3C3C4444, 0x44444444, 0x3C3C3C44,
    0x44444444, 0x44444444, 0x44444444, 0x44444444, 0x44444444, 0x44444444, 0x2C3C3C3C, 0x3C3C3C2C,
    0x2C3C3C3C, 0x3C3C3C2F, 0x3C3C3C3C, 0x3C3C3C3C, 0x3B3B3C3C, 0x3C3C3C3B, 0x3B3B3B3C, 0x3C3C3B3B,
    0x44444444, 0x44444444, 0x44444444, 0x44444444, 0x44444444, 0x44444444, 0x2C44443C, 0x4444442C,
    0x2C3C3C3C, 0x44444430, 0x3C3C3C3C, 0x3C3C3C3C, 0x3C3C3C3C, 0x3C3C3C3C, 0x3C3C3C3C, 0x3C3C3C3C,
    0x44444444, 0x3C3C3C3C, 0x3C444444, 0x3C3C3C3C, 0x3C444444, 0x3C3C3C3C, 0x2C3C4444, 0x3C3C3C2C,
    0x2C3C3C44, 0x3C3C3C2F, 0x3C3C3C3C, 0x3C3C3C3C, 0x3C3C3C3C, 0x3C3C3C3C, 0x3C3C3C3C, 0x3C3C3C3C,
    0x44443C3C, 0x44444444, 0x44443C3C, 0x44444444, 0x44443C3C, 0x44444444, 0x2C3C3C3C, 0x4444442C,
    0x2C3C3C3C, 0x44444430, 0x3C3C3C3C, 0x3C44443C, 0x3C3C3C3C, 0x3C3C3C3C, 0x3C3C3C3C, 0x3C3C3C3C,
    0x44444444, 0x3C3C3C3C, 0x44444444, 0x3C3C3C3C, 0x3C444444, 0x3C3C3C3C, 0x2C3C3C44, 0x3C3C3C2C,
    0x2C3C3C3C, 0x3C3C3C2F, 0x3C3C3C3C, 0x3C3C3C3C, 0x3C3C3C3C, 0x3C3C3C3C, 0x3C3C3C3C, 0x3B3C3C3C,
    0x3C3C3C3C, 0x3C3C3C3C, 0x3C3C3C3C, 0x3C3C3C3C, 0x3C3C3C3C, 0x3C3C3C3C, 0x2B3C3C3C, 0x3B3B3B2B,
    0x2B3C3C3C, 0x3B3B3B2F, 0x3B3C3C3C, 0x433B3B3B, 0x3B3B3C3C, 0x43433B3B, 0x3B3B3B3B, 0x4343433B,
    0x44443C3C, 0x44444444, 0x3C3C3C3C, 0x44443C3C, 0x3C3C3C3C, 0x3C3C3C3C, 0x2B3B3B3B, 0x3C3C3C2B,
    0x2B43433B, 0x3B3B3B2F, 0x43434343, 0x43434343, 0x43434343, 0x43434343, 0x43434343, 0x43434343,
    0x44444444, 0x44444444, 0x44444444, 0x44444444, 0x3C3C3C3C, 0x44443C3C, 0x2C3C3C3C, 0x3C3C3C2C,
    0x2B3C3B3B, 0x3C3C3C2F, 0x3B3B3B3B, 0x3C3B3B3B, 0x3B434343, 0x3B3B3B3B, 0x43434343, 0x3B3B3B43,
    0x44444444, 0x44444444, 0x44444444, 0x44444444, 0x44444444, 0x3C3C4444, 0x2C3C3C3C, 0x3C3C3C2C,
    0x2C3C3C3C, 0x3C3C3C2F, 0x3C3C3C3C, 0x3B3B3C3C, 0x3B3B3B3B, 0x3B3B3B3B, 0x3B3B3B3B, 0x3B3B3B3B,
    0x44444444, 0x3C3C4444, 0x3C444444, 0x3C3C3C3C, 0x3C3C3C3C, 0x3C3C3C3C, 0x2C3C3C3C, 0x3C3C3C2B,
    0x2B3C3C3C, 0x3B3B3B2F, 0x3B3B3B3B, 0x3B3B3B3B, 0x43433B3B, 0x43434343, 0x43434343, 0x43434343,
    0x3C3C3C3C, 0x3C3C3C3C, 0x3C3C3C3C, 0x3C3C3C3C, 0x3C3C3C3C, 0x3C3C3C3C, 0x2B3B3B3B, 0x3B3B3B2B,
    0x2B3B3B3B, 0x4343432F, 0x4343433B, 0x43434343, 0x43434343, 0x43434343, 0x43434343, 0x43434343,
    0x3C3C3C3C, 0x3C443C3C, 0x3C3C3C3C, 0x3C3C3C3C, 0x3C3C3C3C, 0x3C3C3C3C, 0x2B3B3B3B, 0x3C3C3C2B,
    0x2B3B4343, 0x3C3C3B2F, 0x43434343, 0x3C3B3B43, 0x43434343, 0x3B3B4343, 0x43434343, 0x3B3B4343,
    0x3C3C3C3C, 0x563C3C3C, 0x3C3C3C3C, 0x56444444, 0x3C3C3C3C, 0x56444444, 0x2C3C3C3C, 0x5644442C,
    0x2C3C3C3C, 0x56444430, 0x3C3C3C3C, 0x56444444, 0x3C3C3C3C, 0x56444444, 0x3C3C3C3C, 0x5644443C,
    0x34343425, 0x34343434, 0x34343425, 0x34343434, 0x34343425, 0x33343434, 0x34343425, 0x33343434,
    0x46343425, 0x33343438, 0x38343425, 0x33343426, 0x34343425, 0x33343434, 0x2B2B2B25, 0x2B2B2B2B,
    0x37373434, 0x34343434, 0x34373434, 0x34343434, 0x34383434, 0x34343434, 0x34383434, 0x33343434,
    0x34383434, 0x33343434, 0x34383434, 0x33343434, 0x34373434, 0x33343434, 0x2B2B2B2B, 0x2B2B2B2B,
    0x34343434, 0x34343434, 0x34343433, 0x34343434, 0x34343433, 0x34343434, 0x34343333, 0x34343433,
    0x34343333, 0x34343434, 0x34333333, 0x34343434, 0x34343333, 0x34343434, 0x2B2B2B2B, 0x2B2B2B2B,
    0x34343434, 0x34343434, 0x34353434, 0x34343434, 0x34373434, 0x34343434, 0x34383734, 0x34343734,
    0x34383734, 0x35343734, 0x34373734, 0x34343434, 0x34343735, 0x34343434, 0x2B2B2B2B, 0x2B2B2B2B,
    0x34343434, 0x2B343434, 0x34343434, 0x2B343434, 0x34333434, 0x2B343534, 0x34333434, 0x2B343734,
    0x46333434, 0x2B343738, 0x38333434, 0x2B343426, 0x33333434, 0x2B343434, 0x2B2B2B2B, 0x2B2B2B2B,
    0x39393939, 0x39393939, 0x33333439, 0x34343434, 0x33333439, 0x34343433, 0x32333439, 0x34343433,
    0x46333439, 0x34343438, 0x38333439, 0x34343426, 0x32333439, 0x34343433, 0x32333439, 0x34343433,
    0x39393939, 0x39393939, 0x34333333, 0x34343434, 0x34333333, 0x34343434, 0x34333333, 0x34343434,
    0x34333333, 0x34343434, 0x34333333, 0x34343434, 0x34333334, 0x34343434, 0x34333334, 0x34343434,
    0x39393939, 0x39393939, 0x34343333, 0x34343434, 0x34333333, 0x34343334, 0x34333333, 0x34343333,
    0x34333333, 0x34343333, 0x34333334, 0x34343333, 0x33333334, 0x34343333, 0x33333434, 0x34343434,
    0x39393939, 0x39393939, 0x33333434, 0x33333333, 0x33333434, 0x33333333, 0x33333434, 0x33333333,
    0x33333434, 0x33333333, 0x33333434, 0x33333333, 0x33333434, 0x33333333, 0x33333434, 0x33333333,
    0x39393939, 0x25393939, 0x34343434, 0x25343434, 0x34343433, 0x25343434, 0x34333333, 0x25343434,
    0x46333333, 0x25343338, 0x38333333, 0x25333426, 0x34333333, 0x25333434, 0x34343333, 0x25333434,
    0x433B3B56, 0x43434343, 0x43433B56, 0x43434343, 0x43433B56, 0x43434343, 0x2B433B56, 0x4343432B,
    0x2B433B56, 0x4343432F, 0x43434356, 0x43434343, 0x43434356, 0x43434343, 0x43434356, 0x43434343,
    0x43434343, 0x43434343, 0x43434343, 0x43434343, 0x43434343, 0x43434343, 0x2A434343, 0x4343432A,
    0x2A434343, 0x4343432F, 0x43434343, 0x43434343, 0x43434343, 0x43434343, 0x43434343, 0x43434343,
    0x43434343, 0x43434343, 0x43434343, 0x43434343, 0x43434343, 0x43434343, 0x2A434343, 0x4343432A,
    0x2A434343, 0x4343432F, 0x43434343, 0x43434343, 0x43434343, 0x43434343, 0x43434343, 0x43434343,
    0x3B3B4343, 0x3C3C3C3C, 0x3B434343, 0x3C3C3C3C, 0x43434343, 0x3C3C3C3B, 0x2B434343, 0x3C3B3B2B,
    0x2A434343, 0x3B3B432F, 0x43434343, 0x3B434343, 0x43434343, 0x43434343, 0x43434343, 0x43434343,
    0x44444444, 0x44444444, 0x4444443C, 0x44444444, 0x443C3C3C, 0x44444444, 0x2C3C3C3C, 0x4444442C,
    0x2C3C3C3C, 0x44443C2F, 0x3C3C3C3B, 0x3C3C3C3C, 0x3C3C3B3B, 0x3C3C3C3C, 0x3C3B3B3B, 0x3C3C3C3C,
    0x44444444, 0x44444444, 0x44444444, 0x44444444, 0x44444444, 0x44444444, 0x2C444444, 0x4444442C,
    0x2C444444, 0x44444430, 0x4444443C, 0x44444444, 0x44443C3C, 0x44444444, 0x443C3C3C, 0x44444444,
    0x44444444, 0x3C3C3C44, 0x44444444, 0x3C3C3C44, 0x44444444, 0x3C3C3C44, 0x2C444444, 0x3C3C3C2C,
    0x2C444444, 0x3C3C3C30, 0x44444444, 0x3C3C3C3C, 0x44444444, 0x3C3C3C3C, 0x44444444, 0x3C3C3C3C,
    0x3B3B3B3C, 0x3C3B3B3B, 0x3B3B3B3C, 0x3C3B3B3B, 0x3B3B3B3C, 0x3C3B3B3B, 0x2B3B3B3C, 0x3C3B3B2B,
    0x2B3B3B3C, 0x3C3B3B2F, 0x3B3B3B3C, 0x3C3C3B3B, 0x3B3B3B3C, 0x3C3C3B3B, 0x3B3B3B3C, 0x3C3C3B3B,
    0x3C3C3C3C, 0x3C3C3C3C, 0x3C3C3C3C, 0x3C3C3C3C, 0x3C3C3C3C, 0x3C3C3C3C, 0x2C3C3C3C, 0x3C3C3C2C,
    0x2C3C3C3C, 0x3C3C3C2F, 0x3C3C3C3C, 0x3C3C3C3C, 0x3C3C3C3C, 0x3C3C3C3C, 0x3C3C3C3C, 0x3C3C3C3C,
    0x3C3C3C3C, 0x3C3C3C3C, 0x3C3C3C3C, 0x3C3C3C3C, 0x3C3C3C3C, 0x3C3C3C3C, 0x2C3C3C3C, 0x3C3C3C2B,
    0x2B3C3C3C, 0x3C3C3C2F, 0x3C3C3C3C, 0x3B3B3B3C, 0x3C3C3C3C, 0x3B3B3B3B, 0x3B3C3C3C, 0x3B3B3B3B,
    0x3C3C3C3C, 0x3C3C3C3C, 0x3C3C3C3C, 0x3C3C3C3C, 0x3C3C3C3C, 0x3C3C3C3C, 0x2C3C3C3C, 0x3C3C3C2C,
    0x2B3C3C3C, 0x3B3B3B2F, 0x3B3B3B3B, 0x3B3B3B3B, 0x3B3B3B3B, 0x433B3B3B, 0x3B3B3B3B, 0x43434343,
    0x3C3C3C3C, 0x3B3B3B3B, 0x3B3C3C3C, 0x3B3B3B3B, 0x3B3B3B3C, 0x3B3B3B3B, 0x2B3B3B3B, 0x3B3B3B2B,
    0x2B3B3B3B, 0x3B3B3B2F, 0x4343433B, 0x3B3B4343, 0x43434343, 0x3B3B4343, 0x43434343, 0x3B3B4343,
    0x3B3B3B3B, 0x43434343, 0x433B3B3B, 0x43434343, 0x43433B3B, 0x43434343, 0x2B3B3B3B, 0x4343432B,
    0x2B3B3B3B, 0x4343432F, 0x3B3B3B3B, 0x4343433B, 0x3B3B3B3B, 0x3B3B3B3B, 0x3B3B3B3B, 0x3B3B3B3B,
    0x43434343, 0x43434343, 0x43434343, 0x43434343, 0x43434343, 0x43434343, 0x2A434343, 0x4343432A,
    0x2A434343, 0x4343432F, 0x43434343, 0x43434343, 0x4343433B, 0x43434343, 0x3B3B3B3B, 0x43433B3B,
    0x43434343, 0x43434343, 0x43434343, 0x43434343, 0x43434343, 0x43434343, 0x2A434343, 0x4343432A,
    0x2A434343, 0x4343432F, 0x43434343, 0x43434343, 0x43434343, 0x43434343, 0x43434343, 0x43434343,
    0x3B3B3B43, 0x433B3B3B, 0x43434343, 0x43433B3B, 0x43434343, 0x43434343, 0x2B434343, 0x4343432B,
    0x2B434343, 0x433B432F, 0x43434343, 0x3B3B4343, 0x43434343, 0x43434343, 0x43434343, 0x43434343,
    0x43434343, 0x43434343, 0x43434343, 0x43434343, 0x43434343, 0x43434343, 0x2B434343, 0x4343432A,
    0x2B434343, 0x4343432F, 0x43434343, 0x43434343, 0x43434343, 0x43434343, 0x43434343, 0x43434343,
    0x43434343, 0x43434343, 0x43434343, 0x43434343, 0x43434343, 0x43434343, 0x2A434343, 0x4343432A,
    0x2A434343, 0x4343432F, 0x43434343, 0x43434343, 0x43434343, 0x43434343, 0x43434343, 0x43434343,
    0x43434343, 0x3B434343, 0x43434343, 0x3B434343, 0x43434343, 0x3B434343, 0x2A434343, 0x3B43432B,
    0x2B434343, 0x3B43432F, 0x43434343, 0x3B3B4343, 0x43434343, 0x3B434343, 0x43434343, 0x43434343,
    0x3C3C3C3C, 0x563C3C3C, 0x3C3C3C3B, 0x563C3C3C, 0x3C3C3C3B, 0x563C3C3C, 0x2C3C3B3B, 0x563C3C2C,
    0x2B3B3B3B, 0x563C3C2F, 0x3B3B3B3B, 0x563C3C3B, 0x3B3B3B3B, 0x563B3B3B, 0x3B3B3B3B, 0x563B3B3B,
    0x39393925, 0x39393939, 0x34343425, 0x34343434, 0x34343425, 0x34343434, 0x34343425, 0x34343434,
    0x46343425, 0x34343438, 0x38343425, 0x34343426, 0x34343425, 0x34343434, 0x34343425, 0x34343434,
    0x39393939, 0x39393939, 0x34343434, 0x34343334, 0x34343434, 0x34343334, 0x34343434, 0x34343433,
    0x33343434, 0x34343433, 0x33343434, 0x34343333, 0x34343434, 0x34343333, 0x34343434, 0x34343333,
    0x39393939, 0x39393939, 0x34343333, 0x34343434, 0x34343434, 0x34343434, 0x34343434, 0x34343434,
    0x34343434, 0x34343434, 0x34343434, 0x34343434, 0x34343434, 0x34343434, 0x34343434, 0x34343434,
    0x39393939, 0x39393939, 0x34343534, 0x34343435, 0x35343434, 0x34343437, 0x37343434, 0x34343437,
    0x37343434, 0x34343437, 0x37343434, 0x34343437, 0x35353434, 0x34343434, 0x34373434, 0x34343434,
    0x39393939, 0x2B393939, 0x33333434, 0x2B343434, 0x33333434, 0x2B343434, 0x33333334, 0x2B343434,
    0x46333334, 0x2B343438, 0x38333334, 0x2B343326, 0x33333334, 0x2B333333, 0x34333434, 0x2B333333,
    0x32333439, 0x34343434, 0x33343439, 0x34343434, 0x33343439, 0x34343434, 0x33343439, 0x34343434,
    0x34343439, 0x37343433, 0x34343439, 0x37343433, 0x34343439, 0x37343434, 0x34343439, 0x34343434,
    0x33333434, 0x34343434, 0x33333434, 0x34343434, 0x33343434, 0x34343433, 0x33343434, 0x34343333,
    0x33343435, 0x34343333, 0x33343537, 0x34343333, 0x33343738, 0x34343333, 0x33343737, 0x34343333,
    0x33343434, 0x34343434, 0x33343434, 0x34343434, 0x34343434, 0x34343434, 0x34343434, 0x34343434,
    0x34343434, 0x34343434, 0x34343434, 0x34343434, 0x34343434, 0x34343434, 0x34343434, 0x34343434,
    0x33333434, 0x34333333, 0x33333434, 0x34333333, 0x33343434, 0x34343333, 0x33343434, 0x34343433,
    0x33343434, 0x34343433, 0x33343734, 0x34343434, 0x33343735, 0x35343434, 0x33343437, 0x34343434,
    0x34343434, 0x25333434, 0x34343434, 0x25333434, 0x34343434, 0x25343434, 0x34343434, 0x25343334,
    0x34343434, 0x25343334, 0x34343434, 0x25343333, 0x34343535, 0x25343333, 0x34343737, 0x25343333,
    0x43434356, 0x43434343, 0x43434356, 0x43434343, 0x43434356, 0x43434343, 0x2A434356, 0x4343432A,
    0x2A434356, 0x4343432F, 0x43434356, 0x43434343, 0x43434356, 0x43434343, 0x43434356, 0x43434343,
    0x43434343, 0x43434343, 0x43434343, 0x43434343, 0x43434343, 0x43434343, 0x2A434343, 0x4343432A,
    0x2A434343, 0x4343432F, 0x43434343, 0x43434343, 0x43434343, 0x43434343, 0x43434343, 0x43434343,
    0x43434343, 0x43434343, 0x43434343, 0x43434343, 0x43434343, 0x43434343, 0x2A434343, 0x4343432A,
    0x2A434343, 0x4343432F, 0x43434343, 0x43434343, 0x43434343, 0x43434343, 0x43434343, 0x43434343,
    0x43434343, 0x43434343, 0x43434343, 0x43434343, 0x43434343, 0x43434343, 0x2A434343, 0x4343432A,
    0x2A434343, 0x4343432F, 0x43434343, 0x43434343, 0x43434343, 0x43434343, 0x43434343, 0x43434343,
    0x3C3B3B43, 0x3C3C3C3C, 0x3B3B3B43, 0x3C3C3C3C, 0x3B3B4343, 0x3C3C3C3B, 0x2B3B4343, 0x3C3C3C2B,
    0x2B3B4343, 0x3C3C3C2F, 0x3B3B4343, 0x3C3C3C3B, 0x3B3B4343, 0x3C3C3C3B, 0x3B434343, 0x3C3C3B3B,
    0x3C3C3C3C, 0x44444444, 0x3C3C3C3C, 0x44444444, 0x3C3C3C3C, 0x44443C3C, 0x2C3C3C3C, 0x3C3C3C2C,
    0x2C3C3C3C, 0x3C3C3C2F, 0x3C3C3C3C, 0x3C3C3C3C, 0x3C3C3C3C, 0x3C3C3C3C, 0x3C3C3C3C, 0x3B3B3B3C,
    0x44444444, 0x3C3C3C3C, 0x3C444444, 0x3C3C3C3C, 0x3C3C4444, 0x3C3C3C3C, 0x2C3C3C3C, 0x3C3C3C2C,
    0x2C3C3C3C, 0x3C3C3C2F, 0x3C3C3C3C, 0x3C3C3C3C, 0x3B3B3C3C, 0x3B3B3B3B, 0x3B3B3B3B, 0x3B3B3B3B,
    0x3B3B3B3C, 0x3C3C3B3B, 0x3B3B3B3C, 0x3C3C3B3B, 0x3B3B3B3C, 0x3C3C3B3B, 0x2B3B3B3C, 0x3C3B3B2B,
    0x2B3B3B3C, 0x3C3B3B2F, 0x3B3B3B3C, 0x3B3B3B3B, 0x3B3C3C3B, 0x3B3B3B3B, 0x3C3C3C3B, 0x3B3B3B3C,
    0x3C3C3C3C, 0x3C3C3C3C, 0x3C3C3C3C, 0x3C3C3C3C, 0x3C3C3C3C, 0x3C3C3C3C, 0x2C3C3C3C, 0x3B3C3C2C,
    0x2B3C3C3C, 0x3B3B3B2F, 0x3B3B3B3B, 0x3B3B3B3B, 0x3B3B3B3B, 0x43433B3B, 0x3B3B3B3B, 0x43434343,
    0x3B3B3C3C, 0x4343433B, 0x3B3B3B3C, 0x43434343, 0x433B3B3B, 0x43434343, 0x2B433B3B, 0x4343432B,
    0x2B43433B, 0x4343432F, 0x43434343, 0x43434343, 0x43434343, 0x43434343, 0x43434343, 0x43434343,
    0x43434343, 0x43434343, 0x43434343, 0x43434343, 0x43434343, 0x43434343, 0x2A434343, 0x4343432A,
    0x2A434343, 0x4343432F, 0x43434343, 0x43434343, 0x43434343, 0x43434343, 0x43434343, 0x43434343,
    0x43434343, 0x3B3B3B43, 0x43434343, 0x3B3B3B43, 0x43434343, 0x3B3B3B43, 0x2B434343, 0x3B3B3B2B,
    0x2B434343, 0x3B3B3B2F, 0x43434343, 0x3B3B3B43, 0x43434343, 0x3B3B3B43, 0x43434343, 0x3B3B3B43,
    0x3B3B3B3B, 0x3B3B3B3B, 0x3C3C3C3B, 0x3B3C3C3C, 0x3C3C3C3C, 0x3C3C3C3C, 0x2B3C3C3C, 0x3C3C3C2B,
    0x2B3C3C3C, 0x3C3C3C2F, 0x3C3C3C3C, 0x3C3C3C3C, 0x3C3C3C3B, 0x3B3C3C3C, 0x3C3C3C3B, 0x3B3C3C3C,
    0x3B3B3B3B, 0x43433B3B, 0x3B3B3B3B, 0x43433B3B, 0x3B3B3B3B, 0x43433B3B, 0x2B3B3B3B, 0x4343432B,
    0x2B3B3B3B, 0x4343432F, 0x3B3B3B3B, 0x43434343, 0x433B3B3B, 0x43434343, 0x433B3B3B, 0x43434343,
    0x43434343, 0x43434343, 0x43434343, 0x43434343, 0x43434343, 0x43434343, 0x2A434343, 0x4343432A,
    0x2A434343, 0x4343432F, 0x43434343, 0x43434343, 0x43434343, 0x43434343, 0x43434343, 0x43434343,
    0x43434343, 0x43434343, 0x43434343, 0x43434343, 0x43434343, 0x43434343, 0x2A434343, 0x4343432A,
    0x2A434343, 0x4343432F, 0x43434343, 0x43434343, 0x43434343, 0x43434343, 0x43434343, 0x43434343,
    0x43434343, 0x43434343, 0x43434343, 0x43434343, 0x43434343, 0x43434343, 0x2A434343, 0x4343432A,
    0x2A434343, 0x4343432F, 0x43434343, 0x43434343, 0x43434343, 0x43434343, 0x43434343, 0x43434343,
    0x43434343, 0x43434343, 0x43434343, 0x43434343, 0x43434343, 0x43434343, 0x2A434343, 0x4343432A,
    0x2A434343, 0x4343432F, 0x43434343, 0x43434343, 0x43434343, 0x43434343, 0x43434343, 0x43434343,
    0x43434343, 0x43434343, 0x43434343, 0x43434343, 0x43434343, 0x43434343, 0x2A434343, 0x4343432A,
    0x2A434343, 0x4343432F, 0x43434343, 0x43434343, 0x43434343, 0x43434343, 0x43434343, 0x43434343,
    0x43434343, 0x56434343, 0x43434343, 0x56434343, 0x43434343, 0x56434343, 0x2A434343, 0x5643432A,
    0x2A434343, 0x5643432F, 0x43434343, 0x56434343, 0x43434343, 0x56434343, 0x43434343, 0x56434343,
    0x34343425, 0x34343434, 0x34343425, 0x34343434, 0x34343425, 0x34343434, 0x34343425, 0x34343434,
    0x34333325, 0x34353434, 0x34333325, 0x35373534, 0x34333325, 0x35373734, 0x34333325, 0x34373534,
    0x34343434, 0x34343334, 0x34343434, 0x34343334, 0x34343434, 0x34343334, 0x34343434, 0x34343334,
    0x34343434, 0x34343334, 0x34343435, 0x34343334, 0x34343434, 0x34343334, 0x34343434, 0x34343334,
    0x34343434, 0x34343434, 0x34343434, 0x34343434, 0x34343434, 0x34343434, 0x35343434, 0x34343434,
    0x37343434, 0x34343437, 0x38343434, 0x34343438, 0x38343434, 0x34343438, 0x37343434, 0x34343437,
    0x34373434, 0x34343434, 0x34373434, 0x34343434, 0x34343434, 0x34343434, 0x34343434, 0x34333334,
    0x34343434, 0x33333334, 0x34343334, 0x33333233, 0x33343334, 0x33333233, 0x33333334, 0x33333033,
    0x34333434, 0x2B333333, 0x34333434, 0x2B333333, 0x34333434, 0x2B343434, 0x34333334, 0x2B343434,
    0x34343333, 0x2B343434, 0x34343333, 0x2B373434, 0x34343333, 0x2B383434, 0x34333333, 0x2B383434,
    0x33343439, 0x34343434, 0x33343439, 0x34343434, 0x33343439, 0x34343434, 0x33343439, 0x34343434,
    0x34343439, 0x34343434, 0x34343439, 0x34343434, 0x34343439, 0x34343434, 0x34343439, 0x34343434,
    0x34343734, 0x34343333, 0x34343534, 0x34343433, 0x34343534, 0x34343434, 0x34353734, 0x34343434,
    0x34373734, 0x33343434, 0x34373835, 0x33333434, 0x34383835, 0x33333434, 0x35373734, 0x33333434,
    0x34343434, 0x35343434, 0x34343434, 0x34343434, 0x34343434, 0x34343434, 0x34343434, 0x34343434,
    0x34343434, 0x34343434, 0x34343434, 0x34343434, 0x34343434, 0x33333434, 0x34343434, 0x33343434,
    0x33343437, 0x34343434, 0x33343435, 0x34343434, 0x33343434, 0x34343434, 0x34343434, 0x34343434,
    0x34343434, 0x34343434, 0x34343434, 0x34333434, 0x34343433, 0x34333434, 0x34343333, 0x34333434,
    0x34343837, 0x25343333, 0x34343835, 0x25343333, 0x34343834, 0x25343333, 0x34343734, 0x25343333,
    0x34343434, 0x25343433, 0x34343434, 0x25343433, 0x34343434, 0x25343433, 0x34343434, 0x25343433,
    0x43434356, 0x43434343, 0x43434356, 0x43434343, 0x43434356, 0x43434343, 0x2A434356, 0x4343432A,
    0x2A434356, 0x4343432F, 0x43434356, 0x43434343, 0x43434356, 0x43434343, 0x43434356, 0x43434343,
    0x43434343, 0x43434343, 0x43434343, 0x43434343, 0x43434343, 0x43434343, 0x2A434343, 0x4343432A,
    0x2A434343, 0x4343432F, 0x43434343, 0x43434343, 0x43434343, 0x43434343, 0x43434343, 0x43434343,
    0x43434343, 0x43434343, 0x43434343, 0x43434343, 0x43434343, 0x43434343, 0x2A434343, 0x4343432A,
    0x2A434343, 0x4343432F, 0x43434343, 0x43434343, 0x43434343, 0x43434343, 0x43434343, 0x43434343,
    0x43434343, 0x43434343, 0x43434343, 0x43434343, 0x43434343, 0x43434343, 0x2A434343, 0x4343432A,
    0x2A434343, 0x4343432F, 0x43434343, 0x43434343, 0x43434343, 0x43434343, 0x43434343, 0x43434343,
    0x3B434343, 0x3C3C3B3B, 0x3B434343, 0x3B3B3B3B, 0x43434343, 0x3B3B3B3B, 0x2B434343, 0x3B3B3B2B,
    0x2B434343, 0x3B3B432F, 0x43434343, 0x3B434343, 0x43434343, 0x43434343, 0x43434343, 0x43434343,
    0x3B3B3C3C, 0x3B3B3B3B, 0x3B3B3B3B, 0x43433B3B, 0x3B3B3B3B, 0x43434343, 0x2B3B3B3B, 0x4343432B,
    0x2B433B3B, 0x4343432F, 0x4343433B, 0x43434343, 0x43434343, 0x43434343, 0x43434343, 0x43434343,
    0x43434343, 0x3B3B3B3B, 0x43434343, 0x3B3B4343, 0x43434343, 0x3B434343, 0x2A434343, 0x4343432A,
    0x2A434343, 0x4343432F, 0x43434343, 0x43434343, 0x43434343, 0x43434343, 0x43434343, 0x43434343,
    0x3C3C3C3B, 0x3B3B3B3C, 0x3B3B3B3B, 0x3B3B3B3B, 0x3B3B3B3B, 0x3B3B3B3B, 0x2B3B3B3B, 0x433B3B2B,
    0x2B3B3B43, 0x4343432F, 0x43434343, 0x43434343, 0x43434343, 0x43434343, 0x43434343, 0x43434343,
    0x433B3B3B, 0x43434343, 0x43433B3B, 0x43434343, 0x4343433B, 0x43434343, 0x2A434343, 0x4343432A,
    0x2A434343, 0x4343432F, 0x43434343, 0x43434343, 0x43434343, 0x43434343, 0x43434343, 0x43434343,
    0x43434343, 0x43434343, 0x43434343, 0x43434343, 0x43434343, 0x43434343, 0x2A434343, 0x4343432A,
    0x2A434343, 0x4343432F, 0x43434343, 0x43434343, 0x43434343, 0x43434343, 0x43434343, 0x43434343,
    0x43434343, 0x43434343, 0x43434343, 0x43434343, 0x43434343, 0x43434343, 0x2A434343, 0x4343432A,
    0x2A434343, 0x4343432F, 0x43434343, 0x43434343, 0x43434343, 0x43434343, 0x43434343, 0x43434343,
    0x43434343, 0x3B3B3B43, 0x43434343, 0x3B3B4343, 0x43434343, 0x3B3B4343, 0x2A434343, 0x3B43432B,
    0x2A434343, 0x4343432F, 0x43434343, 0x43434343, 0x43434343, 0x43434343, 0x43434343, 0x43434343,
    0x3C3C3B3B, 0x3B3B3C3C, 0x3C3B3B3B, 0x3B3B3C3C, 0x3B3B3B3B, 0x3B3B3B3C, 0x2B3B3B3B, 0x3B3B3B2B,
    0x2B3B3B3B, 0x3B3B3B2F, 0x43434343, 0x4343433B, 0x43434343, 0x43434343, 0x43434343, 0x43434343,
    0x43433B3B, 0x43434343, 0x43433B3B, 0x43434343, 0x4343433B, 0x43434343, 0x2A43433B, 0x4343432A,
    0x2A434343, 0x4343432F, 0x43434343, 0x43434343, 0x43434343, 0x43434343, 0x43434343, 0x43434343,
    0x43434343, 0x43434343, 0x43434343, 0x43434343, 0x43434343, 0x43434343, 0x2A434343, 0x4343432A,
    0x2A434343, 0x4343432F, 0x43434343, 0x43434343, 0x43434343, 0x43434343, 0x43434343, 0x43434343,
    0x43434343, 0x43434343, 0x43434343, 0x43434343, 0x43434343, 0x43434343, 0x2A434343, 0x4343432A,
    0x2A434343, 0x4343432F, 0x43434343, 0x43434343, 0x43434343, 0x39394343, 0x39434343, 0x39393939,
    0x43434343, 0x43434343, 0x43434343, 0x43434343, 0x43434343, 0x43434343, 0x2A434343, 0x4343432A,
    0x2A434343, 0x4343432F, 0x43434343, 0x43434343, 0x43434343, 0x43434343, 0x43393939, 0x43434343,
    0x43434343, 0x43434343, 0x43434343, 0x43434343, 0x43434343, 0x43434343, 0x2A434343, 0x4343432A,
    0x2A434343, 0x4343432F, 0x43434343, 0x43434343, 0x43434343, 0x43434343, 0x43434343, 0x43434343,
    0x43434343, 0x43434343, 0x43434343, 0x43434343, 0x43434343, 0x43434343, 0x2A434343, 0x4343432A,
    0x2A434343, 0x4343432F, 0x43434343, 0x43434343, 0x43434343, 0x43434343, 0x43434343, 0x43434343,
    0x43434343, 0x56434343, 0x43434343, 0x56434343, 0x43434343, 0x56434343, 0x2A434343, 0x5643432A,
    0x2A434343, 0x5643432F, 0x43434343, 0x56434343, 0x43434343, 0x56434343, 0x43434343, 0x56434343,
    0x34343325, 0x34353434, 0x34343325, 0x34343434, 0x34343425, 0x34343434, 0x34343425, 0x34343434,
    0x34343425, 0x34343434, 0x34343425, 0x34343434, 0x34343425, 0x34343434, 0x34343425, 0x34343434,
    0x34343434, 0x34333434, 0x34343434, 0x34333434, 0x34343434, 0x34343434, 0x34343434, 0x34343434,
    0x34333434, 0x34343434, 0x34333334, 0x34343734, 0x33333334, 0x34343834, 0x34333334, 0x34343834,
    0x34343434, 0x34343434, 0x34343434, 0x34343434, 0x34343434, 0x34343434, 0x34343434, 0x34343434,
    0x34343434, 0x33343434, 0x34343434, 0x33343434, 0x34343334, 0x33333434, 0x34343334, 0x33333434,
    0x33333434, 0x33333033, 0x33333434, 0x33333233, 0x33333434, 0x33333233, 0x33333333, 0x33333333,
    0x33333333, 0x33333333, 0x33333333, 0x33333333, 0x33323233, 0x33333333, 0x33323233, 0x33333333,
    0x33333333, 0x2B383434, 0x33333333, 0x2B373434, 0x33343333, 0x2B373434, 0x34343433, 0x2B343434,
    0x34343433, 0x2B343434, 0x35343433, 0x2B343434, 0x38343433, 0x2B343434, 0x38373433, 0x2B343434,
    0x34343439, 0x34343434, 0x34343439, 0x34343434, 0x34343439, 0x34343434, 0x34343439, 0x34343434,
    0x34343439, 0x34343434, 0x34343439, 0x34343434, 0x33343439, 0x34343433, 0x33343439, 0x34343433,
    0x35353434, 0x33343434, 0x34343434, 0x33343435, 0x34343434, 0x33343434, 0x34343434, 0x33343434,
    0x34343434, 0x33333434, 0x34343434, 0x33333334, 0x33343434, 0x33333333, 0x33333434, 0x33333333,
    0x34343434, 0x33343434, 0x34343434, 0x33343434, 0x34343434, 0x33343334, 0x34343434, 0x34343334,
    0x34343434, 0x34343434, 0x34333334, 0x34343434, 0x33333333, 0x34333434, 0x33333333, 0x34333434,
    0x34343333, 0x33333434, 0x34343433, 0x33343434, 0x34343433, 0x34343434, 0x34343433, 0x34343434,
    0x34343434, 0x34343434, 0x34343434, 0x34343434, 0x34343434, 0x34343434, 0x34343434, 0x34343434,
    0x34343434, 0x25343433, 0x34343434, 0x25343433, 0x34343434, 0x25333433, 0x34343434, 0x25333433,
    0x34343434, 0x25343434, 0x34343434, 0x25343434, 0x34333434, 0x25343434, 0x34333434, 0x25343434,
    0x43434356, 0x43434343, 0x43434356, 0x43434343, 0x43434356, 0x43434343, 0x2A434356, 0x4343432A,
    0x2A434356, 0x4343432F, 0x43393956, 0x43434343, 0x42422424, 0x24244242, 0x42424224, 0x24242442,
    0x43434343, 0x43434343, 0x43434343, 0x43434343, 0x43434343, 0x43434343, 0x2A434343, 0x4343432A,
    0x2A434343, 0x4343432F, 0x43434343, 0x43434343, 0x42422424, 0x24244242, 0x42424224, 0x24242442,
    0x43434343, 0x43434343, 0x43434343, 0x43434343, 0x43434343, 0x43434343, 0x2A434343, 0x4343432A,
    0x2A434343, 0x4343432F, 0x43434343, 0x43434343, 0x42422424, 0x24244242, 0x42424224, 0x24242442,
    0x43434343, 0x43434343, 0x43434343, 0x43434343, 0x43434343, 0x43434343, 0x2A434343, 0x4343432A,
    0x2A434343, 0x4343432F, 0x43434343, 0x43434343, 0x42422424, 0x24244242, 0x42424224, 0x24242442,
    0x43434343, 0x43434343, 0x43434343, 0x43434343, 0x43434343, 0x43434343, 0x2A434343, 0x4343432A,
    0x2A434343, 0x4343432F, 0x43434343, 0x43434343, 0x42422424, 0x24244242, 0x42424224, 0x24242442,
    0x43434343, 0x43434343, 0x43434343, 0x43434343, 0x43434343, 0x43434343, 0x2A434343, 0x4343432A,
    0x2A434343, 0x4343432F, 0x43434343, 0x43434343, 0x42422424, 0x24244242, 0x42424224, 0x24242442,
    0x43434343, 0x43434343, 0x43434343, 0x43434343, 0x43434343, 0x43434343, 0x2A434343, 0x4343432A,
    0x2A434343, 0x4343432F, 0x43434343, 0x43434343, 0x42422424, 0x24244242, 0x42424224, 0x24242442,
    0x43434343, 0x43434343, 0x43434343, 0x43434343, 0x43434343, 0x43434343, 0x2A434343, 0x4343432A,
    0x2A434343, 0x4343432F, 0x43434343, 0x43434343, 0x42422424, 0x24244242, 0x42424224, 0x24242442,
    0x43434343, 0x43434343, 0x43434343, 0x43434343, 0x43434343, 0x43434343, 0x2A434343, 0x4343432A,
    0x2A434343, 0x4343432F, 0x43434343, 0x39394343, 0x42422424, 0x24244242, 0x42424224, 0x24242442,
    0x43434343, 0x43434343, 0x43434343, 0x43434343, 0x43434343, 0x43434343, 0x2A434343, 0x4343432A,
    0x2A434343, 0x4343432F, 0x43434343, 0x43434343, 0x42422424, 0x24244242, 0x42424224, 0x24242442,
    0x43434343, 0x43434343, 0x43434343, 0x43434343, 0x43434343, 0x43434343, 0x2A434343, 0x4343432A,
    0x2A434343, 0x4343432F, 0x43434343, 0x43434343, 0x42422424, 0x24244242, 0x42424224, 0x24242442,
    0x43434343, 0x43434343, 0x43434343, 0x43434343, 0x43434343, 0x43434343, 0x2A434343, 0x4343432A,
    0x2A434343, 0x4343432F, 0x43434343, 0x43434343, 0x42422424, 0x24244242, 0x42424224, 0x24242442,
    0x43434343, 0x43434343, 0x43434343, 0x43434343, 0x43434343, 0x43434343, 0x2A434343, 0x4343432A,
    0x2A434343, 0x4343432F, 0x43434343, 0x43434343, 0x42422424, 0x24244242, 0x42424224, 0x24242442,
    0x43434343, 0x43434343, 0x43434343, 0x43434343, 0x43434343, 0x43434343, 0x2A434343, 0x4343432A,
    0x2A434343, 0x4343432F, 0x43434343, 0x43434343, 0x42422424, 0x24244242, 0x42424224, 0x24242442,
    0x43434343, 0x43434343, 0x43434343, 0x43434343, 0x43434343, 0x43434343, 0x2A434343, 0x3943432A,
    0x2A434343, 0x4343432F, 0x43434343, 0x43434343, 0x42422424, 0x24244242, 0x42424224, 0x24242442,
    0x39394343, 0x39393939, 0x39393939, 0x39393939, 0x39393939, 0x39393939, 0x2A393939, 0x3939392A,
    0x2A393939, 0x3939392F, 0x39393943, 0x39393939, 0x42422424, 0x24244242, 0x42424224, 0x24242442,
    0x39393939, 0x43434343, 0x39393939, 0x43434339, 0x39393939, 0x43433939, 0x2A393939, 0x4343392A,
    0x2A393939, 0x4339392F, 0x39393939, 0x39393939, 0x42422424, 0x24244242, 0x42424224, 0x24242442,
    0x43434343, 0x43434343, 0x43434343, 0x43434343, 0x43434343, 0x43434343, 0x2A434343, 0x4343432A,
    0x2A434343, 0x4343432F, 0x43434339, 0x43434343, 0x42422424, 0x24244242, 0x42424224, 0x24242442,
    0x43434343, 0x43434343, 0x43434343, 0x43434343, 0x43434343, 0x43434343, 0x2A434343, 0x4343432A,
    0x2A434343, 0x4343432F, 0x43434343, 0x43434343, 0x42422424, 0x24244242, 0x42424224, 0x24242442,
    0x43434343, 0x56434343, 0x43434343, 0x56434343, 0x43434343, 0x56434343, 0x2A434343, 0x5643432A,
    0x2A434343, 0x5643432F, 0x43434343, 0x56434343, 0x42422424, 0x24244242, 0x42424224, 0x24242442,
    0x34343425, 0x34343434, 0x34343425, 0x34343434, 0x34343425, 0x34343434, 0x34343425, 0x34343434,
    0x34343425, 0x34343434, 0x34343425, 0x34343434, 0x34343425, 0x34343434, 0x34343425, 0x34343434,
    0x34333334, 0x34343734, 0x34333334, 0x34343434, 0x34343334, 0x34343434, 0x34343334, 0x34343434,
    0x34333334, 0x34343434, 0x33333434, 0x34343434, 0x33333434, 0x33343434, 0x33333434, 0x33343434,
    0x34343334, 0x33333434, 0x34343433, 0x33333334, 0x34343433, 0x33333334, 0x34343433, 0x33333334,
    0x34343433, 0x33333334, 0x34343433, 0x33333334, 0x34343433, 0x33333334, 0x34343433, 0x33333334,
    0x33323333, 0x33333333, 0x33323333, 0x33333333, 0x33323333, 0x33333333, 0x33333333, 0x33333333,
    0x33333333, 0x33333333, 0x33333433, 0x33333333, 0x33343433, 0x33333333, 0x33343434, 0x33333333,
    0x38373434, 0x2B343434, 0x38373434, 0x2B343434, 0x38353434, 0x2B343434, 0x38353434, 0x2B343434,
    0x38373434, 0x2B343434, 0x37373434, 0x2B343434, 0x35383434, 0x2B353434, 0x35383434, 0x2B373434,
    0x33343439, 0x34343434, 0x33343439, 0x34343434, 0x33343439, 0x34343434, 0x33343439, 0x34343434,
    0x46343439, 0x34343438, 0x38343439, 0x34343426, 0x33343439, 0x34343433, 0x2B2B2B2B, 0x2B2B2B2B,
    0x33333434, 0x33333333, 0x33333434, 0x33333333, 0x33343434, 0x33333333, 0x33343434, 0x33333333,
    0x33343434, 0x33333333, 0x33343434, 0x33333333, 0x33333434, 0x32323334, 0x2B2B2B2B, 0x2B2B2B2B,
    0x33333333, 0x34333433, 0x33333333, 0x34333333, 0x33333333, 0x34343333, 0x33333333, 0x34343333,
    0x33333333, 0x34343433, 0x34333333, 0x34343434, 0x34343433, 0x34343434, 0x2B2B2B2B, 0x2B2B2B2B,
    0x34343434, 0x34353434, 0x34343434, 0x34353434, 0x34343434, 0x34353434, 0x34343434, 0x34343434,
    0x34343434, 0x34343434, 0x34343434, 0x34343434, 0x34343434, 0x34343434, 0x2B2B2B2B, 0x2B2B2B2B,
    0x34333334, 0x25343434, 0x34333334, 0x25343434, 0x34343333, 0x25333434, 0x34343333, 0x25333434,
    0x46343333, 0x25333438, 0x38343333, 0x25343426, 0x34343334, 0x25343434, 0x2B2B2B2B, 0x252B2B2B,
    0x51512929, 0x51515151, 0x28284D4D, 0x28282828, 0x27274C4C, 0x27272727, 0x25254040, 0x25252525,
    0x23232323, 0x23232323, 0x22222222, 0x22222222, 0x21212121, 0x21212121, 0x20202020, 0x20202020,
    0x29292929, 0x29292929, 0x28282828, 0x4D4D2828, 0x27272727, 0x4C4C2727, 0x25252525, 0x40402525,
    0x3D3D3D3D, 0x23233D3D, 0x3A3A3A3A, 0x22223A3A, 0x21212121, 0x21212121, 0x20202020, 0x20202020,
    0x29292929, 0x51515151, 0x4D4D4D4D, 0x28282828, 0x4C4C4C4C, 0x27272727, 0x40404040, 0x25252525,
    0x23232323, 0x23232323, 0x22222222, 0x22222222, 0x21212121, 0x21212121, 0x20202020, 0x20202020,
    0x29295151, 0x29292929, 0x28282828, 0x28282828, 0x27272727, 0x27272727, 0x25252525, 0x25252525,
    0x3D3D2323, 0x3D3D3D3D, 0x3A3A2222, 0x3A3A3A3A, 0x21212121, 0x21212121, 0x20202020, 0x20202020,
    0x29292929, 0x51512929, 0x4D4D4D4D, 0x28284D4D, 0x4C4C4C4C, 0x27274C4C, 0x40404040, 0x25254040,
    0x23232323, 0x23232323, 0x22222222, 0x22222222, 0x21212121, 0x21212121, 0x20202020, 0x20202020,
    0x51515151, 0x29292929, 0x28282828, 0x28282828, 0x27272727, 0x27272727, 0x25252525, 0x25252525,
    0x23232323, 0x3D3D3D3D, 0x22222222, 0x3A3A3A3A, 0x21212121, 0x21212121, 0x20202020, 0x20202020,
    0x29292929, 0x29292929, 0x4D4D2828, 0x4D4D4D4D, 0x4C4C2727, 0x4C4C4C4C, 0x40402525, 0x40404040,
    0x23233D3D, 0x23232323, 0x22223A3A, 0x22222222, 0x21212121, 0x21212121, 0x20202020, 0x20202020,
    0x51515151, 0x29295151, 0x28282828, 0x28282828, 0x27272727, 0x27272727, 0x25252525, 0x25252525,
    0x23232323, 0x3D3D2323, 0x22222222, 0x3A3A2222, 0x21212121, 0x21212121, 0x20202020, 0x20202020,
    0x29292929, 0x29292929, 0x28282828, 0x4D4D4D4D, 0x27272727, 0x4C4C4C4C, 0x25252525, 0x40404040,
    0x3D3D3D3D, 0x23232323, 0x3A3A3A3A, 0x22222222, 0x21212121, 0x21212121, 0x20202020, 0x20202020,
    0x51512929, 0x51515151, 0x28284D4D, 0x28282828, 0x27274C4C, 0x27272727, 0x25254040, 0x25252525,
    0x23232323, 0x23232323, 0x22222222, 0x22222222, 0x21212121, 0x21212121, 0x20202020, 0x20202020,
    0x29292929, 0x29292929, 0x28282828, 0x4D4D2828, 0x27272727, 0x4C4C2727, 0x25252525, 0x40402525,
    0x3D3D3D3D, 0x23233D3D, 0x3A3A3A3A, 0x22223A3A, 0x21212121, 0x21212121, 0x20202020, 0x20202020,
    0x29292929, 0x51515151, 0x4D4D4D4D, 0x28282828, 0x4C4C4C4C, 0x27272727, 0x40404040, 0x25252525,
    0x23232323, 0x23232323, 0x22222222, 0x22222222, 0x21212121, 0x21212121, 0x20202020, 0x20202020,
    0x29295151, 0x29292929, 0x28282828, 0x28282828, 0x27272727, 0x27272727, 0x25252525, 0x25252525,
    0x3D3D2323, 0x3D3D3D3D, 0x3A3A2222, 0x3A3A3A3A, 0x21212121, 0x21212121, 0x20202020, 0x20202020,
    0x29292929, 0x51512929, 0x4D4D4D4D, 0x28284D4D, 0x4C4C4C4C, 0x27274C4C, 0x40404040, 0x25254040,
    0x23232323, 0x23232323, 0x22222222, 0x22222222, 0x21212121, 0x21212121, 0x20202020, 0x20202020,
    0x51515151, 0x29292929, 0x28282828, 0x28282828, 0x27272727, 0x27272727, 0x25252525, 0x25252525,
    0x23232323, 0x3D3D3D3D, 0x22222222, 0x3A3A3A3A, 0x21212121, 0x21212121, 0x20202020, 0x20202020,
    0x29292929, 0x29292929, 0x4D4D2828, 0x4D4D4D4D, 0x4C4C2727, 0x4C4C4C4C, 0x40402525, 0x40404040,
    0x23233D3D, 0x23232323, 0x22223A3A, 0x22222222, 0x21212121, 0x21212121, 0x20202020, 0x20202020,
    0x51515151, 0x29295151, 0x28282828, 0x28282828, 0x27272727, 0x27272727, 0x25252525, 0x25252525,
    0x23232323, 0x3D3D2323, 0x22222222, 0x3A3A2222, 0x21212121, 0x21212121, 0x20202020, 0x20202020,
    0x29292929, 0x29292929, 0x28282828, 0x4D4D4D4D, 0x27272727, 0x4C4C4C4C, 0x25252525, 0x40404040,
    0x3D3D3D3D, 0x23232323, 0x3A3A3A3A, 0x22222222, 0x21212121, 0x21212121, 0x20202020, 0x20202020,
    0x51512929, 0x51515151, 0x28284D4D, 0x28282828, 0x27274C4C, 0x27272727, 0x25254040, 0x25252525,
    0x23232323, 0x23232323, 0x22222222, 0x22222222, 0x21212121, 0x21212121, 0x20202020, 0x20202020,
    0x29292929, 0x29292929, 0x28282828, 0x4D4D2828, 0x27272727, 0x4C4C2727, 0x25252525, 0x40402525,
    0x3D3D3D3D, 0x23233D3D, 0x3A3A3A3A, 0x22223A3A, 0x21212121, 0x21212121, 0x20202020, 0x20202020,
    0x34343325, 0x34343434, 0x34333325, 0x34343434, 0x34333325, 0x34343434, 0x34333325, 0x34343434,
    0x46333425, 0x34343438, 0x38343425, 0x34343426, 0x34343425, 0x34343434, 0x2B2B2B25, 0x2B2B2B2B,
    0x33333434, 0x33333433, 0x33333334, 0x33333433, 0x33333334, 0x33333333, 0x33333334, 0x34333333,
    0x33333334, 0x34333333, 0x33333334, 0x34333434, 0x34333334, 0x34333434, 0x2B2B2B2B, 0x2B2B2B2B,
    0x34343433, 0x33333334, 0x34343433, 0x33333333, 0x34343334, 0x33343333, 0x33333334, 0x33343333,
    0x33333334, 0x33343333, 0x34343334, 0x33333333, 0x34343334, 0x33333334, 0x2B2B2B2B, 0x2B2B2B2B,
    0x33343434, 0x33333333, 0x33343434, 0x33333333, 0x33333434, 0x33333333, 0x33333434, 0x33323332,
    0x33333434, 0x33333332, 0x33333434, 0x33333333, 0x33333433, 0x33333333, 0x2B2B2B2B, 0x2B2B2B2B,
    0x35383434, 0x2B353434, 0x37383434, 0x2B343435, 0x37373434, 0x2B343435, 0x37343434, 0x2B343435,
    0x46343434, 0x2B343438, 0x38343434, 0x2B343426, 0x34343434, 0x2B343434, 0x2B2B2B2B, 0x2B2B2B2B,
};
static const uint16_t board1_pal[256] = {
    0x0000, 0x0000, 0x0000, 0x0000, 0x0000, 0x0000, 0x0000, 0x0000,
    0x0000, 0x0000, 0x0000, 0x0000, 0x0000, 0x0000, 0x0000, 0x0000,
    0x0000, 0x0000, 0x0000, 0x0000, 0x0000, 0x0000, 0x0000, 0x0000,
    0x0000, 0x0000, 0x0000, 0x0000, 0x0000, 0x0000, 0x0000, 0x0000,
    0x0421, 0x0822, 0x0C42, 0x0C43, 0x0C63, 0x1063, 0x0864, 0x0865,
    0x1064, 0x1464, 0x1485, 0x0C86, 0x0C87, 0x0CA7, 0x0CA8, 0x0CA9,
    0x0CC9, 0x10C9, 0x10CA, 0x10EA, 0x14CA, 0x14EA, 0x10EB, 0x14EB,
    0x10EC, 0x14EC, 0x150C, 0x190D, 0x1D4F, 0x1950, 0x1D93, 0x171E,
    0x1D50, 0x1D71, 0x1D51, 0x1D72, 0x1D92, 0x21B4, 0x21B5, 0x2194,
    0x2193, 0x2929, 0x2D4A, 0x2D6A, 0x358B, 0x358C, 0x39AC, 0x39AD,
    0x41CE, 0x25D5, 0x25B5, 0x25D6, 0x460F, 0x4610, 0x5A94, 0x5ED5,
    0x66F6, 0x6F38, 0x6B39, 0x7FBC, 0x7FDD, 0x0000, 0x0000, 0x0000,
    0x0000, 0x0000, 0x0000, 0x0000, 0x0000, 0x0000, 0x0000, 0x0000,
    0x0000, 0x0000, 0x0000, 0x0000, 0x0000, 0x0000, 0x0000, 0x0000,
    0x0000, 0x0000, 0x0000, 0x0000, 0x0000, 0x0000, 0x0000, 0x0000,
    0x0000, 0x0000, 0x0000, 0x0000, 0x0000, 0x0000, 0x0000, 0x0000,
    0x0000, 0x0000, 0x0000, 0x0000, 0x0000, 0x0000, 0x0000, 0x0000,
    0x0000, 0x0000, 0x0000, 0x0000, 0x0000, 0x0000, 0x0000, 0x0000,
    0x0000, 0x0000, 0x0000, 0x0000, 0x0000, 0x0000, 0x0000, 0x0000,
    0x0000, 0x0000, 0x0000, 0x0000, 0x0000, 0x0000, 0x0000, 0x0000,
    0x0000, 0x0000, 0x0000, 0x0000, 0x0000, 0x0000, 0x0000, 0x0000,
    0x0000, 0x0000, 0x0000, 0x0000, 0x0000, 0x0000, 0x0000, 0x0000,
    0x0000, 0x0000, 0x0000, 0x0000, 0x0000, 0x0000, 0x0000, 0x0000,
    0x0000, 0x0000, 0x0000, 0x0000, 0x0000, 0x0000, 0x0000, 0x0000,
    0x0000, 0x0000, 0x0000, 0x0000, 0x0000, 0x0000, 0x0000, 0x0000,
    0x0000, 0x0000, 0x0000, 0x0000, 0x0000, 0x0000, 0x0000, 0x0000,
    0x0000, 0x0000, 0x0000, 0x0000, 0x0000, 0x0000, 0x0000, 0x0000,
    0x0000, 0x0000, 0x0000, 0x0000, 0x0000, 0x0000, 0x0000, 0x0000,
    0x0000, 0x0000, 0x0000, 0x0000, 0x0000, 0x0000, 0x0000, 0x0000,
    0x0000, 0x0000, 0x0000, 0x0000, 0x0000, 0x0000, 0x0000, 0x0000,
    0x0000, 0x0000, 0x0000, 0x0000, 0x0000, 0x0000, 0x0000, 0x0000,
    0x0000, 0x0000, 0x0000, 0x0000, 0x0000, 0x0000, 0x0000, 0x0000,
};
static const uint32_t board1_tiles[9600] = {
    0x3B3B3B3B, 0x3B3B3B3B, 0x3232323B, 0x31323232, 0x3232323B, 0x32323232, 0x3132323B, 0x32323231,
    0x3C32323B, 0x32323237, 0x3732323B, 0x32323227, 0x3132323B, 0x32323231, 0x3232323B, 0x32323232,
    0x3B3B3B3B, 0x3B3B3B3B, 0x32323231, 0x32313132, 0x32323232, 0x31313232, 0x32323132, 0x31313232,
    0x32323132, 0x31313232, 0x32323132, 0x31323232, 0x32323132, 0x31323232, 0x32323131, 0x32323234,
    0x3B3B3B3B, 0x3B3B3B3B, 0x34353431, 0x35373434, 0x34343432, 0x34353534, 0x34343432, 0x34343534,
    0x34343432, 0x32343534, 0x34343432, 0x32343534, 0x34343432, 0x32343734, 0x34343432, 0x34343735,
    0x3B3B3B3B, 0x3B3B3B3B, 0x32343434, 0x34343234, 0x34343434, 0x34323234, 0x34343434, 0x34323234,
    0x34343432, 0x34323234, 0x34343432, 0x34323234, 0x34343432, 0x34323234, 0x34343432, 0x34323234,
    0x3B3B3B3B, 0x263B3B3B, 0x32323232, 0x26323232, 0x32323232, 0x26323231, 0x32323232, 0x26323231,
    0x3C323232, 0x26323237, 0x37323232, 0x26323227, 0x32323434, 0x26323231, 0x32323434, 0x26323131,
    0x5251515A, 0x46465252, 0x5252525A, 0x46464652, 0x4C4C4C4C, 0x4C4C4C4C, 0x5B5B5B5B, 0x5B5B5B5B,
    0x59595959, 0x59595959, 0x56565656, 0x56565656, 0x54545454, 0x54545454, 0x4B4B4B4B, 0x4B4B4B4B,
    0x46464646, 0x46464646, 0x5C494646, 0x46464646, 0x5C494C4C, 0x4C4C4C4C, 0x5C495B5B, 0x5B5B5B5B,
    0x5C495959, 0x59595959, 0x5C495656, 0x56565656, 0x5C495454, 0x54545454, 0x5C494B4B, 0x4B4B4B4B,
    0x46464646, 0x46464646, 0x46464646, 0x46464646, 0x4C4C4C4C, 0x4C4C4C4C, 0x5B5B5B5B, 0x5B5B5B5B,
    0x59595959, 0x59595959, 0x56565656, 0x56565656, 0x54545454, 0x54545454, 0x4B4B4B4B, 0x4B4B4B4B,
    0x46464646, 0x46464646, 0x46464646, 0x46464646, 0x4C4C4C4C, 0x4C4C4C4C, 0x5B5B5B5B, 0x5B5B5B5B,
    0x59595959, 0x59595959, 0x56565656, 0x56565656, 0x54545454, 0x54545454, 0x4B4B4B4B, 0x4B4B4B4B,
    0x46464646, 0x46464646, 0x46464646, 0x46464646, 0x4C4C4C4C, 0x4C4C4C4C, 0x5B5B5B5B, 0x5B5B5B5B,
    0x59595959, 0x59595959, 0x56565656, 0x56565656, 0x54545454, 0x54545454, 0x4B4B4B4B, 0x4B4B4B4B,
    0x46464646, 0x46464646, 0x46465C49, 0x46464646, 0x4C4C5C49, 0x4C4C4C4C, 0x5B5B5C49, 0x5B5B5B5B,
    0x59595C49, 0x59595959, 0x56565C49, 0x56565656, 0x54545C49, 0x54545454, 0x4B4B5C49, 0x4B4B4B4B,
    0x46464646, 0x46464646, 0x46464646, 0x46464646, 0x4C4C4C4C, 0x4C4C4C4C, 0x5B5B5B5B, 0x5B5B5B5B,
    0x59595959, 0x59595959, 0x56565656, 0x56565656, 0x54545454, 0x54545454, 0x4B4B4B4B, 0x4B4B4B4B,
    0x46464646, 0x46464646, 0x46464646, 0x46464646, 0x4C4C4C4C, 0x4C4C4C4C, 0x5B5B5B5B, 0x5B5B5B5B,
    0x59595959, 0x59595959, 0x56565656, 0x56565656, 0x54545454, 0x54545454, 0x4B4B4B4B, 0x4B4B4B4B,
    0x46464646, 0x46464646, 0x46464646, 0x5C494646, 0x4C4C4C4C, 0x5C494C4C, 0x5B5B5B5B, 0x5C495B5B,
    0x59595959, 0x5C495959, 0x56565656, 0x5C495656, 0x54545454, 0x5C495454, 0x4B4B4B4B, 0x5C494B4B,
    0x46464646, 0x46464646, 0x46464646, 0x46464646, 0x4C4C4C4C, 0x4C4C4C4C, 0x5B5B5B5B, 0x5B5B5B5B,
    0x59595959, 0x59595959, 0x56565656, 0x56565656, 0x575B5B54, 0x57575757, 0x575B5B4B, 0x57575757,
    0x46464646, 0x46464646, 0x46464646, 0x46464646, 0x4C4C4C4C, 0x4C4C4C4C, 0x5B5B5B5B, 0x5B5B5B5B,
    0x59595959, 0x59595959, 0x56565656, 0x56565656, 0x57575757, 0x544E4E57, 0x57575757, 0x4B4E4E57,
    0x46464646, 0x52525246, 0x46464646, 0x52524646, 0x4C4C4C4C, 0x4C4C4C4C, 0x5B5B5B5B, 0x5B5B5B5B,
    0x59595959, 0x59595959, 0x56565656, 0x56565656, 0x54545454, 0x54545454, 0x4B4B4B4B, 0x4B4B4B4B,
    0x51515151, 0x52525151, 0x51515252, 0x52525C49, 0x4C4C4C4C, 0x4C4C5C49, 0x5B5B5B5B, 0x5B5B5C49,
    0x59595959, 0x59595C49, 0x56565656, 0x56565C49, 0x54545454, 0x54545C49, 0x4B4B4B4B, 0x4B4B5C49,
    0x46464646, 0x46464646, 0x46464646, 0x46464646, 0x4C4C4C4C, 0x4C4C4C4C, 0x5B5B5B5B, 0x5B5B5B5B,
    0x59595959, 0x59595959, 0x56565656, 0x56565656, 0x54545454, 0x54545454, 0x4B4B4B4B, 0x4B4B4B4B,
    0x46464646, 0x46464646, 0x46464646, 0x46464646, 0x4C4C4C4C, 0x4C4C4C4C, 0x5B5B5B5B, 0x5B5B5B5B,
    0x59595959, 0x59595959, 0x56565656, 0x56565656, 0x54545454, 0x54545454, 0x4B4B4B4B, 0x4B4B4B4B,
    0x46464646, 0x46464646, 0x46464646, 0x46464646, 0x4C4C4C4C, 0x4C4C4C4C, 0x5B5B5B5B, 0x5B5B5B5B,
    0x59595959, 0x59595959, 0x56565656, 0x56565656, 0x54545454, 0x54545454, 0x4B4B4B4B, 0x4B4B4B4B,
    0x52524646, 0x53515151, 0x5C494646, 0x51515152, 0x5C494C4C, 0x4C4C4C4C, 0x5C495B5B, 0x5B5B5B5B,
    0x5C495959, 0x59595959, 0x5C495656, 0x56565656, 0x5C495454, 0x54545454, 0x5C494B4B, 0x4B4B4B4B,
    0x53535353, 0x53535353, 0x53535353, 0x53535353, 0x4C4C4C4C, 0x4C4C4C4C, 0x5B5B5B5B, 0x5B5B5B5B,
    0x59595959, 0x59595959, 0x56565656, 0x56565656, 0x54545454, 0x54545454, 0x4B4B4B4B, 0x4B4B4B4B,
    0x53535353, 0x52515153, 0x53535353, 0x52515153, 0x4C4C4C4C, 0x4C4C4C4C, 0x5B5B5B5B, 0x5B5B5B5B,
    0x59595959, 0x59595959, 0x56565656, 0x56565656, 0x54545454, 0x54545454, 0x4B4B4B4B, 0x4B4B4B4B,
    0x46464652, 0x5A464646, 0x46464646, 0x5A464646, 0x4C4C4C4C, 0x4C4C4C4C, 0x5B5B5B5B, 0x5B5B5B5B,
    0x59595959, 0x59595959, 0x56565656, 0x56565656, 0x54545454, 0x54545454, 0x4B4B4B4B, 0x4B4B4B4B,
    0x3B3B3B26, 0x3B3B3B3B, 0x32323226, 0x32323232, 0x32323226, 0x32323232, 0x32323126, 0x32323232,
    0x3C323126, 0x32323237, 0x37323226, 0x32323227, 0x32323226, 0x32323232, 0x32343226, 0x32323232,
    0x3B3B3B3B, 0x3B3B3B3B, 0x31313131, 0x32343432, 0x31313132, 0x32343432, 0x31313232, 0x34323432,
    0x32323232, 0x34343432, 0x32323232, 0x34343432, 0x32343434, 0x34343434, 0x34343434, 0x34343434,
    0x3B3B3B3B, 0x3B3B3B3B, 0x32323232, 0x32323234, 0x32323232, 0x32323434, 0x34323234, 0x32343434,
    0x34323234, 0x32343434, 0x34343234, 0x34343434, 0x34343434, 0x32343434, 0x34343434, 0x32343434,
    0x3B3B3B3B, 0x3B3B3B3B, 0x31313131, 0x34323231, 0x31313132, 0x34343131, 0x31313132, 0x34343131,
    0x31313132, 0x34343131, 0x31313132, 0x34343131, 0x31313132, 0x34343131, 0x31313131, 0x34343232,
    0x3B3B3B3B, 0x2B3B3B3B, 0x34343435, 0x2B343434, 0x34343434, 0x2B343434, 0x34343432, 0x2B323234,
    0x3C323232, 0x2B323237, 0x37323232, 0x2B313227, 0x32323232, 0x2B313132, 0x32323234, 0x2B313132,
    0x3232323B, 0x32323232, 0x3232323B, 0x32323232, 0x3232323B, 0x32323232, 0x3132323B, 0x32323232,
    0x3131313B, 0x32323231, 0x3131313B, 0x32323131, 0x3131313B, 0x31323131, 0x3131313B, 0x31313131,
    0x34323131, 0x32323434, 0x34323131, 0x32323434, 0x32323131, 0x32323434, 0x32323131, 0x32323234,
    0x32313131, 0x31323232, 0x32313131, 0x31313232, 0x31313131, 0x31313232, 0x31313131, 0x31313132,
    0x34343432, 0x34353735, 0x34343432, 0x34373735, 0x34343432, 0x34353735, 0x34343432, 0x34343434,
    0x34343432, 0x34343434, 0x32343432, 0x32323432, 0x32343232, 0x32323232, 0x32323231, 0x32323232,
    0x34343432, 0x32323234, 0x34343432, 0x32323234, 0x34343432, 0x34323234, 0x34343432, 0x34323234,
    0x35343434, 0x34323234, 0x37353434, 0x34323234, 0x37353434, 0x32323234, 0x35343432, 0x32323234,
    0x32343534, 0x26323132, 0x32343735, 0x26323132, 0x32343534, 0x26323132, 0x32323434, 0x26323132,
    0x32323434, 0x26323232, 0x32323232, 0x26323232, 0x32323232, 0x26323232, 0x32313131, 0x26323234,
    0x5252515A, 0x46464646, 0x5252525A, 0x46464646, 0x4652525A, 0x46464646, 0x3146465A, 0x46464631,
    0x3146465A, 0x4646463A, 0x4646465A, 0x46464646, 0x4646465A, 0x46464646, 0x4646465A, 0x46464646,
    0x5C494646, 0x46464646, 0x46464646, 0x46464646, 0x46464646, 0x46464646, 0x30464646, 0x46464630,
    0x30464646, 0x4646463A, 0x46464646, 0x46464646, 0x46464646, 0x46464646, 0x46464646, 0x46464646,
    0x46464646, 0x46464646, 0x46464646, 0x46464646, 0x45464646, 0x46464645, 0x30454646, 0x46464530,
    0x30454646, 0x4646453A, 0x45454646, 0x46464545, 0x45454646, 0x46464545, 0x46464646, 0x46464646,
    0x46464646, 0x46464646, 0x46464646, 0x46464646, 0x46464646, 0x46464646, 0x30464646, 0x46464630,
    0x30464646, 0x4646463A, 0x46464646, 0x46464646, 0x46464646, 0x46464646, 0x46464646, 0x46464646,
    0x46464646, 0x46464646, 0x46464646, 0x46464646, 0x46464646, 0x46464646, 0x30464646, 0x46464630,
    0x30464646, 0x4646463A, 0x46464646, 0x46464646, 0x46464646, 0x46464646, 0x46464646, 0x46464646,
    0x46465C49, 0x46464646, 0x46464646, 0x46464646, 0x46464646, 0x46464646, 0x31464646, 0x46464631,
    0x31464646, 0x4646463A, 0x46464646, 0x46464646, 0x46464646, 0x46464646, 0x46464646, 0x46464646,
    0x46464646, 0x46464646, 0x46464646, 0x46464646, 0x46464646, 0x46464646, 0x31464646, 0x46464631,
    0x30464646, 0x4646463A, 0x46464646, 0x46464646, 0x46464646, 0x46464646, 0x46464646, 0x46464646,
    0x46464646, 0x46464646, 0x46464646, 0x46464646, 0x46464646, 0x46464646, 0x31464646, 0x46464631,
    0x30464646, 0x4646463A, 0x46464646, 0x46464646, 0x46464646, 0x46464646, 0x46464646, 0x46464646,
    0x46464646, 0x5C494646, 0x46464646, 0x46464646, 0x46464646, 0x46464646, 0x30464646, 0x46464630,
    0x30464646, 0x4646463A, 0x46464646, 0x46464646, 0x46464646, 0x46464646, 0x46464646, 0x46464646,
    0x575B5B46, 0x57575757, 0x575B5B46, 0x57575757, 0x575B5B46, 0x57575757, 0x5B5B4646, 0x57575757,
    0x5B5B4646, 0x57575757, 0x25584646, 0x25252525, 0x46464646, 0x46464646, 0x46464646, 0x46464646,
    0x57575757, 0x464E4E57, 0x57575757, 0x464E4E57, 0x57575757, 0x464E4E57, 0x57575757, 0x46464E4E,
    0x57575757, 0x46464E4E, 0x25252525, 0x46464A25, 0x46464646, 0x46464646, 0x46464646, 0x46464646,
    0x46464646, 0x46464646, 0x46464646, 0x46464646, 0x46464646, 0x46464646, 0x30464646, 0x46464630,
    0x30464646, 0x4646463A, 0x46464646, 0x46464646, 0x46464646, 0x46464646, 0x46464646, 0x46464646,
    0x46464646, 0x46465C49, 0x46464646, 0x46464646, 0x46464646, 0x46464646, 0x31464646, 0x46464631,
    0x30464646, 0x4646463A, 0x46464646, 0x46464646, 0x46464646, 0x46464646, 0x46464646, 0x46464646,
    0x46464646, 0x46464646, 0x46464646, 0x46464646, 0x46464646, 0x46464646, 0x31464646, 0x46464631,
    0x30464646, 0x4646463A, 0x46464646, 0x46464646, 0x46464646, 0x46464646, 0x46464646, 0x46464646,
    0x46464646, 0x46464646, 0x46464646, 0x46464646, 0x46464646, 0x46464646, 0x30464646, 0x46464630,
    0x30464646, 0x4646463A, 0x46464646, 0x46464646, 0x46464646, 0x46464646, 0x46464646, 0x46464646,
    0x46464646, 0x46464646, 0x46464646, 0x46464646, 0x46464646, 0x46464646, 0x30464646, 0x46464630,
    0x30464646, 0x4646463A, 0x46464646, 0x46464646, 0x46464646, 0x46464646, 0x46464646, 0x46464646,
    0x5C494646, 0x46464646, 0x46464646, 0x46464646, 0x46464646, 0x46464646, 0x30464646, 0x46464630,
    0x30464646, 0x4646463A, 0x46464646, 0x46464646, 0x46464646, 0x46464646, 0x46464646, 0x46464646,
    0x46464646, 0x46464646, 0x46464646, 0x46464646, 0x46464646, 0x46464646, 0x30464646, 0x46464630,
    0x30464646, 0x4646463A, 0x46464646, 0x46464646, 0x46464646, 0x46464646, 0x46464646, 0x46464646,
    0x46464646, 0x46464646, 0x46464646, 0x46464646, 0x46464646, 0x46464646, 0x30464646, 0x46464630,
    0x30464646, 0x4646463A, 0x46464646, 0x46464646, 0x46464646, 0x46464646, 0x46464646, 0x46464646,
    0x46464646, 0x5A464646, 0x46464646, 0x5A464646, 0x46464646, 0x5A464646, 0x30464646, 0x5A464630,
    0x30464646, 0x5A46463A, 0x46464646, 0x5A464646, 0x46464646, 0x5A464646, 0x46464646, 0x5A464646,
    0x32343226, 0x34323232, 0x32343226, 0x34323231, 0x32343226, 0x34323232, 0x32323226, 0x32323232,
    0x32323226, 0x32323232, 0x32323226, 0x32323232, 0x32323126, 0x32323232, 0x32323126, 0x32323234,
    0x34373434, 0x34343534, 0x35373434, 0x34353535, 0x35373432, 0x34343434, 0x34343432, 0x34343434,
    0x34343232, 0x34343234, 0x34323232, 0x34343232, 0x34323231, 0x32323232, 0x32323231, 0x32323132,
    0x34343434, 0x32343434, 0x34343434, 0x32343434, 0x34343434, 0x32343434, 0x34343434, 0x32343434,
    0x34343234, 0x32343434, 0x34323234, 0x32343432, 0x32323234, 0x32343432, 0x32323232, 0x32343434,
    0x31313131, 0x34343232, 0x32313131, 0x34343232, 0x32313131, 0x34343232, 0x32313131, 0x34343232,
    0x32323131, 0x34323232, 0x32323131, 0x32323232, 0x32323131, 0x32323232, 0x32323132, 0x32323232,
    0x32323234, 0x2B313131, 0x32323234, 0x2B313131, 0x32323234, 0x2B313131, 0x32323234, 0x2B313131,
    0x32323234, 0x2B313131, 0x32343434, 0x2B313131, 0x32343432, 0x2B313132, 0x32343432, 0x2B313132,
    0x3231313B, 0x31313132, 0x3232313B, 0x31313132, 0x3232313B, 0x31313132, 0x3232313B, 0x31313132,
    0x3232313B, 0x31313232, 0x3232313B, 0x31323232, 0x3232313B, 0x31323232, 0x3232313B, 0x32343432,
    0x32323232, 0x31313132, 0x32323232, 0x31313131, 0x32323232, 0x31313131, 0x32323232, 0x31313131,
    0x32323232, 0x31313131, 0x32323232, 0x31313232, 0x32323232, 0x31313232, 0x32323232, 0x31313232,
    0x32323231, 0x32323432, 0x32323131, 0x32323434, 0x32323131, 0x32323434, 0x32323131, 0x32323432,
    0x32323131, 0x32323432, 0x32323231, 0x32323232, 0x32323231, 0x32323232, 0x32323231, 0x32323232,
    0x34343232, 0x31323234, 0x34343232, 0x31323234, 0x34343232, 0x31313234, 0x34343232, 0x31323234,
    0x34343232, 0x32323234, 0x34343232, 0x32323234, 0x35343232, 0x32323434, 0x35343132, 0x34323434,
    0x32313131, 0x26323234, 0x32313131, 0x26323434, 0x32313131, 0x26323434, 0x32313131, 0x26323434,
    0x32313131, 0x26323434, 0x32313131, 0x26323434, 0x32323131, 0x26323434, 0x32323132, 0x26323434,
    0x4646465A, 0x46464646, 0x4646465A, 0x46464646, 0x4646465A, 0x46464646, 0x3046465A, 0x46464630,
    0x3046465A, 0x4646463A, 0x4646465A, 0x46464646, 0x4646465A, 0x46464646, 0x4646465A, 0x46464646,
    0x46464646, 0x46464646, 0x46464646, 0x46464646, 0x46464646, 0x46464646, 0x30464646, 0x46464630,
    0x30464646, 0x4545463A, 0x46464646, 0x45454545, 0x45454646, 0x45454545, 0x45454546, 0x45454545,
    0x46464646, 0x46464646, 0x46464646, 0x46464646, 0x46464646, 0x46464646, 0x30464646, 0x46464630,
    0x30454545, 0x4645453A, 0x45454545, 0x45454545, 0x45454545, 0x45454545, 0x45454545, 0x45454545,
    0x46464646, 0x46464646, 0x46464646, 0x46464646, 0x46464646, 0x46464646, 0x30464646, 0x46464630,
    0x30464646, 0x4646463A, 0x46464646, 0x46464646, 0x46464645, 0x46464646, 0x46464545, 0x46464646,
    0x46464646, 0x46464646, 0x46464646, 0x46464646, 0x46464646, 0x46464646, 0x30464646, 0x46464630,
    0x30464646, 0x4646463A, 0x46464646, 0x46464646, 0x46464646, 0x46464646, 0x46464646, 0x46464646,
    0x46464646, 0x46464646, 0x46464646, 0x46464646, 0x46464646, 0x46464646, 0x30464646, 0x46464630,
    0x30464646, 0x4646463A, 0x46464646, 0x46464646, 0x46464646, 0x46464646, 0x46464646, 0x46464646,
    0x46464646, 0x46464646, 0x46464646, 0x46464646, 0x46464646, 0x46464646, 0x30464646, 0x46464630,
    0x30464646, 0x4646463A, 0x46464646, 0x45464646, 0x46464646, 0x45454546, 0x46464646, 0x45454545,
    0x46464646, 0x46464646, 0x46464646, 0x46464646, 0x46464646, 0x46464646, 0x30464646, 0x46464630,
    0x30464646, 0x4646463A, 0x45454545, 0x46454545, 0x45454545, 0x45454545, 0x45454545, 0x45454545,
    0x46464646, 0x46464646, 0x46464646, 0x46464646, 0x46464646, 0x46464646, 0x30464646, 0x46464630,
    0x30464646, 0x4646463A, 0x46464646, 0x46464646, 0x46464646, 0x46464646, 0x46464645, 0x46464646,
    0x46464646, 0x46464646, 0x46464646, 0x46464646, 0x46464646, 0x46464646, 0x31464646, 0x46464631,
    0x31464646, 0x4646463A, 0x46464646, 0x46464646, 0x46464646, 0x46464646, 0x46464646, 0x46464646,
    0x46464646, 0x46464646, 0x46464646, 0x46464646, 0x46464646, 0x46464646, 0x31464646, 0x46464631,
    0x31464646, 0x4646463A, 0x46464646, 0x46464646, 0x46464646, 0x46464646, 0x46464646, 0x46464646,
    0x46464646, 0x46464646, 0x46464646, 0x46464646, 0x46464646, 0x46464646, 0x30464646, 0x46464630,
    0x30464646, 0x4646463A, 0x46464646, 0x46464646, 0x46464646, 0x46464646, 0x46464646, 0x46464646,
    0x46464646, 0x46464646, 0x46464646, 0x46464646, 0x46464646, 0x46464646, 0x30464646, 0x45464630,
    0x30464646, 0x4545463A, 0x46464646, 0x45454546, 0x46464646, 0x45454545, 0x45454545, 0x45454545,
    0x46464646, 0x46464646, 0x45454546, 0x46464646, 0x45454545, 0x46464545, 0x30454545, 0x45454530,
    0x2F454545, 0x45454539, 0x45454545, 0x45454545, 0x45454545, 0x45454545, 0x45454545, 0x45454545,
    0x46464646, 0x46464646, 0x46464646, 0x46464646, 0x46464646, 0x46464646, 0x30464646, 0x46464630,
    0x30464646, 0x4646463A, 0x46464645, 0x46464646, 0x46464645, 0x46464646, 0x46464645, 0x46464646,
    0x46464646, 0x46464646, 0x46464646, 0x46464646, 0x46464646, 0x46464646, 0x30464646, 0x46464630,
    0x30464646, 0x4646463A, 0x46464646, 0x46464646, 0x46464646, 0x46464646, 0x46464646, 0x46464646,
    0x46464646, 0x46464646, 0x46464646, 0x46464646, 0x46464646, 0x45454646, 0x30464646, 0x45454530,
    0x30464646, 0x4545453A, 0x45464646, 0x45454545, 0x45464646, 0x45454545, 0x45454646, 0x45454545,
    0x45464646, 0x46464645, 0x45454545, 0x45454545, 0x45454545, 0x45454545, 0x2F454545, 0x4545452F,
    0x2F454545, 0x45454539, 0x45454545, 0x45454545, 0x45454545, 0x45454545, 0x45454545, 0x45454545,
    0x46464646, 0x46464646, 0x46464545, 0x46464646, 0x45454545, 0x45454545, 0x30454545, 0x45454530,
    0x30454545, 0x4545453A, 0x45454545, 0x45454545, 0x45454545, 0x45454545, 0x45454545, 0x45454545,
    0x46464646, 0x5A464646, 0x46464646, 0x5A464646, 0x45454545, 0x5A464646, 0x30454545, 0x5A454530,
    0x30454545, 0x5A45453A, 0x45454545, 0x5A454545, 0x45454545, 0x5A454545, 0x45454545, 0x5A454545,
    0x32313126, 0x32323234, 0x32313126, 0x32323234, 0x32313126, 0x32323234, 0x32313126, 0x32323234,
    0x32323126, 0x31313234, 0x32323126, 0x31313232, 0x32323226, 0x31323232, 0x32323226, 0x32323232,
    0x32323231, 0x32313131, 0x31323131, 0x31313131, 0x31323131, 0x31313131, 0x31323231, 0x31313131,
    0x32323232, 0x31313131, 0x32323232, 0x32313131, 0x32323232, 0x32313131, 0x32323232, 0x32313131,
    0x32323232, 0x32343434, 0x32323232, 0x32343434, 0x32323231, 0x32343434, 0x32323231, 0x34343434,
    0x32323232, 0x34343434, 0x32323232, 0x34343434, 0x32323232, 0x34353434, 0x32323232, 0x34353432,
    0x32323132, 0x31313232, 0x32323132, 0x31313231, 0x32323132, 0x31313231, 0x32323232, 0x31313232,
    0x32323232, 0x31323232, 0x32323234, 0x31323232, 0x32323434, 0x31323232, 0x32323434, 0x31323234,
    0x32343232, 0x2B313132, 0x32343232, 0x2B313132, 0x32343232, 0x2B313232, 0x32343232, 0x2B323232,
    0x34343231, 0x2B323232, 0x34343231, 0x2B343232, 0x34343231, 0x2B343232, 0x34323231, 0x2B343232,
    0x3231313B, 0x32343432, 0x3131313B, 0x32343432, 0x3131313B, 0x32343432, 0x3131313B, 0x32343432,
    0x3131313B, 0x34343432, 0x3131313B, 0x34343432, 0x3131313B, 0x34343432, 0x3232323B, 0x34343432,
    0x32313232, 0x31313232, 0x32313232, 0x31313232, 0x32313132, 0x31313234, 0x32313132, 0x31313234,
    0x32313232, 0x31313234, 0x32323232, 0x31313234, 0x32323232, 0x31323234, 0x34323232, 0x31323234,
    0x32323231, 0x31313232, 0x32323232, 0x31313131, 0x31323232, 0x31313131, 0x31323232, 0x31313131,
    0x31323232, 0x31313131, 0x31323231, 0x31313131, 0x31323231, 0x32313131, 0x31323231, 0x32313131,
    0x35343231, 0x32323434, 0x35343231, 0x32323234, 0x34343231, 0x32323234, 0x34343231, 0x32323234,
    0x34343231, 0x32323234, 0x34323131, 0x32323232, 0x34323132, 0x34343432, 0x34323132, 0x34343432,
    0x32323232, 0x26343434, 0x32323232, 0x26343432, 0x32323434, 0x26343432, 0x32323434, 0x26343432,
    0x32323434, 0x26343432, 0x32323434, 0x26343434, 0x32323234, 0x26343434, 0x32323434, 0x26343434,
    0x4646465A, 0x46464646, 0x4646465A, 0x45454646, 0x4545455A, 0x45454545, 0x3045455A, 0x45454530,
    0x3045455A, 0x4545453A, 0x4545455A, 0x45454545, 0x4545455A, 0x45454545, 0x4545455A, 0x45454545,
    0x45454545, 0x45454545, 0x45454545, 0x45454545, 0x45454545, 0x45454545, 0x30454545, 0x45454530,
    0x30454545, 0x4545453A, 0x45454545, 0x45454545, 0x45454545, 0x45454545, 0x45454545, 0x45454545,
    0x45454545, 0x45454545, 0x45454545, 0x45454545, 0x45454545, 0x45454545, 0x30454545, 0x45454530,
    0x30454545, 0x4545453A, 0x45454545, 0x45454545, 0x45454545, 0x45454545, 0x45454545, 0x45454545,
    0x46454545, 0x46464646, 0x45454545, 0x46464646, 0x45454545, 0x46464545, 0x30454545, 0x46454530,
    0x30454545, 0x4545453A, 0x45454545, 0x45454545, 0x45454545, 0x45454545, 0x45454545, 0x45454545,
    0x46464646, 0x46464646, 0x46464646, 0x46464646, 0x46464646, 0x46464646, 0x30464646, 0x46464630,
    0x30464646, 0x4646463A, 0x46464645, 0x46464646, 0x46454545, 0x46464646, 0x45454545, 0x46464645,
    0x46464646, 0x46464646, 0x46464646, 0x46464646, 0x46464646, 0x46464646, 0x30464646, 0x46464630,
    0x30464646, 0x4646463A, 0x46464646, 0x46464646, 0x46464646, 0x46464646, 0x46464646, 0x46464646,
    0x46464646, 0x45454545, 0x46464646, 0x45454545, 0x46464646, 0x45454545, 0x30464646, 0x45454530,
    0x30464646, 0x4545453A, 0x45464646, 0x45454545, 0x45454646, 0x45454545, 0x45454646, 0x45454545,
    0x45454545, 0x45454545, 0x45454545, 0x45454545, 0x45454545, 0x45454545, 0x2F454545, 0x4545452F,
    0x2F454545, 0x45454539, 0x45454545, 0x45454545, 0x45454545, 0x45454545, 0x47474545, 0x45454547,
    0x46464545, 0x46464646, 0x46454545, 0x46464646, 0x46454545, 0x46464646, 0x30454545, 0x46464630,
    0x30454545, 0x4646453A, 0x45454545, 0x45454545, 0x45454545, 0x45454545, 0x45454545, 0x45454545,
    0x46464646, 0x46464646, 0x46464646, 0x46464646, 0x46464646, 0x46464646, 0x30464646, 0x46464630,
    0x30464646, 0x4646463A, 0x45454545, 0x45454545, 0x45454545, 0x45454545, 0x45454545, 0x45454545,
    0x46464646, 0x46464646, 0x46464646, 0x46464646, 0x46464646, 0x46464646, 0x30464646, 0x45454630,
    0x30464646, 0x4545453A, 0x45454545, 0x45454545, 0x45454545, 0x45454545, 0x45454545, 0x45454545,
    0x46464646, 0x45454646, 0x45464646, 0x45454545, 0x45454545, 0x45454545, 0x2F454545, 0x4545452F,
    0x2F454545, 0x45454539, 0x45454545, 0x45454545, 0x45454545, 0x45454545, 0x45454545, 0x45454545,
    0x45454545, 0x45454545, 0x45454545, 0x45454545, 0x45454545, 0x45454545, 0x2F454545, 0x4545452F,
    0x2F454545, 0x45454539, 0x45454545, 0x45454545, 0x45454545, 0x45454545, 0x45454545, 0x45454545,
    0x45454545, 0x45454545, 0x45454545, 0x45454545, 0x45454545, 0x45454545, 0x2F454545, 0x45454530,
    0x2F454545, 0x4545453A, 0x45454545, 0x45454545, 0x45454545, 0x45454545, 0x45454545, 0x45454545,
    0x46464646, 0x46464646, 0x46464646, 0x46464646, 0x46464646, 0x46464646, 0x30464646, 0x46464630,
    0x30464646, 0x4646463A, 0x46464646, 0x46464646, 0x46464645, 0x46464646, 0x46464545, 0x46464646,
    0x46464646, 0x46464646, 0x46464646, 0x46464646, 0x46464646, 0x46464646, 0x30464646, 0x45464630,
    0x30464646, 0x4546463A, 0x46464646, 0x45454646, 0x46464646, 0x45454546, 0x46464646, 0x45454546,
    0x45454546, 0x45454545, 0x45454546, 0x45454545, 0x45454545, 0x45454545, 0x2F454545, 0x4545452F,
    0x2F454545, 0x45454539, 0x45454545, 0x45454545, 0x45454545, 0x45454545, 0x45454545, 0x45454545,
    0x45454545, 0x45454545, 0x45454545, 0x45454545, 0x45454545, 0x45454545, 0x2F454545, 0x4545452F,
    0x2F454545, 0x45454539, 0x45454545, 0x45454545, 0x45454545, 0x45454545, 0x45454545, 0x45454545,
    0x45454545, 0x45454545, 0x45454545, 0x45454545, 0x45454545, 0x45454545, 0x2F454545, 0x4545452F,
    0x2F454545, 0x45454539, 0x47474745, 0x45454545, 0x47474747, 0x45454547, 0x47474747, 0x45454547,
    0x45454545, 0x5A454545, 0x45454545, 0x5A454545, 0x45454545, 0x5A454545, 0x2F454545, 0x5A454530,
    0x2F454545, 0x5A45453A, 0x45454545, 0x5A454545, 0x45454545, 0x5A454545, 0x45454545, 0x5A454545,
    0x32323226, 0x32323232, 0x32343226, 0x32323231, 0x32343226, 0x32323231, 0x32343226, 0x32323231,
    0x32343426, 0x32323231, 0x32323426, 0x32323231, 0x32323226, 0x34323231, 0x31323226, 0x34343231,
    0x32323232, 0x32313131, 0x32323232, 0x32313131, 0x32323232, 0x32313232, 0x32323232, 0x32313232,
    0x32323232, 0x32313232, 0x32323234, 0x32313131, 0x32323234, 0x32313131, 0x32323234, 0x32323132,
    0x31323234, 0x35353432, 0x31313234, 0x37353432, 0x31313234, 0x37343231, 0x31313234, 0x37343231,
    0x31313234, 0x37353431, 0x31313234, 0x35353431, 0x31323234, 0x34373431, 0x32323232, 0x34373432,
    0x34343434, 0x31313234, 0x34343434, 0x31313234, 0x34353434, 0x31313134, 0x34353434, 0x31313134,
    0x34343434, 0x31313134, 0x34343434, 0x31313232, 0x32323434, 0x31313232, 0x32323234, 0x31323232,
    0x34323231, 0x2B343434, 0x34323131, 0x2B353434, 0x34323131, 0x2B353434, 0x34323131, 0x2B353434,
    0x34323131, 0x2B353434, 0x34323231, 0x2B343434, 0x34323231, 0x2B343434, 0x34323231, 0x2B343434,
    0x3232323B, 0x32323234, 0x3232323B, 0x32323234, 0x3234343B, 0x32313234, 0x3434343B, 0x31313134,
    0x3C34343B, 0x31313137, 0x3734343B, 0x31313127, 0x3234343B, 0x32313234, 0x2B2B2B2B, 0x2B2B2B2B,
    0x34323232, 0x32323434, 0x34323232, 0x32323234, 0x32323232, 0x32323234, 0x32323232, 0x32323234,
    0x32323232, 0x32323234, 0x32323232, 0x32323234, 0x32323232, 0x32323234, 0x2B2B2B2B, 0x2B2B2B2B,
    0x32323232, 0x32323131, 0x32323232, 0x32323232, 0x32323232, 0x32323232, 0x32323232, 0x32323232,
    0x32323232, 0x32323232, 0x32323232, 0x32323232, 0x32323232, 0x32343432, 0x2B2B2B2B, 0x2B2B2B2B,
    0x34323132, 0x34343432, 0x34323232, 0x32323432, 0x34323232, 0x32323434, 0x32323232, 0x32323434,
    0x34323232, 0x32323234, 0x34343232, 0x32323234, 0x34343232, 0x32323232, 0x2B2B2B2B, 0x2B2B2B2B,
    0x32323434, 0x26343434, 0x32323434, 0x26343432, 0x32323434, 0x26323432, 0x32323432, 0x26323432,
    0x3C323432, 0x26323437, 0x37323432, 0x26323427, 0x32343432, 0x26323432, 0x2B2B2B2B, 0x262B2B2B,
    0x4545455A, 0x45454545, 0x4545455A, 0x45454545, 0x4545455A, 0x45454545, 0x2F45455A, 0x4545452F,
    0x2F45455A, 0x45454539, 0x4545455A, 0x45454545, 0x4545455A, 0x45454545, 0x4545455A, 0x45454545,
    0x45454545, 0x45454545, 0x45454545, 0x45454545, 0x45454545, 0x45454545, 0x2F454545, 0x4545452F,
    0x2F454545, 0x45454539, 0x45454545, 0x45454545, 0x45454545, 0x45454545, 0x45454545, 0x45454545,
    0x45454545, 0x45454545, 0x45454545, 0x45454545, 0x45454545, 0x45454545, 0x2F454545, 0x4545452F,
    0x2F454545, 0x45454539, 0x45454545, 0x45454545, 0x45454545, 0x45454545, 0x45454545, 0x45454545,
    0x45454545, 0x45454545, 0x45454545, 0x45454545, 0x45454545, 0x45454545, 0x2F454545, 0x4545452F,
    0x2F454545, 0x45454539, 0x45454545, 0x45454545, 0x45454545, 0x45454545, 0x45454545, 0x45454545,
    0x45454545, 0x45454545, 0x45454545, 0x45454545, 0x45454545, 0x45454545, 0x30454545, 0x45454530,
    0x2F454545, 0x4545453A, 0x45454545, 0x45454545, 0x45454545, 0x45454545, 0x45454545, 0x45454545,
    0x46464646, 0x46464646, 0x46464545, 0x46464646, 0x45454545, 0x45454545, 0x30454545, 0x45454530,
    0x30454545, 0x4545453A, 0x45454545, 0x45454545, 0x45454545, 0x45454545, 0x45454545, 0x45454545,
    0x45454546, 0x45454545, 0x45454545, 0x45454545, 0x45454545, 0x45454545, 0x2F454545, 0x4745452F,
    0x2F454545, 0x47454539, 0x45454545, 0x47474545, 0x45454545, 0x47474545, 0x45454545, 0x47474545,
    0x47474745, 0x45474747, 0x47474747, 0x47474747, 0x47474747, 0x47474747, 0x2F474747, 0x4747472F,
    0x2E474747, 0x47474736, 0x48484747, 0x47484848, 0x48484847, 0x48484848, 0x48484848, 0x48484848,
    0x45454545, 0x45454545, 0x45454545, 0x45454545, 0x45454547, 0x45454545, 0x2F474747, 0x4545452F,
    0x2F474747, 0x45474739, 0x47474747, 0x47474747, 0x47474748, 0x47474747, 0x47484848, 0x47474747,
    0x45454545, 0x45454545, 0x45454545, 0x45454545, 0x45454545, 0x45454545, 0x2F454545, 0x4545452F,
    0x2F454545, 0x45454539, 0x45454547, 0x45454545, 0x45474747, 0x45454545, 0x47474747, 0x45454545,
    0x45454545, 0x45454545, 0x45454545, 0x45454545, 0x45454545, 0x45454545, 0x2F454545, 0x4545452F,
    0x2F454545, 0x45454539, 0x45454545, 0x45454545, 0x45454545, 0x45454545, 0x45454545, 0x45454545,
    0x45454545, 0x45454545, 0x45454545, 0x47454545, 0x45454545, 0x47474545, 0x2F454545, 0x4747472F,
    0x2F454545, 0x47474739, 0x47454545, 0x47474747, 0x47454545, 0x47474747, 0x47474545, 0x47474747,
    0x45454545, 0x45454545, 0x47474747, 0x45454747, 0x47474747, 0x47474747, 0x2F474747, 0x4747472F,
    0x2F474747, 0x47474738, 0x47474747, 0x47474747, 0x48484848, 0x47474848, 0x48484848, 0x47484848,
    0x45454545, 0x45454545, 0x45454545, 0x45454545, 0x45454545, 0x45454545, 0x2F454547, 0x4545452F,
    0x2F454747, 0x45454539, 0x45454747, 0x45454545, 0x45474747, 0x45454545, 0x47474747, 0x45454545,
    0x46454545, 0x46464646, 0x45454545, 0x45454545, 0x45454545, 0x45454545, 0x2F454545, 0x4545452F,
    0x2F454545, 0x45454539, 0x45454545, 0x45454545, 0x45454545, 0x45454545, 0x45454545, 0x45454545,
    0x45464646, 0x45454545, 0x45454545, 0x45454545, 0x45454545, 0x45454545, 0x2F454545, 0x4545452F,
    0x2F454545, 0x45454539, 0x45454545, 0x45454545, 0x45454545, 0x45454545, 0x45454545, 0x45454545,
    0x45454545, 0x45454545, 0x45454545, 0x45454545, 0x45454545, 0x45454545, 0x2F454545, 0x4545452F,
    0x2F454545, 0x47454539, 0x45454545, 0x47474747, 0x47454545, 0x47474747, 0x47474745, 0x47474747,
    0x45454545, 0x47454545, 0x45454545, 0x47454545, 0x45454545, 0x47474747, 0x2F474745, 0x4747472F,
    0x2F474747, 0x47474739, 0x47474747, 0x47474747, 0x47474747, 0x47474747, 0x47474747, 0x47474747,
    0x47474747, 0x45454547, 0x47474747, 0x45454545, 0x45474747, 0x45454545, 0x2F454547, 0x4545452F,
    0x2F454547, 0x45454539, 0x45454547, 0x45454545, 0x45454547, 0x45454545, 0x45454747, 0x45454545,
    0x45454545, 0x5A454545, 0x45454545, 0x5A454545, 0x45454545, 0x5A454545, 0x2F454545, 0x5A45452F,
    0x2F454545, 0x5A454539, 0x45454545, 0x5A454545, 0x45454545, 0x5A454545, 0x45454545, 0x5A454545,
    0x32313226, 0x34343232, 0x32313226, 0x34343232, 0x32313126, 0x34343234, 0x32313126, 0x34343234,
    0x3C313126, 0x34343237, 0x37323126, 0x34343227, 0x32323126, 0x34343234, 0x2B2B2B26, 0x2B2B2B2B,
    0x32323234, 0x32323232, 0x32323234, 0x32323232, 0x32313234, 0x32343434, 0x32313234, 0x32343534,
    0x32313234, 0x32343534, 0x32313234, 0x32343434, 0x32313232, 0x32343434, 0x2B2B2B2B, 0x2B2B2B2B,
    0x32323232, 0x34353432, 0x32323232, 0x34353432, 0x32323232, 0x34353434, 0x34343232, 0x34353534,
    0x34343232, 0x34353535, 0x34343232, 0x34343535, 0x34343232, 0x32343435, 0x2B2B2B2B, 0x2B2B2B2B,
    0x32323232, 0x32323232, 0x32323232, 0x32323232, 0x34323232, 0x32323234, 0x34323232, 0x32323234,
    0x34323232, 0x32323434, 0x34323232, 0x32323434, 0x34343232, 0x32323434, 0x2B2B2B2B, 0x2B2B2B2B,
    0x34323231, 0x2B343434, 0x34323232, 0x2B343434, 0x32323232, 0x2B343434, 0x32323232, 0x2B343434,
    0x3C323232, 0x2B343437, 0x37323232, 0x2B343427, 0x32323231, 0x2B343434, 0x2B2B2B2B, 0x2B2B2B2B,
    0x3B3B3B3B, 0x3B3B3B3B, 0x3232343B, 0x34323232, 0x3232343B, 0x34323232, 0x3232343B, 0x34323232,
    0x3C32343B, 0x34343437, 0x3732343B, 0x34343427, 0x3232343B, 0x34343432, 0x3232343B, 0x34343432,
    0x3B3B3B3B, 0x3B3B3B3B, 0x32323234, 0x32323234, 0x32323234, 0x31323234, 0x32323234, 0x31313434,
    0x32323232, 0x31313434, 0x32323232, 0x31313434, 0x34323232, 0x31313434, 0x34343232, 0x31313234,
    0x3B3B3B3B, 0x3B3B3B3B, 0x32323232, 0x32343432, 0x32323232, 0x32343432, 0x32323231, 0x31343432,
    0x32323231, 0x31323432, 0x32323231, 0x31323432, 0x32323231, 0x32343432, 0x32343231, 0x32343232,
    0x3B3B3B3B, 0x3B3B3B3B, 0x34343232, 0x32323232, 0x34343231, 0x32323232, 0x34343231, 0x32323232,
    0x34343231, 0x32323232, 0x34323231, 0x32323232, 0x34323231, 0x32323232, 0x34323231, 0x32323232,
    0x3B3B3B3B, 0x263B3B3B, 0x32323232, 0x26323234, 0x32323232, 0x26323234, 0x32313232, 0x26313234,
    0x3C313232, 0x26313237, 0x37313232, 0x26313227, 0x32313132, 0x26313234, 0x32313132, 0x26323234,
    0x4545455A, 0x45454545, 0x4545455A, 0x45454545, 0x4545455A, 0x45454545, 0x2F45455A, 0x4545452F,
    0x2F45455A, 0x45454539, 0x4545455A, 0x45454545, 0x4545455A, 0x47474545, 0x4545455A, 0x47474745,
    0x45454545, 0x45454545, 0x45454545, 0x45454545, 0x45454545, 0x45454545, 0x2F454545, 0x4545452F,
    0x2F454545, 0x45454539, 0x45454545, 0x47474745, 0x47474747, 0x47474747, 0x47474747, 0x47474747,
    0x45454545, 0x45454545, 0x45454545, 0x45454545, 0x45454545, 0x45454545, 0x2F454545, 0x4545452F,
    0x2F474745, 0x45474739, 0x47474747, 0x47474747, 0x47474747, 0x47474747, 0x47474747, 0x47474747,
    0x45454545, 0x45454545, 0x45454545, 0x45454545, 0x45454545, 0x45454545, 0x2F454545, 0x4545452F,
    0x2F454545, 0x45454539, 0x45454747, 0x45454545, 0x47474747, 0x45454545, 0x47474747, 0x47474747,
    0x45454545, 0x45454545, 0x45454545, 0x45454545, 0x45454545, 0x45454545, 0x2F454545, 0x4545452F,
    0x2F454545, 0x45454539, 0x45454545, 0x45454545, 0x47474745, 0x47474747, 0x47474747, 0x47474747,
    0x45454545, 0x45454545, 0x45454545, 0x45454545, 0x45454545, 0x45454545, 0x2F454545, 0x4545452F,
    0x2F454545, 0x45454539, 0x45454545, 0x45454545, 0x45454747, 0x45454545, 0x47474747, 0x45454545,
    0x45454545, 0x47474745, 0x45454545, 0x47474745, 0x45454545, 0x47474745, 0x2F454545, 0x4747472F,
    0x2F454545, 0x47474739, 0x45454545, 0x47474747, 0x45454545, 0x47474747, 0x45454545, 0x47474747,
    0x48484848, 0x48484848, 0x48484848, 0x48484848, 0x48484848, 0x48484848, 0x2E484848, 0x4848482E,
    0x2E484848, 0x48484836, 0x48484848, 0x48484848, 0x48484848, 0x48484848, 0x48484847, 0x48484848,
    0x48484848, 0x47474748, 0x48484848, 0x47474848, 0x48484848, 0x47474848, 0x2E484848, 0x4747482E,
    0x2E484848, 0x47474836, 0x48484848, 0x47474748, 0x47484848, 0x47474747, 0x47474848, 0x47474747,
    0x47474747, 0x45454547, 0x47474747, 0x47474747, 0x47474747, 0x47474747, 0x2F474747, 0x4747472F,
    0x2F474747, 0x47474738, 0x47474747, 0x47474747, 0x47474747, 0x47474747, 0x47474747, 0x48484847,
    0x45454545, 0x45454545, 0x45454547, 0x45454545, 0x47474747, 0x47474747, 0x2F474747, 0x4747472F,
    0x2F474747, 0x47474739, 0x47474747, 0x47474747, 0x47474747, 0x47474747, 0x47474747, 0x48484848,
    0x47474745, 0x48474747, 0x47474747, 0x48484747, 0x47474747, 0x48484747, 0x2F474747, 0x4848482F,
    0x2F474747, 0x48484836, 0x48484747, 0x48484848, 0x48484848, 0x48484848, 0x48484848, 0x48484848,
    0x48484848, 0x47484848, 0x48484848, 0x48484848, 0x48484848, 0x48484848, 0x2E484848, 0x4848482E,
    0x2E484848, 0x48484836, 0x48484848, 0x48484848, 0x48484848, 0x48484848, 0x48484848, 0x48484848,
    0x47474747, 0x45454547, 0x47474747, 0x45454547, 0x47474747, 0x45454747, 0x2F474748, 0x4547472F,
    0x2F474748, 0x45474739, 0x47474748, 0x47474747, 0x47474848, 0x47474747, 0x47474848, 0x47474747,
    0x45454545, 0x45454545, 0x45454545, 0x45454545, 0x45454545, 0x45454545, 0x2F454545, 0x4545452F,
    0x2F454545, 0x45454539, 0x45454545, 0x45454545, 0x45454545, 0x45454545, 0x45454547, 0x45454545,
    0x45454545, 0x45454545, 0x45454545, 0x45454545, 0x45454545, 0x45454545, 0x2F454545, 0x4545452F,
    0x2F454545, 0x45454539, 0x45454545, 0x45454545, 0x45454545, 0x45454545, 0x45454545, 0x45454545,
    0x47474747, 0x47474747, 0x47474747, 0x47474747, 0x47474747, 0x47474747, 0x2F474747, 0x4847472F,
    0x2F474745, 0x48474738, 0x47474745, 0x48484747, 0x47474745, 0x48484747, 0x47474745, 0x48484847,
    0x47474747, 0x47474747, 0x47474747, 0x47474747, 0x48484847, 0x47474748, 0x2E484848, 0x4748482E,
    0x2E484848, 0x48484836, 0x48484848, 0x48484848, 0x48484848, 0x48484848, 0x48484848, 0x48484848,
    0x45474747, 0x45454545, 0x47474747, 0x45454747, 0x47474747, 0x47474747, 0x2F474747, 0x4747472F,
    0x2F474748, 0x47474738, 0x48484848, 0x47474848, 0x48484848, 0x48484848, 0x48484848, 0x48484848,
    0x45454545, 0x5A454545, 0x45454545, 0x5A454545, 0x45454545, 0x5A454545, 0x2F474747, 0x5A45452F,
    0x2F474747, 0x5A474739, 0x47474747, 0x5A474747, 0x47474748, 0x5A474747, 0x48484848, 0x5A484848,
    0x3B3B3B26, 0x3B3B3B3B, 0x34323226, 0x32323234, 0x34343226, 0x31323434, 0x34343226, 0x31323434,
    0x3C343226, 0x31323437, 0x37343226, 0x31323427, 0x34323226, 0x31323434, 0x32323226, 0x31323434,
    0x3B3B3B3B, 0x3B3B3B3B, 0x32323232, 0x34343232, 0x32323232, 0x34343232, 0x32323231, 0x34343434,
    0x32323231, 0x35343434, 0x32323231, 0x35343434, 0x32323231, 0x35343434, 0x34343232, 0x34343434,
    0x3B3B3B3B, 0x3B3B3B3B, 0x34343234, 0x32323234, 0x34343434, 0x32323232, 0x32343434, 0x31313132,
    0x32323435, 0x31313132, 0x32323435, 0x31313132, 0x32343435, 0x31313132, 0x34343435, 0x32313132,
    0x3B3B3B3B, 0x3B3B3B3B, 0x32343432, 0x31323232, 0x32343432, 0x31323232, 0x32323432, 0x31323231,
    0x31323432, 0x32323231, 0x31323432, 0x32323131, 0x32323432, 0x32323231, 0x32323434, 0x32323231,
    0x3B3B3B3B, 0x2B3B3B3B, 0x34323231, 0x2B343434, 0x32323231, 0x2B343434, 0x32323231, 0x2B343434,
    0x3C323231, 0x2B343437, 0x37323231, 0x2B343527, 0x32323231, 0x2B343434, 0x34323232, 0x2B343434,
    0x3432343B, 0x34343434, 0x3432343B, 0x34343434, 0x3432343B, 0x32343434, 0x3434343B, 0x32343434,
    0x3434343B, 0x32343434, 0x3434343B, 0x32343434, 0x3434343B, 0x32343434, 0x3434343B, 0x32343434,
    0x34343232, 0x31313234, 0x34343232, 0x31313234, 0x34343232, 0x31323232, 0x34343232, 0x31323232,
    0x32343432, 0x31323232, 0x32343432, 0x31323232, 0x32343432, 0x31323232, 0x32343432, 0x31323232,
    0x32343231, 0x32343232, 0x32323231, 0x32343131, 0x31323231, 0x32323131, 0x31323231, 0x32323131,
    0x31323131, 0x32313131, 0x31313131, 0x32313131, 0x31313131, 0x32313131, 0x31313131, 0x32313131,
    0x34323232, 0x31323232, 0x32323232, 0x31323232, 0x32323232, 0x31323232, 0x32323432, 0x32323232,
    0x31323432, 0x32323232, 0x31323432, 0x32323232, 0x31323432, 0x32323232, 0x31323434, 0x32323231,
    0x32313131, 0x26323234, 0x32313131, 0x26323232, 0x32313131, 0x26323232, 0x32313131, 0x26323232,
    0x31313131, 0x26323232, 0x31313131, 0x26323231, 0x31313131, 0x26323131, 0x31313131, 0x26323131,
    0x4545455A, 0x47474745, 0x4545455A, 0x47474745, 0x4545455A, 0x47474745, 0x2F45455A, 0x4747472F,
    0x2F45455A, 0x47474739, 0x4745455A, 0x47474747, 0x4747455A, 0x47474747, 0x4747475A, 0x48474747,
    0x47474747, 0x47474747, 0x47474747, 0x48474747, 0x47474747, 0x48484847, 0x2F474747, 0x4848482E,
    0x2E484747, 0x48484836, 0x48484847, 0x48484848, 0x48484848, 0x48484848, 0x48484848, 0x48484848,
    0x47474747, 0x47474747, 0x48484848, 0x48484848, 0x48484848, 0x48484848, 0x2E484848, 0x4848482E,
    0x2E484848, 0x48484836, 0x48484848, 0x48484848, 0x48484848, 0x48484848, 0x48484848, 0x48484848,
    0x47474747, 0x47474747, 0x47474747, 0x47474747, 0x47474848, 0x47474747, 0x2E484848, 0x4848482E,
    0x2E484848, 0x48484836, 0x48484848, 0x48484848, 0x48484848, 0x48484848, 0x48484848, 0x48484848,
    0x47474747, 0x47474747, 0x47474747, 0x48484747, 0x48474747, 0x48484848, 0x2E484848, 0x4848482E,
    0x2E484848, 0x48484836, 0x48484848, 0x48484848, 0x48484848, 0x48484848, 0x48484848, 0x48484848,
    0x47474747, 0x45454547, 0x47474747, 0x45454747, 0x47474848, 0x47474747, 0x2F484848, 0x4747472F,
    0x2E484848, 0x47474738, 0x48484848, 0x47474848, 0x48484848, 0x48484848, 0x48484848, 0x48484848,
    0x45454545, 0x47474747, 0x47454545, 0x47474747, 0x47454545, 0x47474747, 0x2F474747, 0x4747472F,
    0x2F474747, 0x47474739, 0x47474747, 0x47474747, 0x47474748, 0x47474747, 0x48484848, 0x47474747,
    0x48484847, 0x48484848, 0x48484747, 0x47474848, 0x47474747, 0x47474747, 0x2F474747, 0x4747472F,
    0x2F474747, 0x47474738, 0x47474747, 0x47474747, 0x47474747, 0x47474747, 0x47474747, 0x47474747,
    0x47474747, 0x47474747, 0x47474747, 0x47474747, 0x47474747, 0x47474747, 0x2F474747, 0x4747472F,
    0x2F474747, 0x47474738, 0x47474747, 0x47474747, 0x47474747, 0x48474747, 0x47474747, 0x48474747,
    0x48484747, 0x48484848, 0x48484847, 0x48484848, 0x48484848, 0x48484848, 0x2E484848, 0x4848482E,
    0x2E484848, 0x48484836, 0x48484848, 0x48484848, 0x48484848, 0x48484848, 0x48484848, 0x48484848,
    0x48484848, 0x48484848, 0x48484848, 0x48484848, 0x48484848, 0x48484848, 0x2E484848, 0x4848482E,
    0x2E484848, 0x48484836, 0x48484848, 0x48484848, 0x48484848, 0x48484848, 0x48484848, 0x48484848,
    0x48484848, 0x48484848, 0x48484848, 0x48484848, 0x48484848, 0x48484848, 0x2E484848, 0x4848482E,
    0x2E484848, 0x48484836, 0x48484848, 0x48484848, 0x48484848, 0x48484848, 0x48484848, 0x48484848,
    0x48484848, 0x48484848, 0x48484848, 0x48484848, 0x48484848, 0x48484848, 0x2E484848, 0x4848482E,
    0x2E484848, 0x48484836, 0x48484848, 0x48484848, 0x48484848, 0x48484848, 0x48484848, 0x48484848,
    0x47474848, 0x47474747, 0x47484848, 0x47474747, 0x48484848, 0x47474747, 0x2E484848, 0x4747472E,
    0x2E484848, 0x47474836, 0x48484848, 0x48484848, 0x48484848, 0x48484848, 0x48484848, 0x48484848,
    0x45454747, 0x45454545, 0x45474747, 0x45454545, 0x47474747, 0x45454747, 0x2F474747, 0x4747472F,
    0x2F474747, 0x47474738, 0x47474848, 0x47474747, 0x48484848, 0x48484848, 0x48484848, 0x48484848,
    0x45454545, 0x45454545, 0x45454545, 0x45454545, 0x45454545, 0x47474545, 0x2F474747, 0x4747472F,
    0x2F474747, 0x47474739, 0x47474747, 0x47474747, 0x48484848, 0x48484848, 0x48484848, 0x48484848,
    0x47474745, 0x48484847, 0x47474747, 0x48484847, 0x47474747, 0x48484848, 0x2F474747, 0x4848482E,
    0x2E474747, 0x48484836, 0x48484747, 0x48484848, 0x48484848, 0x48484848, 0x48484848, 0x48484848,
    0x48484848, 0x48484848, 0x48484848, 0x48484848, 0x48484848, 0x48484848, 0x2E484848, 0x4848482E,
    0x2E484848, 0x48484836, 0x48484848, 0x48484848, 0x48484848, 0x48484848, 0x48484848, 0x48484848,
    0x48484848, 0x48484848, 0x48484848, 0x48484848, 0x48484848, 0x48484848, 0x2E484848, 0x4848482E,
    0x2E484848, 0x48484836, 0x48484848, 0x48484848, 0x48484848, 0x48484848, 0x48484848, 0x48484848,
    0x48484848, 0x5A484848, 0x48484848, 0x5A484848, 0x48484848, 0x5A484848, 0x2E484848, 0x5A48482E,
    0x2E484848, 0x5A484836, 0x48484848, 0x5A484848, 0x48484848, 0x5A484848, 0x48484848, 0x5A484848,
    0x32323226, 0x31323434, 0x32323226, 0x32323234, 0x32323126, 0x32323234, 0x32323126, 0x32323234,
    0x32323126, 0x32323234, 0x32323126, 0x32323234, 0x32323126, 0x32323234, 0x32323126, 0x32323232,
    0x34343232, 0x34343434, 0x34343432, 0x34343434, 0x34353432, 0x34343434, 0x35373432, 0x32343434,
    0x35373432, 0x32343434, 0x37373432, 0x32343434, 0x37373432, 0x32343434, 0x35373432, 0x32323234,
    0x34343434, 0x32313132, 0x34343234, 0x32313132, 0x34343232, 0x32313132, 0x35343232, 0x32313132,
    0x35343232, 0x32313132, 0x35343231, 0x32313132, 0x37343231, 0x32313132, 0x37343231, 0x31313232,
    0x32323434, 0x32323232, 0x32323434, 0x32323232, 0x32323434, 0x34323232, 0x32323434, 0x34323232,
    0x32323434, 0x34343132, 0x32323434, 0x35343132, 0x32323434, 0x35343132, 0x32323434, 0x34343232,
    0x34323232, 0x2B343434, 0x34323232, 0x2B323434, 0x34323232, 0x2B323234, 0x32323234, 0x2B323232,
    0x32313234, 0x2B323232, 0x32313234, 0x2B323131, 0x32313234, 0x2B323131, 0x32323234, 0x2B323232,
    0x3232343B, 0x32323232, 0x3232323B, 0x32323232, 0x3232323B, 0x32323232, 0x3232323B, 0x32323232,
    0x3132323B, 0x32323231, 0x3132323B, 0x32323231, 0x3132323B, 0x32323231, 0x3131323B, 0x32323231,
    0x32343432, 0x31323232, 0x32343232, 0x31323231, 0x32323232, 0x31313231, 0x32323232, 0x31313131,
    0x31323232, 0x31313131, 0x31323132, 0x31313131, 0x31323131, 0x31313131, 0x31323132, 0x31313131,
    0x31323131, 0x32313131, 0x32323131, 0x32313131, 0x32323131, 0x32313132, 0x32323131, 0x32313232,
    0x32323131, 0x32313232, 0x31323131, 0x32313232, 0x31323131, 0x32313232, 0x32323131, 0x32323232,
    0x31323434, 0x32323232, 0x32323434, 0x32323232, 0x32323434, 0x32323232, 0x32323234, 0x32323232,
    0x32323234, 0x32323232, 0x34323232, 0x32313232, 0x34343232, 0x32313132, 0x34343232, 0x32313232,
    0x31313132, 0x26323131, 0x32323232, 0x26323131, 0x32323232, 0x26343131, 0x32323432, 0x26343232,
    0x32323434, 0x26343232, 0x32323434, 0x26343232, 0x32323534, 0x26343232, 0x32323534, 0x26343232,
    0x4747475A, 0x48474747, 0x4747475A, 0x48484747, 0x4747475A, 0x48484747, 0x2F47475A, 0x4848482F,
    0x2F47475A, 0x48484838, 0x4747475A, 0x48484848, 0x4847475A, 0x48484848, 0x4848485A, 0x48484848,
    0x48484848, 0x48484848, 0x48484848, 0x48484848, 0x48484848, 0x48484848, 0x2E484848, 0x4848482E,
    0x2E484848, 0x48484836, 0x48484848, 0x48484848, 0x48484848, 0x48484848, 0x48484848, 0x48484848,
    0x48484848, 0x48484848, 0x48484848, 0x48484848, 0x48484848, 0x48484848, 0x2E484848, 0x4848482E,
    0x2E484848, 0x48484836, 0x48484848, 0x48484848, 0x48484848, 0x48484848, 0x48484848, 0x48484848,
    0x48484848, 0x48484848, 0x48484848, 0x48484848, 0x48484848, 0x48484848, 0x2E484848, 0x4848482E,
    0x2E484848, 0x48484836, 0x48484848, 0x48484848, 0x48484848, 0x48484848, 0x3E3E3E3E, 0x3E3E3E3E,
    0x48484848, 0x48484848, 0x48484848, 0x48484848, 0x48484848, 0x48484848, 0x2E484848, 0x4848482E,
    0x2E484848, 0x48484836, 0x48484848, 0x48484848, 0x48484848, 0x48484848, 0x48484848, 0x48483E48,
    0x48484848, 0x48484848, 0x48484848, 0x48484848, 0x48484848, 0x48484848, 0x2E484848, 0x4848482E,
    0x2E484848, 0x48484836, 0x48484848, 0x48484848, 0x48484848, 0x48484848, 0x48483E48, 0x48484848,
    0x48484848, 0x47474748, 0x48484848, 0x47474848, 0x48484848, 0x47474848, 0x2E484848, 0x4748482E,
    0x2E484848, 0x47484836, 0x48484848, 0x48484848, 0x48484848, 0x48484848, 0x48484848, 0x48484848,
    0x47474747, 0x47474747, 0x47474747, 0x47474747, 0x47474747, 0x47474747, 0x2F474747, 0x4747472F,
    0x2F474747, 0x47474739, 0x47474747, 0x47474747, 0x47474748, 0x47474747, 0x47484848, 0x47474747,
    0x47474747, 0x48474747, 0x47474747, 0x48484747, 0x47474747, 0x48484747, 0x2F474747, 0x4848482F,
    0x2F474747, 0x48484836, 0x47474747, 0x48484848, 0x48474747, 0x48484848, 0x48484847, 0x48484848,
    0x48484848, 0x48484848, 0x48484848, 0x48484848, 0x48484848, 0x48484848, 0x2E484848, 0x4848482E,
    0x2E484848, 0x48484836, 0x48484848, 0x48484848, 0x48484848, 0x48484848, 0x48484848, 0x48484848,
    0x48484848, 0x48484848, 0x48484848, 0x48484848, 0x48484848, 0x48484848, 0x2E484848, 0x4848482E,
    0x2E484848, 0x48484836, 0x48484848, 0x48484848, 0x48484848, 0x48484848, 0x48484848, 0x48484848,
    0x48484848, 0x48484848, 0x48484848, 0x48484848, 0x48484848, 0x48484848, 0x2E484848, 0x4848482E,
    0x2E484848, 0x48484836, 0x48484848, 0x48484848, 0x48484848, 0x48484848, 0x48484848, 0x48484848,
    0x48484848, 0x48484848, 0x48484848, 0x48484848, 0x48484848, 0x48484848, 0x2E484848, 0x4848482E,
    0x2E484848, 0x48484836, 0x48484848, 0x48484848, 0x48484848, 0x48484848, 0x48484848, 0x48484848,
    0x48484848, 0x48484848, 0x48484848, 0x48484848, 0x48484848, 0x48484848, 0x2E484848, 0x4848482E,
    0x2E484848, 0x48484836, 0x48484848, 0x48484848, 0x48484848, 0x48484848, 0x48484848, 0x48484848,
    0x48484848, 0x48484848, 0x48484848, 0x48484848, 0x48484848, 0x48484848, 0x2E484848, 0x4848482E,
    0x2E484848, 0x48484836, 0x48484848, 0x48484848, 0x48484848, 0x48484848, 0x48484848, 0x48484848,
    0x48484848, 0x48484848, 0x48484848, 0x48484848, 0x48484848, 0x48484848, 0x2E484848, 0x4848482E,
    0x2E484848, 0x48484836, 0x48484848, 0x48484848, 0x48484848, 0x48484848, 0x48484848, 0x48484848,
    0x48484848, 0x48484848, 0x48484848, 0x48484848, 0x48484848, 0x48484848, 0x2E484848, 0x4848482E,
    0x2E484848, 0x48484836, 0x48484848, 0x48484848, 0x48484848, 0x48484848, 0x48484848, 0x48484848,
    0x48484848, 0x48484848, 0x48484848, 0x48484848, 0x48484848, 0x48484848, 0x2E484848, 0x4848482E,
    0x2E484848, 0x48484836, 0x48484848, 0x3E484848, 0x48484848, 0x3E3E4848, 0x48484848, 0x3E3E3E3E,
    0x48484848, 0x48484848, 0x3E484848, 0x3E3E3E3E, 0x3E3E4848, 0x3E3E3E3E, 0x2E3E3E48, 0x3E3E3E2E,
    0x2E3E3E3E, 0x3E3E3E36, 0x3E3E3E3E, 0x3E3E3E3E, 0x3E3E3E3E, 0x3E3E3E3E, 0x3E3E3E3E, 0x3E3E3E3E,
    0x3E3E3E48, 0x5A3E3E3E, 0x3E3E3E3E, 0x5A3E3E3E, 0x3E3E3E3E, 0x5A3E3E3E, 0x2E3E3E3E, 0x5A3E3E2E,
    0x2E3E3E3E, 0x5A3E3E36, 0x3E3E3E3E, 0x5A3E3E3E, 0x3E3E3E3E, 0x5A3E3E3E, 0x3E3E3E3E, 0x5A3E3E3E,
    0x32323226, 0x32323232, 0x32323226, 0x32323232, 0x32323226, 0x32323232, 0x32323226, 0x32323232,
    0x32323426, 0x31323231, 0x32323426, 0x31323231, 0x31323426, 0x31313231, 0x31323426, 0x31313131,
    0x35353434, 0x32323234, 0x35343434, 0x32323234, 0x35343434, 0x32323234, 0x34343432, 0x32323234,
    0x34343432, 0x32323234, 0x34343232, 0x32323232, 0x34343232, 0x32323232, 0x34343231, 0x32323232,
    0x35343231, 0x31313232, 0x35343231, 0x31313232, 0x34323131, 0x31323232, 0x32323131, 0x31323232,
    0x32323132, 0x32323232, 0x31313132, 0x32313232, 0x31313132, 0x32313232, 0x31313132, 0x32313232,
    0x32323432, 0x34343232, 0x32323432, 0x34323232, 0x32323432, 0x34323231, 0x32323432, 0x34343231,
    0x31323232, 0x34343231, 0x31323232, 0x34343231, 0x31323232, 0x35343231, 0x31323232, 0x35343131,
    0x32323232, 0x2B323232, 0x32323232, 0x2B323232, 0x32323232, 0x2B323232, 0x32323234, 0x2B323232,
    0x32323434, 0x2B343232, 0x32323434, 0x2B343232, 0x32343434, 0x2B343232, 0x32343434, 0x2B343232,
    0x3131323B, 0x32343231, 0x3131323B, 0x32343231, 0x3131323B, 0x32343432, 0x3131323B, 0x32323232,
    0x3131323B, 0x32323232, 0x3131323B, 0x32323232, 0x3131323B, 0x32313232, 0x3131323B, 0x32313232,
    0x31323232, 0x31313131, 0x31323232, 0x31313131, 0x31323232, 0x31313131, 0x31323232, 0x32313131,
    0x32323232, 0x32323131, 0x32323434, 0x32323132, 0x32323434, 0x32323132, 0x32323434, 0x32323132,
    0x32323231, 0x32323232, 0x32323232, 0x32323232, 0x34323232, 0x32323232, 0x34323232, 0x32323232,
    0x34323232, 0x32323232, 0x34343432, 0x32323232, 0x34343434, 0x31323232, 0x34343434, 0x31313132,
    0x34343232, 0x32323232, 0x34343232, 0x32323234, 0x34343232, 0x32323234, 0x34323232, 0x32323232,
    0x32323232, 0x32323232, 0x32323231, 0x31323232, 0x32323231, 0x31313132, 0x32323231, 0x31313132,
    0x32343434, 0x26343232, 0x32343434, 0x26343231, 0x32343432, 0x26343131, 0x31323232, 0x26343131,
    0x31323232, 0x26343131, 0x31313131, 0x26343131, 0x31313131, 0x26343131, 0x31313131, 0x26343131,
    0x4848485A, 0x48484848, 0x4848485A, 0x48484848, 0x4848485A, 0x48484848, 0x2E48485A, 0x4848482E,
    0x2E48485A, 0x48484836, 0x4848485A, 0x48484848, 0x4848485A, 0x3E484848, 0x4848485A, 0x3E3E4848,
    0x48484848, 0x48484848, 0x48484848, 0x3E3E4848, 0x48484848, 0x3E3E3E3E, 0x2E484848, 0x3E3E3E2E,
    0x2E3E4848, 0x3E3E3E36, 0x3E3E3E48, 0x3E3E3E3E, 0x3E3E3E3E, 0x3E3E3E3E, 0x3E3E3E3E, 0x3E3E3E3E,
    0x48484848, 0x3E3E3E48, 0x3E3E3E3E, 0x3E3E3E3E, 0x3E3E3E3E, 0x3E3E3E3E, 0x2E3E3E3E, 0x3E3E3E2E,
    0x2E3E3E3E, 0x3E3E3E36, 0x3E3E3E3E, 0x3E3E3E3E, 0x3E3E3E3E, 0x3E3E3E3E, 0x3E3E3E3E, 0x3E3E3E3E,
    0x3E3E3E3E, 0x3E3E3E3E, 0x3E3E3E3E, 0x3E3E3E3E, 0x3E3E3E3E, 0x3E3E3E3E, 0x2E3E3E3E, 0x3E3E3E2E,
    0x2E3E3E3E, 0x3E3E3E36, 0x3E3E3E3E, 0x3E3E3E3E, 0x3E3E3E3E, 0x3E3E3E3E, 0x44444444, 0x44444444,
    0x3E3E3E3E, 0x3E3E3E3E, 0x3E3E3E3E, 0x3E3E3E3E, 0x3E3E3E3E, 0x3E3E3E3E, 0x2E3E3E3E, 0x3E3E3E2E,
    0x2E3E3E3E, 0x44444436, 0x44443E3E, 0x44444444, 0x44444444, 0x44444444, 0x44444444, 0x44444444,
    0x3E3E3E3E, 0x4848483E, 0x3E3E3E3E, 0x483E3E3E, 0x3E3E3E3E, 0x483E3E3E, 0x2E3E3E3E, 0x3E3E3E2E,
    0x2E3E4444, 0x3E3E3E36, 0x44444444, 0x3E3E3E3E, 0x44444444, 0x3E3E3E44, 0x44444444, 0x3E3E4444,
    0x48484848, 0x48484848, 0x48484848, 0x48484848, 0x48484848, 0x48484848, 0x2E484848, 0x4848482E,
    0x2E48483E, 0x48484836, 0x483E3E3E, 0x48484848, 0x3E3E3E3E, 0x48483E3E, 0x3E3E3E3E, 0x3E3E3E3E,
    0x48484848, 0x48484848, 0x48484848, 0x48484848, 0x48484848, 0x48484848, 0x2E484848, 0x4848482E,
    0x2E484848, 0x48484836, 0x48484848, 0x48484848, 0x48484848, 0x48484848, 0x4848483E, 0x48484848,
    0x48484848, 0x48484848, 0x48484848, 0x48484848, 0x48484848, 0x48484848, 0x2E484848, 0x4848482E,
    0x2E484848, 0x48484836, 0x48484848, 0x48484848, 0x48484848, 0x48484848, 0x48484848, 0x48484848,
    0x48484848, 0x48484848, 0x48484848, 0x48484848, 0x48484848, 0x48484848, 0x2E484848, 0x4848482E,
    0x2E484848, 0x48484836, 0x48484848, 0x48484848, 0x48484848, 0x48484848, 0x48484848, 0x3E3E3E48,
    0x48484848, 0x48484848, 0x48484848, 0x48484848, 0x48484848, 0x48484848, 0x2E484848, 0x4848482E,
    0x2E484848, 0x48484836, 0x48484848, 0x48484848, 0x48484848, 0x48484848, 0x48484848, 0x48484848,
    0x48484848, 0x48484848, 0x48484848, 0x48484848, 0x48484848, 0x48484848, 0x2E484848, 0x4848482E,
    0x2E484848, 0x48484836, 0x48484848, 0x48484848, 0x48484848, 0x48484848, 0x48484848, 0x48484848,
    0x48484848, 0x48484848, 0x48484848, 0x48484848, 0x48484848, 0x48484848, 0x2E484848, 0x4848482E,
    0x2E484848, 0x48484836, 0x48484848, 0x48484848, 0x48484848, 0x48484848, 0x3E3E4848, 0x3E3E3E3E,
    0x48484848, 0x48484848, 0x48484848, 0x48484848, 0x48484848, 0x48484848, 0x2E484848, 0x4848482E,
    0x2E484848, 0x48484836, 0x48484848, 0x48484848, 0x48484848, 0x3E484848, 0x4848483E, 0x3E484848,
    0x48484848, 0x483E3E3E, 0x3E3E4848, 0x3E3E3E3E, 0x3E3E4848, 0x3E3E3E3E, 0x2E3E3E48, 0x3E3E3E2E,
    0x2E3E3E3E, 0x3E3E3E36, 0x3E3E3E3E, 0x3E3E3E3E, 0x3E3E3E3E, 0x3E3E3E3E, 0x3E3E3E3E, 0x3E3E3E3E,
    0x48484848, 0x48484848, 0x3E3E3E3E, 0x3E3E3E3E, 0x3E3E3E3E, 0x3E3E3E3E, 0x2E3E3E3E, 0x3E3E3E2E,
    0x2E3E3E3E, 0x3E3E3E36, 0x3E3E3E3E, 0x3E3E3E3E, 0x3E3E3E3E, 0x3E3E3E3E, 0x3E3E3E3E, 0x3E3E3E3E,
    0x3E3E4848, 0x3E3E3E3E, 0x3E3E3E3E, 0x3E3E3E3E, 0x3E3E3E3E, 0x3E3E3E3E, 0x2E3E3E3E, 0x3E3E3E2E,
    0x2E3E3E3E, 0x3E3E3E36, 0x3E3E3E3E, 0x3E3E3E3E, 0x3E3E3E3E, 0x3E3E3E3E, 0x3E3E3E3E, 0x3E3E3E3E,
    0x3E3E3E3E, 0x3E3E3E3E, 0x3E3E3E3E, 0x3E3E3E3E, 0x3E3E3E3E, 0x3E3E3E3E, 0x2E3E3E3E, 0x3E3E3E2E,
    0x2E3E3E3E, 0x3E3E3E36, 0x3E3E3E3E, 0x3E3E3E3E, 0x3E3E3E3E, 0x3E3E3E3E, 0x3E3E3E3E, 0x3E3E3E3E,
    0x3E3E3E3E, 0x3E3E3E3E, 0x3E3E3E3E, 0x3E3E3E3E, 0x3E3E3E3E, 0x3E3E3E3E, 0x2E3E3E3E, 0x3E3E3E2E,
    0x2E3E3E3E, 0x3E3E3E36, 0x3E3E3E3E, 0x3E3E3E3E, 0x3E3E3E3E, 0x3E3E3E3E, 0x3E3E3E3E, 0x3E3E3E3E,
    0x3E3E3E3E, 0x5A3E3E3E, 0x3E3E3E3E, 0x5A3E3E3E, 0x3E3E3E3E, 0x5A3E3E3E, 0x2E3E3E3E, 0x5A48482E,
    0x2E3E3E3E, 0x5A484836, 0x48483E3E, 0x5A484848, 0x48483E3E, 0x5A484848, 0x48483E3E, 0x5A484848,
    0x31323426, 0x31313131, 0x31323426, 0x31313131, 0x31323426, 0x31313131, 0x31323426, 0x32313131,
    0x31323426, 0x32323131, 0x31323226, 0x34323231, 0x31323226, 0x34343231, 0x31323226, 0x34343231,
    0x34343231, 0x32323232, 0x34343231, 0x32323434, 0x32343232, 0x32343432, 0x32323232, 0x32343432,
    0x32323232, 0x32343432, 0x32323434, 0x32343432, 0x32323435, 0x34343432, 0x32323437, 0x34343432,
    0x31313231, 0x32323232, 0x31323231, 0x31323231, 0x32323231, 0x31323231, 0x32323232, 0x31323231,
    0x32323432, 0x31323232, 0x32343432, 0x32323232, 0x32343534, 0x32323232, 0x32343534, 0x32323232,
    0x31323232, 0x37343131, 0x32323232, 0x37343131, 0x32323232, 0x37343131, 0x32323232, 0x35343132,
    0x32323232, 0x34323132, 0x32323232, 0x32323232, 0x32323232, 0x32323232, 0x32323232, 0x32323232,
    0x32343435, 0x2B343232, 0x32343435, 0x2B323232, 0x32343437, 0x2B323434, 0x32343435, 0x2B323434,
    0x32323434, 0x2B323434, 0x32323232, 0x2B343434, 0x32323232, 0x2B343432, 0x32323232, 0x2B343432,
    0x3131323B, 0x32313232, 0x3131323B, 0x32313232, 0x3131323B, 0x32313232, 0x3131323B, 0x32313232,
    0x3C31313B, 0x32323237, 0x3731313B, 0x32323227, 0x3131313B, 0x32323232, 0x2B2B2B2B, 0x2B2B2B2B,
    0x32323434, 0x32323232, 0x32343432, 0x32323232, 0x32343232, 0x32323232, 0x32343232, 0x32323232,
    0x32343232, 0x32323232, 0x32343232, 0x32323432, 0x32323232, 0x32323434, 0x2B2B2B2B, 0x2B2B2B2B,
    0x34343434, 0x31323132, 0x34343432, 0x31323132, 0x32343232, 0x32323131, 0x32323232, 0x32323131,
    0x32323232, 0x32323131, 0x32323232, 0x32323131, 0x32323232, 0x31323131, 0x2B2B2B2B, 0x2B2B2B2B,
    0x32323131, 0x31313132, 0x32323131, 0x31323232, 0x32323232, 0x31323232, 0x34323232, 0x32323232,
    0x34323232, 0x32323234, 0x34323232, 0x32323234, 0x34323231, 0x34323234, 0x2B2B2B2B, 0x2B2B2B2B,
    0x31313131, 0x26343131, 0x31313131, 0x26343131, 0x32313131, 0x26343232, 0x32323131, 0x26343232,
    0x3C323232, 0x26343237, 0x37323232, 0x26343227, 0x32323232, 0x26323234, 0x2B2B2B2B, 0x262B2B2B,
    0x4848485A, 0x3E3E3E48, 0x4848485A, 0x3E3E3E3E, 0x3E3E485A, 0x3E3E3E3E, 0x2E3E3E5A, 0x3E3E3E2E,
    0x2E3E3E5A, 0x3E3E3E36, 0x3E3E3E5A, 0x443E3E3E, 0x3E3E3E5A, 0x44443E3E, 0x3E3E3E5A, 0x44443E3E,
    0x3E3E3E3E, 0x3E3E3E3E, 0x3E3E3E3E, 0x44444444, 0x443E3E3E, 0x44444444, 0x2E44443E, 0x4444442E,
    0x2E444444, 0x43444436, 0x44444444, 0x43434444, 0x44444444, 0x43434343, 0x43444444, 0x43434343,
    0x44444444, 0x44444444, 0x44444444, 0x44444444, 0x44444444, 0x44444444, 0x2E444444, 0x4343432E,
    0x2E434343, 0x43434336, 0x43434343, 0x43434343, 0x43434343, 0x43434343, 0x43434343, 0x43434343,
    0x44444444, 0x44444444, 0x44444444, 0x44444444, 0x43434444, 0x43434343, 0x2E434343, 0x4343432E,
    0x2E434343, 0x43434336, 0x43434343, 0x43434343, 0x43434343, 0x43434343, 0x43434343, 0x43434343,
    0x44444444, 0x44444444, 0x44444444, 0x44444444, 0x44434343, 0x44444444, 0x2E434343, 0x4444442E,
    0x2E434343, 0x44444436, 0x43434343, 0x44444443, 0x43434343, 0x44444343, 0x43434343, 0x43434343,
    0x44444444, 0x44444444, 0x44444444, 0x44444444, 0x44444444, 0x44444444, 0x2E444444, 0x4343432E,
    0x2E434444, 0x43434336, 0x43434344, 0x43434343, 0x43434343, 0x43434343, 0x43434343, 0x43434343,
    0x3E3E3E3E, 0x3E3E3E3E, 0x3E444444, 0x3E3E3E3E, 0x44444444, 0x3E3E3E44, 0x2E444443, 0x3E3E442E,
    0x2E434343, 0x3E444436, 0x43434343, 0x44444444, 0x43434343, 0x44444443, 0x43434343, 0x44444343,
    0x3E3E3E3E, 0x4848483E, 0x3E3E3E3E, 0x3E3E3E3E, 0x3E3E3E3E, 0x3E3E3E3E, 0x2E3E3E3E, 0x3E3E3E2E,
    0x2E3E3E3E, 0x3E3E3E36, 0x3E3E3E3E, 0x3E3E3E3E, 0x3E3E3E44, 0x3E3E3E3E, 0x3E3E4444, 0x3E3E3E3E,
    0x48484848, 0x48484848, 0x48484848, 0x48484848, 0x483E3E3E, 0x48484848, 0x2E3E3E3E, 0x3E3E3E2E,
    0x2E3E3E3E, 0x3E3E3E36, 0x3E3E3E3E, 0x3E3E3E3E, 0x3E3E3E3E, 0x3E3E3E3E, 0x3E3E3E3E, 0x3E3E3E3E,
    0x48484848, 0x3E3E3E3E, 0x3E484848, 0x3E3E3E3E, 0x3E3E3E48, 0x3E3E3E3E, 0x2E3E3E3E, 0x3E3E3E2E,
    0x2E3E3E3E, 0x3E3E3E36, 0x3E3E3E3E, 0x3E3E3E3E, 0x3E3E3E3E, 0x3E3E3E3E, 0x3E3E3E3E, 0x3E3E3E3E,
    0x48483E3E, 0x48484848, 0x3E3E3E3E, 0x48484848, 0x3E3E3E3E, 0x3E3E3E3E, 0x2E3E3E3E, 0x3E3E3E2E,
    0x2E3E3E3E, 0x3E3E3E36, 0x3E3E3E3E, 0x3E3E3E3E, 0x3E3E3E3E, 0x3E3E3E3E, 0x3E3E3E3E, 0x3E3E3E3E,
    0x48484848, 0x3E3E3E3E, 0x3E3E4848, 0x3E3E3E3E, 0x3E3E3E3E, 0x3E3E3E3E, 0x2E3E3E3E, 0x3E3E3E2E,
    0x2E3E3E3E, 0x3E3E3E36, 0x3E3E3E3E, 0x3E3E3E3E, 0x3E3E3E3E, 0x44443E3E, 0x3E3E3E3E, 0x4444443E,
    0x3E3E3E3E, 0x3E3E3E3E, 0x3E3E3E3E, 0x3E3E3E3E, 0x3E3E3E3E, 0x3E3E3E3E, 0x2E3E3E3E, 0x3E3E3E2E,
    0x2E3E3E3E, 0x3E3E3E36, 0x44444444, 0x3E3E3E44, 0x44444444, 0x3E3E4444, 0x44444444, 0x3E444444,
    0x483E3E3E, 0x3E484848, 0x3E3E3E3E, 0x3E3E4848, 0x3E3E3E3E, 0x3E3E3E3E, 0x2E3E3E3E, 0x3E3E3E2E,
    0x2E3E3E3E, 0x3E3E3E36, 0x3E3E3E3E, 0x3E3E3E3E, 0x3E3E3E3E, 0x3E3E3E3E, 0x3E3E3E3E, 0x3E3E3E3E,
    0x3E3E3E3E, 0x3E3E3E3E, 0x3E3E3E3E, 0x3E3E3E3E, 0x3E3E3E3E, 0x3E3E3E3E, 0x2E3E3E3E, 0x3E3E3E2E,
    0x2E3E3E3E, 0x3E3E3E36, 0x3E3E3E3E, 0x3E3E3E3E, 0x3E3E3E3E, 0x3E3E3E3E, 0x3E3E3E3E, 0x3E3E3E3E,
    0x3E3E3E3E, 0x3E3E3E3E, 0x3E3E3E3E, 0x3E3E3E3E, 0x3E3E3E3E, 0x3E3E3E3E, 0x2E3E3E3E, 0x3E3E3E2E,
    0x2E3E3E3E, 0x3E3E3E36, 0x3E3E3E3E, 0x3E3E3E3E, 0x3E3E3E3E, 0x443E3E3E, 0x3E3E3E3E, 0x44443E3E,
    0x3E3E3E3E, 0x3E3E3E3E, 0x3E3E3E3E, 0x3E3E3E3E, 0x3E3E3E3E, 0x3E3E3E3E, 0x2E3E3E3E, 0x3E3E3E2E,
    0x2E3E3E3E, 0x3E3E3E36, 0x3E3E3E3E, 0x3E3E3E3E, 0x44444444, 0x3E3E3E3E, 0x44444444, 0x44444444,
    0x3E3E3E3E, 0x3E3E3E3E, 0x3E3E3E3E, 0x3E3E3E3E, 0x3E3E3E3E, 0x3E3E3E3E, 0x2E3E3E3E, 0x3E3E3E2E,
    0x2E3E3E3E, 0x3E3E3E36, 0x3E3E3E3E, 0x3E3E3E3E, 0x3E3E3E3E, 0x3E3E3E3E, 0x3E444444, 0x3E3E3E3E,
    0x3E3E3E3E, 0x3E3E3E3E, 0x3E3E3E3E, 0x3E3E3E3E, 0x3E3E3E3E, 0x483E3E3E, 0x2E3E3E3E, 0x4848482E,
    0x2E3E3E3E, 0x48484836, 0x48483E3E, 0x48484848, 0x48483E3E, 0x48484848, 0x483E3E3E, 0x48484848,
    0x4848483E, 0x5A484848, 0x48484848, 0x5A484848, 0x48484848, 0x5A484848, 0x2E484848, 0x5A48482E,
    0x2E484848, 0x5A484836, 0x48484848, 0x5A484848, 0x48484848, 0x5A484848, 0x48484848, 0x5A484848,
    0x31323226, 0x35343231, 0x31323226, 0x34343231, 0x31323226, 0x34343231, 0x31323226, 0x34323231,
    0x3C323226, 0x34323237, 0x37323226, 0x34323227, 0x32323126, 0x34323231, 0x2B2B2B26, 0x2B2B2B2B,
    0x32323437, 0x34343432, 0x32323434, 0x34343434, 0x32323234, 0x34323434, 0x32313234, 0x34323434,
    0x32313232, 0x34323434, 0x32313132, 0x34323232, 0x31313132, 0x32323232, 0x2B2B2B2B, 0x2B2B2B2B,
    0x32343734, 0x32323232, 0x32343534, 0x32323232, 0x32343535, 0x32323232, 0x32323435, 0x32323234,
    0x32343435, 0x34323434, 0x34343434, 0x34323434, 0x34343434, 0x34323435, 0x2B2B2B2B, 0x2B2B2B2B,
    0x32323232, 0x32323232, 0x32323232, 0x32323232, 0x32323232, 0x32323232, 0x32313234, 0x32323432,
    0x32323434, 0x32323232, 0x32323434, 0x32323232, 0x32323434, 0x32323232, 0x2B2B2B2B, 0x2B2B2B2B,
    0x32313232, 0x2B343432, 0x32323232, 0x2B343432, 0x32323232, 0x2B323432, 0x32323232, 0x2B323432,
    0x3C323232, 0x2B323237, 0x37323232, 0x2B323227, 0x32323232, 0x2B323432, 0x2B2B2B2B, 0x2B2B2B2B,
    0x3B3B3B3B, 0x3B3B3B3B, 0x3231313B, 0x34323232, 0x3231313B, 0x34343232, 0x3231313B, 0x34343232,
    0x3C31313B, 0x34343237, 0x3732323B, 0x34343427, 0x3232323B, 0x34343432, 0x3232323B, 0x34343434,
    0x3B3B3B3B, 0x3B3B3B3B, 0x34323232, 0x32343434, 0x34323232, 0x32343435, 0x34323232, 0x32323437,
    0x34323232, 0x32323437, 0x34323434, 0x32323437, 0x34343434, 0x32323435, 0x34343434, 0x32323435,
    0x3B3B3B3B, 0x3B3B3B3B, 0x31313232, 0x31323131, 0x32313232, 0x31323131, 0x32313234, 0x31323132,
    0x32313234, 0x32323232, 0x32313232, 0x32323232, 0x32313232, 0x32323232, 0x32313232, 0x32323232,
    0x3B3B3B3B, 0x3B3B3B3B, 0x34343231, 0x34323234, 0x34343231, 0x34323234, 0x34343231, 0x34323234,
    0x34323231, 0x32323232, 0x34323232, 0x32323232, 0x32323232, 0x34343232, 0x32323432, 0x34343432,
    0x3B3B3B3B, 0x263B3B3B, 0x34323232, 0x26323434, 0x34323232, 0x26323434, 0x34323232, 0x26343434,
    0x3C323232, 0x26343437, 0x37323232, 0x26343427, 0x32323232, 0x26343432, 0x32323232, 0x26343232,
    0x3E3E3E5A, 0x4444443E, 0x3E3E3E5A, 0x44444444, 0x443E3E5A, 0x44444444, 0x2E44445A, 0x4344442E,
    0x2E44445A, 0x43444436, 0x4444445A, 0x43434444, 0x4444445A, 0x43434343, 0x4343445A, 0x43434343,
    0x43434444, 0x43434343, 0x43434344, 0x43434343, 0x43434343, 0x43434343, 0x2E434343, 0x4343432E,
    0x2E434343, 0x43434336, 0x43434343, 0x43434343, 0x43434343, 0x43434343, 0x43434343, 0x43434343,
    0x43434343, 0x43434343, 0x43434343, 0x43434343, 0x43434343, 0x43434343, 0x2E434343, 0x4343432E,
    0x2E434343, 0x43434336, 0x43434343, 0x43434343, 0x43434343, 0x43434343, 0x43434343, 0x43434343,
    0x43434343, 0x43434343, 0x43434343, 0x43434343, 0x43434343, 0x43434343, 0x2E434343, 0x4343432E,
    0x2E434343, 0x43434333, 0x43434343, 0x43434343, 0x43434343, 0x43434343, 0x43434343, 0x43434343,
    0x43434343, 0x43434343, 0x43434343, 0x43434343, 0x43434343, 0x43434343, 0x2E434343, 0x4343432E,
    0x2E434343, 0x43434336, 0x43434343, 0x43434343, 0x43434343, 0x43434343, 0x43434343, 0x43434343,
    0x43434343, 0x43434343, 0x43434343, 0x43434343, 0x43434343, 0x43434343, 0x2E434343, 0x4343432E,
    0x2E434343, 0x43434336, 0x43434343, 0x43434343, 0x43434343, 0x43434343, 0x43434343, 0x43434343,
    0x43434343, 0x44444343, 0x43434343, 0x44434343, 0x43434343, 0x44434343, 0x2E434343, 0x4343432E,
    0x2E434343, 0x43434336, 0x43434343, 0x43434343, 0x43434343, 0x43434343, 0x43434343, 0x43434343,
    0x44444444, 0x44444444, 0x44444444, 0x44444444, 0x44444444, 0x44444444, 0x2E444444, 0x4444442E,
    0x2E434343, 0x44444436, 0x43434343, 0x44444343, 0x43434343, 0x44434343, 0x43434343, 0x44434343,
    0x3E3E3E3E, 0x3E3E3E3E, 0x3E3E4444, 0x3E3E3E3E, 0x3E444444, 0x3E3E3E3E, 0x2E444444, 0x3E3E3E2E,
    0x2E444444, 0x3E3E3E36, 0x44444444, 0x3E3E3E3E, 0x44444444, 0x3E3E3E3E, 0x44444444, 0x3E3E3E44,
    0x3E3E3E3E, 0x3E3E3E3E, 0x3E3E3E3E, 0x3E3E3E3E, 0x3E3E3E3E, 0x3E3E3E3E, 0x2E3E3E3E, 0x3E3E3E2E,
    0x2E3E3E3E, 0x3E3E3E36, 0x3E3E3E3E, 0x3E3E3E3E, 0x3E3E3E3E, 0x3E3E3E3E, 0x3E3E3E3E, 0x3E3E3E3E,
    0x3E3E3E3E, 0x3E3E3E3E, 0x3E3E3E3E, 0x3E3E3E3E, 0x3E3E3E3E, 0x3E3E3E3E, 0x2E3E3E3E, 0x3E3E3E2E,
    0x2E3E3E3E, 0x3E3E3E36, 0x3E3E3E3E, 0x3E3E3E3E, 0x3E3E3E3E, 0x3E3E3E3E, 0x3E3E3E3E, 0x443E3E3E,
    0x3E3E3E3E, 0x4444443E, 0x3E3E3E3E, 0x44444444, 0x3E3E3E3E, 0x44444444, 0x2E3E3E3E, 0x4444442E,
    0x2E443E3E, 0x44444436, 0x4444443E, 0x44444444, 0x44444444, 0x44444444, 0x44444444, 0x44444444,
    0x44444444, 0x3E444444, 0x44444444, 0x44444444, 0x44444444, 0x44444444, 0x2E444444, 0x4444442E,
    0x2E444444, 0x44444436, 0x44444444, 0x44444444, 0x44444444, 0x44444444, 0x43444444, 0x44444443,
    0x3E3E3E3E, 0x3E3E3E3E, 0x3E3E3E3E, 0x3E3E3E3E, 0x3E3E3E3E, 0x3E3E3E3E, 0x2E3E4444, 0x3E3E3E2E,
    0x2E444444, 0x44444436, 0x44444444, 0x44444444, 0x44444444, 0x44444444, 0x44444444, 0x43434344,
    0x3E3E3E3E, 0x3E3E3E3E, 0x3E3E3E3E, 0x3E3E3E3E, 0x3E3E3E3E, 0x3E3E3E3E, 0x2E3E3E3E, 0x3E3E3E2E,
    0x2E444444, 0x44444436, 0x44444444, 0x44444444, 0x44444444, 0x44444444, 0x43434343, 0x43434343,
    0x3E3E3E3E, 0x4444443E, 0x3E3E3E3E, 0x44444444, 0x443E3E3E, 0x44444444, 0x2E44443E, 0x4444442E,
    0x2E444444, 0x44444436, 0x44444444, 0x44444444, 0x44444444, 0x44444444, 0x43434343, 0x44444444,
    0x44444444, 0x44444444, 0x44444444, 0x44444444, 0x44444444, 0x44444444, 0x2E444444, 0x4444442E,
    0x2E444444, 0x44444436, 0x44444444, 0x44444444, 0x44444444, 0x44444444, 0x44444444, 0x44444444,
    0x44444444, 0x3E3E3E3E, 0x44444444, 0x3E3E3E44, 0x44444444, 0x3E3E3E44, 0x2E444444, 0x3E3E3E2E,
    0x2E444444, 0x3E3E3E36, 0x44444444, 0x3E3E3E44, 0x3E3E3E44, 0x4444443E, 0x3E3E3E44, 0x4444443E,
    0x3E3E3E3E, 0x4848483E, 0x3E3E3E3E, 0x3E3E3E3E, 0x3E3E3E3E, 0x3E3E3E3E, 0x2E3E3E3E, 0x3E3E3E2E,
    0x2E3E3E3E, 0x3E3E3E36, 0x3E3E3E3E, 0x3E3E3E3E, 0x3E3E3E44, 0x3E3E3E3E, 0x44444444, 0x44444444,
    0x48484848, 0x5A484848, 0x48484848, 0x5A484848, 0x3E3E3E3E, 0x5A48483E, 0x2E3E3E3E, 0x5A3E3E2E,
    0x2E3E3E3E, 0x5A3E3E36, 0x3E3E3E3E, 0x5A3E3E3E, 0x443E3E3E, 0x5A3E4444, 0x44444444, 0x5A444444,
    0x3B3B3B26, 0x3B3B3B3B, 0x32313126, 0x34323231, 0x32313126, 0x34323231, 0x32323126, 0x32323231,
    0x3C323126, 0x32323237, 0x37323126, 0x34323227, 0x32323126, 0x34343231, 0x32323226, 0x34343231,
    0x3B3B3B3B, 0x3B3B3B3B, 0x31313132, 0x32313131, 0x31313132, 0x32323131, 0x31313232, 0x32323131,
    0x31313234, 0x32323131, 0x31313234, 0x32323131, 0x32323234, 0x32323231, 0x32323434, 0x32323232,
    0x3B3B3B3B, 0x3B3B3B3B, 0x37373434, 0x34343437, 0x37353432, 0x34343437, 0x37343232, 0x34343435,
    0x35343232, 0x34323434, 0x34343232, 0x32323234, 0x34323232, 0x32323232, 0x32323232, 0x32313132,
    0x3B3B3B3B, 0x3B3B3B3B, 0x32323434, 0x32323131, 0x31323434, 0x32323131, 0x31323434, 0x32323231,
    0x31323434, 0x32323231, 0x31323434, 0x32323231, 0x31323232, 0x32323131, 0x31323232, 0x32313131,
    0x3B3B3B3B, 0x2B3B3B3B, 0x32323232, 0x2B323232, 0x32323232, 0x2B323232, 0x32323232, 0x2B313232,
    0x3C323232, 0x2B313137, 0x37323232, 0x2B313127, 0x32343232, 0x2B313132, 0x32343432, 0x2B313132,
    0x3232323B, 0x34343434, 0x3234323B, 0x34343434, 0x3434323B, 0x34343434, 0x3434343B, 0x34323435,
    0x3434343B, 0x34323435, 0x3434323B, 0x34323434, 0x3234323B, 0x34323434, 0x3232323B, 0x34323434,
    0x34343434, 0x32323534, 0x34343435, 0x32323534, 0x34343434, 0x32323434, 0x34343434, 0x32323434,
    0x34343434, 0x32343434, 0x34343434, 0x32343434, 0x34343434, 0x32343434, 0x34343434, 0x32323434,
    0x32323232, 0x32323132, 0x32323232, 0x34323132, 0x32323232, 0x32323132, 0x31323131, 0x32323231,
    0x31323231, 0x32323231, 0x31323231, 0x32323231, 0x32323232, 0x32323232, 0x32343232, 0x32323232,
    0x32323434, 0x34343432, 0x32323434, 0x34343432, 0x32323434, 0x34343432, 0x32323434, 0x34343432,
    0x32323232, 0x34343431, 0x32323232, 0x32343432, 0x32323232, 0x34343432, 0x32323232, 0x34343432,
    0x31323234, 0x26343231, 0x31323234, 0x26343231, 0x31323234, 0x26343231, 0x31313232, 0x26343231,
    0x31313232, 0x26343231, 0x31313232, 0x26343231, 0x31313232, 0x26323231, 0x32323232, 0x26323231,
    0x4343435A, 0x43434343, 0x4343435A, 0x43434343, 0x4343435A, 0x43434343, 0x2E43435A, 0x4343432E,
    0x2E43435A, 0x43434336, 0x4343435A, 0x43434343, 0x4343435A, 0x43434343, 0x4343435A, 0x43434343,
    0x43434343, 0x43434343, 0x43434343, 0x43434343, 0x43434343, 0x43434343, 0x2E434343, 0x4343432E,
    0x2E434343, 0x43434336, 0x43434343, 0x43434343, 0x43434343, 0x43434343, 0x43434343, 0x43434343,
    0x43434343, 0x43434343, 0x43434343, 0x43434343, 0x43434343, 0x43434343, 0x2E434343, 0x4343432E,
    0x2E434343, 0x43434333, 0x43434343, 0x43434343, 0x43434343, 0x43434343, 0x43434343, 0x43434343,
    0x43434343, 0x43434343, 0x43434343, 0x43434343, 0x43434343, 0x43434343, 0x2E434343, 0x4343432E,
    0x2E434343, 0x43434332, 0x43434343, 0x43434343, 0x43434343, 0x43434343, 0x43434343, 0x43434343,
    0x43434343, 0x43434343, 0x43434343, 0x43434343, 0x43434343, 0x43434343, 0x2E434343, 0x4343432E,
    0x2E434343, 0x43434336, 0x43434343, 0x43434343, 0x43434343, 0x43434343, 0x43434343, 0x43434343,
    0x43434343, 0x43434343, 0x43434343, 0x43434343, 0x43434343, 0x43434343, 0x2E434343, 0x4343432E,
    0x2E434343, 0x43434336, 0x43434343, 0x43434343, 0x43434343, 0x43434343, 0x43434343, 0x43434343,
    0x44444443, 0x43434343, 0x44444444, 0x43434343, 0x44444444, 0x43434343, 0x2E444443, 0x4343432E,
    0x2E444343, 0x43434336, 0x43434343, 0x43434343, 0x43434343, 0x43434343, 0x43434343, 0x43434343,
    0x43434343, 0x43434343, 0x43434343, 0x43434343, 0x43434343, 0x43434343, 0x2E434343, 0x4343432E,
    0x2E434343, 0x43434336, 0x43434343, 0x43434343, 0x43434343, 0x43434343, 0x43434343, 0x43434343,
    0x44444444, 0x3E3E3E44, 0x44444444, 0x3E3E4444, 0x44444444, 0x3E444444, 0x2E444444, 0x4444442E,
    0x2E444443, 0x44444436, 0x44444343, 0x44444444, 0x43434343, 0x44434343, 0x43434343, 0x43434343,
    0x3E3E3E3E, 0x3E3E3E3E, 0x3E3E3E3E, 0x3E3E3E3E, 0x3E3E3E3E, 0x3E3E3E3E, 0x2E3E3E44, 0x3E3E3E2E,
    0x2E444444, 0x3E3E3E36, 0x44444444, 0x3E3E3E44, 0x44444444, 0x44444444, 0x44444443, 0x44444444,
    0x3E3E3E3E, 0x44443E3E, 0x3E3E3E3E, 0x4444443E, 0x3E3E3E3E, 0x4444443E, 0x2E3E3E3E, 0x4444442E,
    0x2E3E3E3E, 0x44444436, 0x4444443E, 0x44444444, 0x44444444, 0x43444444, 0x44444444, 0x43434444,
    0x44444444, 0x44444444, 0x44444444, 0x43434444, 0x44444444, 0x43434343, 0x2E444444, 0x4343432E,
    0x2E434344, 0x43434336, 0x43434343, 0x43434343, 0x43434343, 0x43434343, 0x43434343, 0x43434343,
    0x43434343, 0x43434343, 0x43434343, 0x43434343, 0x43434343, 0x43434343, 0x2E434343, 0x4343432E,
    0x2E434343, 0x43434336, 0x43434343, 0x43434343, 0x43434343, 0x43434343, 0x43434343, 0x43434343,
    0x43434343, 0x43434343, 0x43434343, 0x43434343, 0x43434343, 0x43434343, 0x2E434343, 0x4343432E,
    0x2E434343, 0x43434336, 0x43434343, 0x43434343, 0x43434343, 0x43434343, 0x43434343, 0x43434343,
    0x43434343, 0x43434343, 0x43434343, 0x43434343, 0x43434343, 0x43434343, 0x2E434343, 0x4343432E,
    0x2E434343, 0x43434336, 0x43434343, 0x43434343, 0x43434343, 0x43434343, 0x43434343, 0x43434343,
    0x43434343, 0x44444343, 0x43434343, 0x43434343, 0x43434343, 0x43434343, 0x2E434343, 0x4343432E,
    0x2E434343, 0x43434336, 0x43434343, 0x43434343, 0x43434343, 0x43434343, 0x43434343, 0x43434343,
    0x44444444, 0x44444444, 0x44444444, 0x44444444, 0x44444343, 0x44444444, 0x2E434343, 0x4444442E,
    0x2E434343, 0x44444436, 0x43434343, 0x44444343, 0x43434343, 0x44434343, 0x43434343, 0x43434343,
    0x3E3E3E44, 0x4444443E, 0x3E3E4444, 0x44444444, 0x44444444, 0x44444444, 0x2E444444, 0x4444442E,
    0x2E444444, 0x44444436, 0x44444444, 0x44444444, 0x44444444, 0x44444444, 0x44444444, 0x44444444,
    0x44444444, 0x44444444, 0x44444444, 0x44444444, 0x44444444, 0x44444444, 0x2E444444, 0x4444442E,
    0x2E444444, 0x44444436, 0x44444444, 0x44444444, 0x44444444, 0x43444444, 0x43434444, 0x43434343,
    0x44444444, 0x5A444444, 0x44444444, 0x5A444444, 0x44444444, 0x5A444444, 0x2E444444, 0x5A44442E,
    0x2E434444, 0x5A434336, 0x43434344, 0x5A434343, 0x43434343, 0x5A434343, 0x43434343, 0x5A434343,
    0x32323226, 0x35343231, 0x32323226, 0x35343231, 0x32323226, 0x34343231, 0x32323226, 0x34343231,
    0x32323226, 0x34323231, 0x32323226, 0x32323232, 0x32323226, 0x32323232, 0x32323226, 0x34323232,
    0x32323434, 0x32323232, 0x32343435, 0x32323232, 0x32343435, 0x32323232, 0x32323437, 0x32313232,
    0x32323435, 0x31313232, 0x32323435, 0x31313232, 0x32323434, 0x31313232, 0x32323234, 0x32323232,
    0x32323232, 0x31313131, 0x32313132, 0x31313131, 0x32313132, 0x31313131, 0x32313132, 0x31313131,
    0x32313132, 0x31313131, 0x32313131, 0x31313131, 0x32323132, 0x32313131, 0x32323132, 0x32313131,
    0x31323232, 0x31313131, 0x31323232, 0x31313131, 0x31323232, 0x31313131, 0x31323232, 0x31313131,
    0x31323232, 0x31313231, 0x32323232, 0x31313231, 0x32323232, 0x31313232, 0x32323232, 0x31313232,
    0x32343432, 0x2B313132, 0x32343432, 0x2B323132, 0x32343432, 0x2B323132, 0x32343432, 0x2B323132,
    0x32343232, 0x2B323132, 0x32343232, 0x2B323131, 0x32323232, 0x2B313131, 0x32323232, 0x2B313132,
    0x3231313B, 0x34343432, 0x3131313B, 0x34343432, 0x3131313B, 0x34343232, 0x3131313B, 0x34343232,
    0x3131313B, 0x34323231, 0x3131313B, 0x32323231, 0x3132323B, 0x32323231, 0x3132323B, 0x32323231,
    0x34343434, 0x32323232, 0x34343434, 0x32323232, 0x34343434, 0x32323232, 0x34343434, 0x32323232,
    0x34343434, 0x32323234, 0x34343232, 0x32323234, 0x34343232, 0x32323234, 0x34343232, 0x31323234,
    0x32343232, 0x32323232, 0x32343432, 0x32323432, 0x34343432, 0x32323434, 0x34343432, 0x32323434,
    0x34343432, 0x32323434, 0x35343432, 0x32323234, 0x37343432, 0x32323234, 0x35343432, 0x32323232,
    0x32323231, 0x34353432, 0x34323231, 0x34353434, 0x34323231, 0x34353434, 0x34343231, 0x34353434,
    0x34343232, 0x34343434, 0x34343232, 0x34343432, 0x34343232, 0x32343432, 0x34343232, 0x32323232,
    0x32323234, 0x26323132, 0x32323234, 0x26323132, 0x32323434, 0x26323132, 0x32323434, 0x26323132,
    0x32323234, 0x26323232, 0x32323232, 0x26323232, 0x32323232, 0x26323232, 0x34323232, 0x26323434,
    0x4343435A, 0x43434343, 0x4343435A, 0x43434343, 0x4343435A, 0x43434343, 0x2E43435A, 0x4343432E,
    0x2E43435A, 0x43434333, 0x4343435A, 0x43434343, 0x4343435A, 0x43434343, 0x4343435A, 0x43434343,
    0x43434343, 0x43434343, 0x43434343, 0x43434343, 0x43434343, 0x43434343, 0x2E434343, 0x4343432E,
    0x2E434343, 0x43434332, 0x43434343, 0x43434343, 0x43434343, 0x41434343, 0x43434343, 0x41414343,
    0x43434343, 0x43434343, 0x43434343, 0x43434343, 0x41414343, 0x41414141, 0x2E414143, 0x4141412E,
    0x2E414141, 0x41414132, 0x41414141, 0x41414141, 0x41414141, 0x41414141, 0x41414141, 0x41414141,
    0x43434343, 0x43434343, 0x43434343, 0x43434343, 0x43434341, 0x43434343, 0x2E434141, 0x4343432E,
    0x2E414141, 0x43434332, 0x41414141, 0x43434141, 0x41414141, 0x43414141, 0x41414141, 0x41414141,
    0x43434343, 0x43434343, 0x43434343, 0x43434343, 0x43434343, 0x43434343, 0x2E434343, 0x4343432E,
    0x2E434343, 0x43434332, 0x43434343, 0x43434343, 0x43434343, 0x43434343, 0x43434343, 0x43434343,
    0x43434343, 0x43434343, 0x43434343, 0x43434343, 0x43434343, 0x43434343, 0x2E434343, 0x4343432E,
    0x2E434343, 0x43434336, 0x43434343, 0x43434343, 0x43434343, 0x43434343, 0x43434343, 0x43434343,
    0x43434343, 0x43434343, 0x43434343, 0x43434343, 0x43434343, 0x43434343, 0x2E434343, 0x4343432E,
    0x2E434343, 0x43434336, 0x43434343, 0x43434343, 0x43434343, 0x43434343, 0x43434343, 0x43434343,
    0x44444443, 0x43434343, 0x44444443, 0x43434344, 0x44444343, 0x43434343, 0x2E434343, 0x4343432E,
    0x2E434343, 0x43434336, 0x43434343, 0x43434343, 0x43434343, 0x43434343, 0x43434343, 0x43434343,
    0x43434343, 0x43434343, 0x43434343, 0x43434343, 0x43434343, 0x43434343, 0x2E434343, 0x4343432E,
    0x2E434343, 0x43434336, 0x43434343, 0x43434343, 0x43434343, 0x43434343, 0x43434343, 0x43434343,
    0x44434343, 0x44444444, 0x43434343, 0x44444444, 0x43434343, 0x44444343, 0x2E434343, 0x4343432E,
    0x2E434343, 0x43434336, 0x43434343, 0x43434343, 0x43434343, 0x43434343, 0x43434343, 0x43434343,
    0x44444444, 0x43434344, 0x44444444, 0x43434343, 0x43434444, 0x43434343, 0x2E434343, 0x4343432E,
    0x2E434343, 0x43434336, 0x43434343, 0x43434343, 0x43434343, 0x43434343, 0x43434343, 0x43434343,
    0x43434343, 0x43434343, 0x43434343, 0x43434343, 0x43434343, 0x43434343, 0x2E434343, 0x4343432E,
    0x2E434343, 0x43434336, 0x43434343, 0x43434343, 0x43434343, 0x43434343, 0x43434343, 0x43434343,
    0x43434343, 0x43434343, 0x43434343, 0x43434343, 0x43434343, 0x43434343, 0x2E434343, 0x4343432E,
    0x2E434343, 0x43434332, 0x43434343, 0x43434343, 0x43434343, 0x43434343, 0x43434343, 0x43434343,
    0x43434343, 0x43434343, 0x43434343, 0x43434343, 0x43434343, 0x43434343, 0x2E434343, 0x4343432E,
    0x2E434343, 0x43434332, 0x43434343, 0x43434343, 0x43434343, 0x43434343, 0x43434343, 0x41434343,
    0x43434343, 0x43434343, 0x43434343, 0x43434343, 0x43434343, 0x43434343, 0x2E434343, 0x4141412E,
    0x2E434343, 0x41414132, 0x41414343, 0x41414141, 0x41414143, 0x41414141, 0x41414141, 0x41414141,
    0x43434343, 0x43434343, 0x43434343, 0x43434343, 0x43434343, 0x43434343, 0x2E414141, 0x4343432E,
    0x2E414141, 0x43434332, 0x41414141, 0x43434141, 0x41414141, 0x43434141, 0x41414141, 0x43414141,
    0x43434343, 0x43434343, 0x43434343, 0x43434343, 0x43434343, 0x43434343, 0x2E434343, 0x4343432E,
    0x2E434343, 0x43434336, 0x43434343, 0x43434343, 0x43434343, 0x43434343, 0x43434343, 0x43434343,
    0x44444343, 0x43434444, 0x43434343, 0x43434343, 0x43434343, 0x43434343, 0x2E434343, 0x4343432E,
    0x2E434343, 0x43434336, 0x43434343, 0x43434343, 0x43434343, 0x43434343, 0x43434343, 0x43434343,
    0x43434343, 0x43434343, 0x43434343, 0x43434343, 0x43434343, 0x43434343, 0x2E434343, 0x4343432E,
    0x2E434343, 0x43434336, 0x43434343, 0x43434343, 0x43434343, 0x43434343, 0x43434343, 0x43434343,
    0x43434343, 0x5A434343, 0x43434343, 0x5A434343, 0x43434343, 0x5A434343, 0x2E434343, 0x5A43432E,
    0x2E434343, 0x5A434336, 0x43434343, 0x5A434343, 0x43434343, 0x5A434343, 0x43434343, 0x5A434343,
    0x32323226, 0x34323232, 0x32323226, 0x34323232, 0x32323226, 0x34323232, 0x32323226, 0x34343434,
    0x32323226, 0x34343434, 0x34323226, 0x34343434, 0x34323226, 0x32343434, 0x34323426, 0x34343434,
    0x32313234, 0x32323232, 0x32313232, 0x34323232, 0x32313232, 0x34323232, 0x32313232, 0x32323232,
    0x32313234, 0x32323132, 0x32313234, 0x32323132, 0x32313234, 0x32323132, 0x32313234, 0x32323132,
    0x32323132, 0x32313131, 0x32323134, 0x32313131, 0x32323134, 0x32313131, 0x32323232, 0x32313132,
    0x34323232, 0x32313132, 0x34343232, 0x32313132, 0x34343232, 0x32313232, 0x34343232, 0x32323234,
    0x32323232, 0x32323232, 0x32343232, 0x32323132, 0x32343232, 0x32323232, 0x32343232, 0x32323232,
    0x32343232, 0x32323232, 0x32343232, 0x32323232, 0x32323232, 0x32323232, 0x32323232, 0x32323232,
    0x32323231, 0x2B313132, 0x32323231, 0x2B313132, 0x32323231, 0x2B313132, 0x32323231, 0x2B313132,
    0x32323232, 0x2B313132, 0x32323232, 0x2B313132, 0x32323232, 0x2B313232, 0x32343432, 0x2B323232,
    0x3232313B, 0x32323232, 0x3232313B, 0x32323232, 0x3432313B, 0x32323232, 0x3432313B, 0x32323234,
    0x3432313B, 0x32323234, 0x3232313B, 0x32323234, 0x3232323B, 0x32323232, 0x3232323B, 0x34323232,
    0x34323232, 0x31323234, 0x32323132, 0x31323234, 0x32323132, 0x31323432, 0x32323131, 0x31313232,
    0x32323131, 0x31313234, 0x32323132, 0x31313234, 0x32323132, 0x31313234, 0x32323132, 0x32323234,
    0x34353432, 0x32323132, 0x34373431, 0x34323132, 0x34373431, 0x34323131, 0x32373431, 0x34323131,
    0x32373431, 0x32323131, 0x32353431, 0x32323131, 0x32353432, 0x32323132, 0x32353432, 0x32323232,
    0x34323232, 0x32323232, 0x32323234, 0x32323232, 0x32323234, 0x31323232, 0x32323234, 0x31323232,
    0x32323234, 0x31323231, 0x32323232, 0x31323231, 0x31313232, 0x32323231, 0x31313232, 0x32323231,
    0x34323232, 0x26343434, 0x34343232, 0x26343435, 0x37343232, 0x26343437, 0x37343232, 0x26343537,
    0x37343232, 0x26343537, 0x35343232, 0x26343537, 0x34323232, 0x26343537, 0x34323232, 0x26343535,
    0x4141415A, 0x43434343, 0x4141415A, 0x41414141, 0x4141415A, 0x41414141, 0x2D41415A, 0x4141412D,
    0x2D41415A, 0x41414132, 0x4141415A, 0x41414141, 0x4141415A, 0x41414141, 0x4141415A, 0x41414141,
    0x43434343, 0x41414141, 0x41414141, 0x41414141, 0x41414141, 0x41414141, 0x2E414141, 0x4141412E,
    0x2E414141, 0x41414132, 0x41414141, 0x41414141, 0x41414141, 0x41414141, 0x41414141, 0x41414141,
    0x41414141, 0x41414141, 0x41414141, 0x41414141, 0x41414141, 0x41414141, 0x2D414141, 0x4141412D,
    0x2D414141, 0x41414132, 0x41414141, 0x41414141, 0x41414141, 0x41414141, 0x41414141, 0x41414141,
    0x41414141, 0x41414141, 0x41414141, 0x41414141, 0x41414141, 0x41414141, 0x2D414141, 0x4141412D,
    0x2D414141, 0x41414132, 0x41414141, 0x41414141, 0x41414141, 0x41414141, 0x41414141, 0x41414141,
    0x43434341, 0x43434343, 0x43434341, 0x43434343, 0x43434141, 0x43434343, 0x2E434141, 0x4343432E,
    0x2E414141, 0x43434332, 0x43414141, 0x43434343, 0x41414141, 0x43434343, 0x41414141, 0x43434343,
    0x43434343, 0x43434343, 0x43434343, 0x43434343, 0x43434343, 0x43434343, 0x2E434343, 0x4343432E,
    0x2E434343, 0x43434333, 0x43434343, 0x43434343, 0x43434343, 0x43434343, 0x43434343, 0x43434343,
    0x43434343, 0x43434343, 0x43434343, 0x43434343, 0x43434343, 0x43434343, 0x2E434343, 0x4343432E,
    0x2E434343, 0x43434336, 0x43434343, 0x43434343, 0x43434343, 0x43434343, 0x43434343, 0x43434343,
    0x43434343, 0x43434343, 0x43434343, 0x43434343, 0x43434343, 0x43434343, 0x2E434343, 0x4343432E,
    0x2E434343, 0x43434336, 0x43434343, 0x43434343, 0x43434343, 0x43434343, 0x43434343, 0x43434343,
    0x43434343, 0x43434343, 0x43434343, 0x43434343, 0x43434343, 0x43434343, 0x2E434343, 0x4343432E,
    0x2E434343, 0x43434332, 0x43434343, 0x41414343, 0x41434343, 0x41414141, 0x41414143, 0x41414141,
    0x43434343, 0x43434343, 0x43434343, 0x43434343, 0x43434343, 0x43434343, 0x2E434343, 0x4343432E,
    0x2E434343, 0x43434332, 0x41414141, 0x41414141, 0x41414141, 0x41414141, 0x41414141, 0x41414141,
    0x43434343, 0x43434343, 0x43434343, 0x43434343, 0x43434343, 0x43434343, 0x2E434343, 0x4343432E,
    0x2E434343, 0x43434332, 0x43434343, 0x43434343, 0x41414141, 0x43434343, 0x41414141, 0x41414141,
    0x43434343, 0x43434343, 0x43434343, 0x43434343, 0x43434343, 0x41434343, 0x2E434343, 0x4141432E,
    0x2E434343, 0x41414332, 0x43434343, 0x41414143, 0x43434343, 0x41414141, 0x41414141, 0x41414141,
    0x41414143, 0x43434141, 0x41414141, 0x41414141, 0x41414141, 0x41414141, 0x2E414141, 0x4141412E,
    0x2E414141, 0x41414132, 0x41414141, 0x41414141, 0x41414141, 0x41414141, 0x41414141, 0x41414141,
    0x43434343, 0x41414343, 0x43434343, 0x41414143, 0x41414141, 0x41414141, 0x2E414141, 0x4141412E,
    0x2E414141, 0x41414132, 0x41414141, 0x41414141, 0x41414141, 0x41414141, 0x41414141, 0x41414141,
    0x41414141, 0x41414141, 0x41414141, 0x41414141, 0x41414141, 0x41414141, 0x2D414141, 0x4141412D,
    0x2D414141, 0x41414132, 0x41414141, 0x41414141, 0x41414141, 0x41414141, 0x41414141, 0x41414141,
    0x41414141, 0x43414141, 0x41414141, 0x43414141, 0x41414141, 0x43414141, 0x2D414141, 0x4341412E,
    0x2D414141, 0x41414132, 0x41414141, 0x41414141, 0x41414141, 0x41414141, 0x41414141, 0x41414141,
    0x43434343, 0x43434343, 0x43434343, 0x43434343, 0x43434343, 0x43434343, 0x2E434343, 0x4343432E,
    0x2E434343, 0x43434332, 0x43434343, 0x43434343, 0x43434341, 0x43434343, 0x43414141, 0x43434343,
    0x43434343, 0x43434343, 0x43434343, 0x43434343, 0x43434343, 0x43434343, 0x2E434343, 0x4343432E,
    0x2E434343, 0x43434333, 0x43434343, 0x43434343, 0x43434343, 0x43434343, 0x43434343, 0x43434343,
    0x43434343, 0x43434343, 0x43434343, 0x43434343, 0x43434343, 0x43434343, 0x2E434343, 0x4343432E,
    0x2E434343, 0x43434336, 0x43434343, 0x43434343, 0x43434343, 0x43434343, 0x43434343, 0x43434343,
    0x43434343, 0x5A434343, 0x43434343, 0x5A434343, 0x43434343, 0x5A434343, 0x2E434343, 0x5A43432E,
    0x2E434343, 0x5A414132, 0x41414343, 0x5A414141, 0x41414143, 0x5A414141, 0x41414143, 0x5A414141,
    0x32323426, 0x34343434, 0x32343526, 0x34343234, 0x32343726, 0x35343234, 0x32343726, 0x35343232,
    0x32343726, 0x35343232, 0x32343726, 0x34343232, 0x32343526, 0x34343434, 0x32343426, 0x35343434,
    0x31313234, 0x32323232, 0x31313134, 0x32323232, 0x31313132, 0x32323232, 0x31313132, 0x32323232,
    0x31313132, 0x32323232, 0x31313132, 0x32323232, 0x32313132, 0x32323232, 0x32323232, 0x32323432,
    0x34343232, 0x32323234, 0x34323232, 0x32343434, 0x34323232, 0x34353534, 0x34323232, 0x34373534,
    0x34323232, 0x34373734, 0x32323232, 0x32373734, 0x32323232, 0x32373534, 0x32323232, 0x32353434,
    0x32323132, 0x34323232, 0x32313131, 0x34343232, 0x32313131, 0x34343232, 0x32313131, 0x34343232,
    0x32313131, 0x34343432, 0x32313131, 0x34343432, 0x32313131, 0x32323432, 0x32313131, 0x32323232,
    0x32323432, 0x2B323232, 0x32323432, 0x2B323232, 0x32323432, 0x2B343232, 0x32343432, 0x2B343432,
    0x32323434, 0x2B343434, 0x34323434, 0x2B343434, 0x34323434, 0x2B343434, 0x34323434, 0x2B343434,
    0x3232323B, 0x34323432, 0x3232313B, 0x34343432, 0x3232313B, 0x32343432, 0x3231313B, 0x32373432,
    0x3C31313B, 0x34373437, 0x3731313B, 0x32353427, 0x3231313B, 0x32343432, 0x2B2B2B2B, 0x2B2B2B2B,
    0x32323132, 0x32323234, 0x34323232, 0x32313234, 0x34323232, 0x32313234, 0x34343232, 0x32313234,
    0x34343232, 0x32313234, 0x32343232, 0x32323232, 0x32343232, 0x32323232, 0x2B2B2B2B, 0x2B2B2B2B,
    0x34353432, 0x32323232, 0x34353432, 0x32323234, 0x35373432, 0x32323434, 0x37373534, 0x32323434,
    0x37373534, 0x32323435, 0x35373534, 0x32323434, 0x34353434, 0x32323434, 0x2B2B2B2B, 0x2B2B2B2B,
    0x31313232, 0x32323131, 0x31313232, 0x32323131, 0x31313232, 0x32323131, 0x31313232, 0x32323131,
    0x31313232, 0x32323131, 0x31313232, 0x32313131, 0x31313232, 0x31313131, 0x2B2B2B2B, 0x2B2B2B2B,
    0x34343232, 0x26343435, 0x34343432, 0x26343434, 0x34343432, 0x26343434, 0x34343432, 0x26343434,
    0x3C343432, 0x26343437, 0x37343432, 0x26323427, 0x34343432, 0x26323435, 0x2B2B2B2B, 0x262B2B2B,
    0x4141415A, 0x41414141, 0x4141415A, 0x41414141, 0x4141415A, 0x41414141, 0x2C41415A, 0x4141412C,
    0x2C41415A, 0x41414132, 0x4141415A, 0x41414141, 0x4142425A, 0x41414141, 0x4242425A, 0x41414141,
    0x41414141, 0x41414141, 0x41414141, 0x41414141, 0x41414141, 0x41414141, 0x2D414141, 0x4141412D,
    0x2D414141, 0x41414132, 0x41414141, 0x41414141, 0x41414141, 0x41414141, 0x41414141, 0x41414141,
    0x41414141, 0x41414141, 0x41414141, 0x41414141, 0x41414141, 0x41414141, 0x2D414141, 0x4141412D,
    0x2D414141, 0x41414132, 0x41414141, 0x41414141, 0x41414141, 0x41414141, 0x41414141, 0x41414141,
    0x41414141, 0x41414141, 0x41414141, 0x41414141, 0x41414141, 0x41414141, 0x2D414141, 0x4141412D,
    0x2D414141, 0x41414132, 0x41414141, 0x41414141, 0x41414141, 0x41414141, 0x41414141, 0x41414141,
    0x41414141, 0x43434341, 0x41414141, 0x43414141, 0x41414141, 0x41414141, 0x2E414141, 0x4141412E,
    0x2E414141, 0x41414132, 0x41414141, 0x41414141, 0x41414141, 0x41414141, 0x41414141, 0x41414141,
    0x43434343, 0x43434343, 0x43434343, 0x43434343, 0x41414141, 0x43434343, 0x2E414141, 0x4141412E,
    0x2E414141, 0x41414132, 0x41414141, 0x41414141, 0x41414141, 0x41414141, 0x41414141, 0x41414141,
    0x43434343, 0x43434343, 0x43434343, 0x43434343, 0x43434343, 0x43434343, 0x2E414141, 0x4141412E,
    0x2E414141, 0x41414132, 0x41414141, 0x41414141, 0x41414141, 0x41414141, 0x41414141, 0x41414141,
    0x43434343, 0x43434343, 0x43434343, 0x41434343, 0x43434343, 0x41414143, 0x2E414141, 0x4141412E,
    0x2E414141, 0x41414132, 0x41414141, 0x41414141, 0x41414141, 0x41414141, 0x41414141, 0x41414141,
    0x41414141, 0x41414141, 0x41414141, 0x41414141, 0x41414141, 0x41414141, 0x2D414141, 0x4141412D,
    0x2D414141, 0x41414132, 0x41414141, 0x41414141, 0x41414141, 0x41414141, 0x41414141, 0x41414141,
    0x41414141, 0x41414141, 0x41414141, 0x41414141, 0x41414141, 0x41414141, 0x2D414141, 0x4141412D,
    0x2D414141, 0x41414132, 0x41414141, 0x41414141, 0x41414141, 0x41414141, 0x41414141, 0x41414141,
    0x41414141, 0x41414141, 0x41414141, 0x41414141, 0x41414141, 0x41414141, 0x2D414141, 0x4141412D,
    0x2D414141, 0x41414132, 0x41414141, 0x41414141, 0x41414141, 0x41414141, 0x41414141, 0x41414141,
    0x41414141, 0x41414141, 0x41414141, 0x41414141, 0x41414141, 0x41414141, 0x2E414141, 0x4141412E,
    0x2D414141, 0x41414132, 0x41414141, 0x41414141, 0x41414141, 0x41414141, 0x41414141, 0x41414141,
    0x41414141, 0x41414141, 0x41414141, 0x41414141, 0x41414141, 0x41414141, 0x2E414141, 0x4141412E,
    0x2E434141, 0x41414132, 0x43434341, 0x41414141, 0x43434141, 0x41414141, 0x41414141, 0x41414141,
    0x41414141, 0x41414141, 0x41414141, 0x41414141, 0x41414141, 0x41414141, 0x2D414141, 0x4141412D,
    0x2D414141, 0x41414132, 0x41414141, 0x41414141, 0x41414141, 0x41414141, 0x41414141, 0x41414141,
    0x41414141, 0x41414141, 0x41414141, 0x41414141, 0x41414141, 0x41414141, 0x2D414141, 0x4141412D,
    0x2D414141, 0x41414132, 0x41414141, 0x41414141, 0x41414141, 0x41414141, 0x41414141, 0x41414141,
    0x41414141, 0x41414141, 0x41414141, 0x41414141, 0x41414141, 0x41414141, 0x2D414141, 0x4141412D,
    0x2D414141, 0x41414132, 0x41414141, 0x41414141, 0x41414141, 0x41414141, 0x41414141, 0x41414141,
    0x41414141, 0x43434141, 0x41414141, 0x41414141, 0x41414141, 0x41414141, 0x2D414141, 0x4141412E,
    0x2D414141, 0x41414132, 0x41414141, 0x41414141, 0x41414141, 0x41414141, 0x41414141, 0x41414141,
    0x43434343, 0x43434343, 0x43434343, 0x43434343, 0x43434141, 0x43434343, 0x2E414141, 0x4343432E,
    0x2E414141, 0x43434332, 0x41414141, 0x43434341, 0x41414141, 0x43434141, 0x41414141, 0x41414141,
    0x43434343, 0x43434343, 0x43434343, 0x41434343, 0x43434343, 0x41414343, 0x2E434343, 0x4141412E,
    0x2E434343, 0x41414132, 0x43434343, 0x41414141, 0x41434343, 0x41414141, 0x41414143, 0x41414141,
    0x41414141, 0x5A414141, 0x41414141, 0x5A414141, 0x41414141, 0x5A414141, 0x2D414141, 0x5A41412D,
    0x2D414141, 0x5A414132, 0x41414141, 0x5A414141, 0x41414141, 0x5A414141, 0x41414141, 0x5A414141,
    0x34323426, 0x34343434, 0x34323226, 0x34343434, 0x34323226, 0x34343434, 0x34323226, 0x34343434,
    0x3C323226, 0x34343437, 0x37323126, 0x34343427, 0x34323126, 0x34343435, 0x2B2B2B26, 0x2B2B2B2B,
    0x32323232, 0x32343432, 0x32323232, 0x32343432, 0x32323232, 0x34343432, 0x32323232, 0x34373432,
    0x32323232, 0x34373434, 0x32323234, 0x34373434, 0x32323234, 0x34373432, 0x2B2B2B2B, 0x2B2B2B2B,
    0x32323232, 0x32343432, 0x31323232, 0x32343232, 0x31313232, 0x32323231, 0x31313232, 0x32323131,
    0x31313232, 0x32323131, 0x31313232, 0x32323131, 0x31313232, 0x32323231, 0x2B2B2B2B, 0x2B2B2B2B,
    0x32313131, 0x32323232, 0x32313131, 0x32313232, 0x31323131, 0x31313131, 0x31323132, 0x31313131,
    0x31323132, 0x31313131, 0x32323132, 0x31313132, 0x32323232, 0x31313232, 0x2B2B2B2B, 0x2B2B2B2B,
    0x34343234, 0x2B323232, 0x34343234, 0x2B323232, 0x32323234, 0x2B323232, 0x32323232, 0x2B323232,
    0x3C343232, 0x2B323237, 0x37343432, 0x2B323227, 0x34343432, 0x2B313232, 0x2B2B2B2B, 0x2B2B2B2B,
    0x3B3B3B3B, 0x3B3B3B3B, 0x3231313B, 0x32343232, 0x3131313B, 0x34343232, 0x3131313B, 0x34343432,
    0x3C31313B, 0x34343437, 0x3731313B, 0x34343227, 0x3131313B, 0x34343232, 0x3232313B, 0x32343232,
    0x3B3B3B3B, 0x3B3B3B3B, 0x32323232, 0x32323231, 0x32323232, 0x32323232, 0x31313132, 0x32323232,
    0x31313132, 0x32323232, 0x31313132, 0x32323232, 0x31313232, 0x32323131, 0x31313232, 0x32323131,
    0x3B3B3B3B, 0x3B3B3B3B, 0x32343434, 0x32323434, 0x32323232, 0x32343434, 0x32323232, 0x32343432,
    0x32313232, 0x32343432, 0x32313232, 0x32343432, 0x32313232, 0x32343432, 0x32323232, 0x32343432,
    0x3B3B3B3B, 0x3B3B3B3B, 0x31323232, 0x31323231, 0x31313231, 0x32323231, 0x31313231, 0x32343232,
    0x31313131, 0x32343232, 0x31313131, 0x32343432, 0x31323231, 0x34343432, 0x32323231, 0x34343432,
    0x3B3B3B3B, 0x263B3B3B, 0x34323232, 0x26323434, 0x32323232, 0x26323232, 0x32323232, 0x26323232,
    0x3C323132, 0x26323237, 0x37323132, 0x26323227, 0x32323132, 0x26323232, 0x32323131, 0x26343232,
    0x4242425A, 0x41414242, 0x4242425A, 0x41424242, 0x4242425A, 0x42424242, 0x2C42425A, 0x4242422C,
    0x2C42425A, 0x42424232, 0x4242425A, 0x42424242, 0x4242425A, 0x42424242, 0x4241415A, 0x42424242,
    0x41414141, 0x41414141, 0x41414141, 0x41414141, 0x41414141, 0x41414141, 0x2C414141, 0x4141412C,
    0x2C414142, 0x41414132, 0x41414242, 0x41414141, 0x41414242, 0x41414141, 0x41414242, 0x41414141,
    0x41414141, 0x41414141, 0x41414141, 0x41414141, 0x41414141, 0x41414141, 0x2C414141, 0x4141412C,
    0x2C414141, 0x41414132, 0x41414141, 0x41414141, 0x41414141, 0x41414141, 0x41414141, 0x41414141,
    0x41414141, 0x41414141, 0x41414141, 0x41414141, 0x41414141, 0x41414141, 0x2D414141, 0x4141412D,
    0x2C414141, 0x41414132, 0x41414141, 0x41414141, 0x41414141, 0x41414141, 0x42414141, 0x41424242,
    0x41414141, 0x41414141, 0x41414141, 0x41414141, 0x41414141, 0x41414141, 0x2D414141, 0x4141412D,
    0x2D414141, 0x41414132, 0x41414141, 0x41414141, 0x41414141, 0x41414141, 0x41414141, 0x41414141,
    0x41414141, 0x41414141, 0x41414141, 0x41414141, 0x41414141, 0x41414141, 0x2D414141, 0x4141412D,
    0x2D414141, 0x41414132, 0x41414141, 0x41414141, 0x41414141, 0x41414141, 0x41414141, 0x41414141,
    0x41414141, 0x41414141, 0x41414141, 0x41414141, 0x41414141, 0x41414141, 0x2D414141, 0x4141412D,
    0x2D414141, 0x41414132, 0x41414141, 0x41414141, 0x41414141, 0x41414141, 0x41414141, 0x41414141,
    0x41414141, 0x41414141, 0x41414141, 0x41414141, 0x41414141, 0x41414141, 0x2D414141, 0x4141412D,
    0x2D414141, 0x41414132, 0x41414141, 0x41414141, 0x41414141, 0x41414141, 0x41414141, 0x41414141,
    0x41414141, 0x41414141, 0x41414141, 0x41414141, 0x41414141, 0x41414141, 0x2D414141, 0x4141412D,
    0x2D414141, 0x41414132, 0x41414141, 0x41414141, 0x41414141, 0x41414141, 0x41414141, 0x41414141,
    0x41414141, 0x41414141, 0x41414141, 0x41414141, 0x41414141, 0x42424242, 0x2C414141, 0x4242422C,
    0x2C424141, 0x42424232, 0x42424241, 0x40404242, 0x42424241, 0x3D3D4040, 0x40424241, 0x3D3D3D40,
    0x41414141, 0x41414141, 0x41414141, 0x41414141, 0x41414242, 0x41414141, 0x2C424242, 0x4141412C,
    0x2C424242, 0x41414132, 0x42424240, 0x41414141, 0x42424040, 0x41414142, 0x42403D3D, 0x41414242,
    0x41414141, 0x41414141, 0x41414141, 0x41414141, 0x41414141, 0x41414141, 0x2D414141, 0x4141412D,
    0x2D414141, 0x41414132, 0x41414141, 0x41414141, 0x41414141, 0x41414141, 0x41414141, 0x41414141,
    0x41414141, 0x41414141, 0x41414141, 0x41414141, 0x41414141, 0x41414141, 0x2D414141, 0x4141412D,
    0x2D414141, 0x41414132, 0x41414141, 0x41414141, 0x41414141, 0x41414141, 0x41414141, 0x41414141,
    0x41414141, 0x41414141, 0x41414141, 0x41414141, 0x41414141, 0x41414141, 0x2D414141, 0x4141412C,
    0x2C414141, 0x41414132, 0x41414141, 0x41414141, 0x41414141, 0x41414141, 0x42414141, 0x42424242,
    0x41414141, 0x41414141, 0x41414141, 0x41414141, 0x41414141, 0x41414141, 0x2C414141, 0x4141412C,
    0x2C414141, 0x41414132, 0x41414141, 0x41414141, 0x41414141, 0x41414141, 0x41414242, 0x41414141,
    0x41414141, 0x41414141, 0x41414141, 0x41414141, 0x41414141, 0x41414141, 0x2C414141, 0x4141412C,
    0x2C414141, 0x41414232, 0x42424141, 0x41424242, 0x42424241, 0x42424242, 0x42424242, 0x42424242,
    0x41414141, 0x41414141, 0x41414141, 0x41414141, 0x41414141, 0x41414141, 0x2D414141, 0x4141412D,
    0x2D414141, 0x41414132, 0x41414141, 0x41414141, 0x41414141, 0x41414141, 0x41414141, 0x41414141,
    0x41414141, 0x41414141, 0x41414141, 0x41414141, 0x41414141, 0x41414141, 0x2D414141, 0x4141412D,
    0x2D414141, 0x41414132, 0x41414141, 0x41414141, 0x41414141, 0x41414141, 0x41414141, 0x41414141,
    0x41414141, 0x41414141, 0x41414141, 0x41414141, 0x41414141, 0x41414141, 0x2E414141, 0x4141412D,
    0x2E414141, 0x41414132, 0x41414141, 0x41414141, 0x41414141, 0x41414141, 0x41414141, 0x41414141,
    0x41414141, 0x5A414141, 0x41414141, 0x5A414141, 0x41414141, 0x5A414141, 0x2C414141, 0x5A42412C,
    0x2C414141, 0x5A424232, 0x41414141, 0x5A424241, 0x41414141, 0x5A424241, 0x41414141, 0x5A424241,
    0x3B3B3B26, 0x3B3B3B3B, 0x34323126, 0x34343435, 0x34323126, 0x35343434, 0x34323126, 0x35343434,
    0x3C323126, 0x37343437, 0x37323126, 0x35343427, 0x32323126, 0x34343434, 0x34323126, 0x34323234,
    0x3B3B3B3B, 0x3B3B3B3B, 0x32313234, 0x32343232, 0x32313232, 0x32323232, 0x32323232, 0x31313232,
    0x32323132, 0x31313232, 0x31313132, 0x31313232, 0x31313132, 0x31313131, 0x31313132, 0x31313131,
    0x3B3B3B3B, 0x3B3B3B3B, 0x32323231, 0x32323232, 0x32323231, 0x32323232, 0x32323131, 0x32323232,
    0x32323131, 0x32323232, 0x34323131, 0x32323234, 0x34323131, 0x32323434, 0x34323131, 0x32343434,
    0x3B3B3B3B, 0x3B3B3B3B, 0x32323232, 0x32323232, 0x32323232, 0x31313132, 0x32323232, 0x31313132,
    0x32323232, 0x31313132, 0x32323232, 0x31313132, 0x32323232, 0x31313131, 0x31313232, 0x31313131,
    0x3B3B3B3B, 0x2B3B3B3B, 0x34343432, 0x2B313232, 0x32343432, 0x2B313132, 0x32323232, 0x2B323132,
    0x3C323232, 0x2B323137, 0x37323232, 0x2B323127, 0x32323232, 0x2B323132, 0x32343232, 0x2B323232,
    0x3232313B, 0x32353232, 0x3232313B, 0x32353432, 0x3432313B, 0x34373432, 0x3432313B, 0x34373434,
    0x3534323B, 0x34373434, 0x3734323B, 0x35373434, 0x3734323B, 0x34373434, 0x3734323B, 0x34353434,
    0x31313232, 0x32323131, 0x31313232, 0x32323132, 0x32313232, 0x32323232, 0x32323232, 0x32323232,
    0x32323232, 0x32323234, 0x34323234, 0x32323234, 0x34323234, 0x32323234, 0x34323234, 0x32323234,
    0x32323232, 0x32343432, 0x32323232, 0x32343232, 0x32323232, 0x32343232, 0x32323232, 0x32323232,
    0x34343232, 0x32323132, 0x34343432, 0x34323132, 0x34343432, 0x34313132, 0x34353432, 0x34323132,
    0x32323231, 0x34343432, 0x32323232, 0x34343232, 0x32323432, 0x34343232, 0x32323432, 0x34343432,
    0x31323434, 0x34343432, 0x31323434, 0x34343432, 0x31323435, 0x34343432, 0x31323435, 0x34343232,
    0x32323131, 0x26343232, 0x32323131, 0x26343232, 0x32323132, 0x26343232, 0x32323132, 0x26343234,
    0x34323232, 0x26343434, 0x34323232, 0x26343434, 0x34323232, 0x26343434, 0x34323232, 0x26343434,
    0x4141415A, 0x42424141, 0x4141415A, 0x41414141, 0x4141415A, 0x41414141, 0x2C41415A, 0x4141412C,
    0x2C41415A, 0x41414132, 0x4141415A, 0x41414141, 0x4141415A, 0x41414141, 0x4141415A, 0x41414141,
    0x41414242, 0x41414141, 0x41414141, 0x41414141, 0x41414141, 0x41414141, 0x2C414141, 0x4141412C,
    0x2C414141, 0x41414132, 0x41414141, 0x41414141, 0x41414141, 0x41414141, 0x41414141, 0x41414141,
    0x41414141, 0x41414141, 0x41414141, 0x41414141, 0x41414141, 0x41414141, 0x2C414141, 0x4141412C,
    0x2C414141, 0x41414132, 0x41414141, 0x41414141, 0x41414141, 0x41414141, 0x41414141, 0x41414141,
    0x42424141, 0x42424242, 0x42424141, 0x42424242, 0x42414141, 0x42424242, 0x2C414141, 0x4141412C,
    0x2C414141, 0x41414132, 0x41414141, 0x41414141, 0x41414141, 0x41414141, 0x41414141, 0x41414141,
    0x41414141, 0x41414141, 0x41414141, 0x41414141, 0x41414141, 0x41414141, 0x2C414141, 0x4141412C,
    0x2C414141, 0x41414132, 0x41414141, 0x41414141, 0x41414141, 0x41414141, 0x41414141, 0x41414141,
    0x41414141, 0x41414141, 0x41414141, 0x41414141, 0x41414141, 0x41414141, 0x2C414141, 0x4141412C,
    0x2C414141, 0x41414132, 0x41414141, 0x41414141, 0x41414141, 0x41414141, 0x41414141, 0x41414141,
    0x41414141, 0x41414141, 0x41414141, 0x41414141, 0x41414141, 0x41414141, 0x2C414141, 0x4141412C,
    0x2C414141, 0x41414132, 0x41414141, 0x41414141, 0x41414141, 0x41414141, 0x41414141, 0x41414141,
    0x41414141, 0x41414141, 0x41414141, 0x41414141, 0x41414141, 0x41414141, 0x2D414141, 0x4141412D,
    0x2D414141, 0x41414132, 0x41414141, 0x41414141, 0x41414141, 0x41414141, 0x41414141, 0x42414141,
    0x41414141, 0x41414141, 0x41414141, 0x41414141, 0x41414141, 0x42414141, 0x2C414141, 0x4242412C,
    0x2C414141, 0x42424232, 0x42414141, 0x40424242, 0x42424241, 0x3D404242, 0x42424242, 0x3D3D4040,
    0x40424242, 0x3D3D3D3D, 0x3D404242, 0x3D3D3D3D, 0x3D404242, 0x3D3D3D3D, 0x2C3D4042, 0x3D3D3D2C,
    0x2C3D3D40, 0x3D3D3D32, 0x3D3D3D3D, 0x3D3D3D3D, 0x3D3D3D3D, 0x3D3D3D3D, 0x3D3D3D3D, 0x3D3D3D3D,
    0x42403D3D, 0x41414242, 0x403D3D3D, 0x42424242, 0x3D3D3D3D, 0x42424240, 0x2C3D3D3D, 0x4240402C,
    0x2C3D3D3D, 0x3D3D3D32, 0x3D3D3D3D, 0x3D3D3D3D, 0x3D3D3D3D, 0x3D3D3D3D, 0x3D3D3D3D, 0x3D3D3D3D,
    0x41414141, 0x41414141, 0x41414141, 0x41414141, 0x42424242, 0x42424242, 0x2C424242, 0x4242422C,
    0x2C404040, 0x40404032, 0x3D3D3D3D, 0x3D3D3D3D, 0x3D3D3D3D, 0x3D3D3D3D, 0x3D3D3D3D, 0x3D3D3D3D,
    0x41414141, 0x41414141, 0x41414141, 0x42424141, 0x42424242, 0x42424242, 0x2C424242, 0x4042422C,
    0x2C404040, 0x3D3D4032, 0x3D3D3D3D, 0x3D3D3D3D, 0x3D3D3D3D, 0x3D3D3D3D, 0x3D3D3D3D, 0x3D3D3D3D,
    0x42424242, 0x42424242, 0x42424242, 0x42424242, 0x40404242, 0x40404040, 0x2C3D3D40, 0x403D3D2C,
    0x2C3D3D3D, 0x3D3D3D32, 0x3D3D3D3D, 0x3D3D3D3D, 0x3D3D3D3D, 0x3D3D3D3D, 0x3D3D3D3D, 0x3D3D3D3D,
    0x42424242, 0x42424242, 0x42424242, 0x42424242, 0x42424242, 0x42424242, 0x2C404040, 0x4242422C,
    0x2C3D3D3D, 0x40404032, 0x3D3D3D3D, 0x3D3D3D3D, 0x3D3D3D3D, 0x3D3D3D3D, 0x3D3D3D3D, 0x3D3D3D3D,
    0x42424242, 0x42424242, 0x42424242, 0x42424242, 0x42424242, 0x42424242, 0x2C404042, 0x4242402C,
    0x2C404040, 0x42404032, 0x3D3D3D3D, 0x4240403D, 0x3D3D3D3D, 0x42403D3D, 0x3D3D3D3D, 0x42403D3D,
    0x41414142, 0x41414141, 0x41414242, 0x41414141, 0x41414242, 0x41414141, 0x2C424242, 0x4141412C,
    0x2C424242, 0x41414132, 0x41424242, 0x41414141, 0x42424242, 0x41414141, 0x42424242, 0x41414141,
    0x41414141, 0x41414141, 0x41414141, 0x41414141, 0x41414141, 0x41414141, 0x2D414141, 0x4141412D,
    0x2D414141, 0x41414132, 0x41414141, 0x41414141, 0x41414141, 0x41414141, 0x41414141, 0x41414141,
    0x41414141, 0x41414141, 0x41414141, 0x41414141, 0x41414141, 0x41414141, 0x2D414141, 0x4141412D,
    0x2D414141, 0x41414132, 0x41414141, 0x41414141, 0x41414141, 0x41414141, 0x41414141, 0x41414141,
    0x41414141, 0x5A424241, 0x41414141, 0x5A424141, 0x41414141, 0x5A414141, 0x2C414141, 0x5A41412C,
    0x2C414141, 0x5A414132, 0x41414141, 0x5A414141, 0x41414141, 0x5A414141, 0x41414141, 0x5A414141,
    0x34323226, 0x32323234, 0x34323226, 0x32323234, 0x34323226, 0x31323234, 0x32323226, 0x31313232,
    0x32323226, 0x31313232, 0x32323426, 0x31313232, 0x32323426, 0x31313232, 0x32323226, 0x31313232,
    0x31313232, 0x31323131, 0x32313232, 0x32323131, 0x32323232, 0x32323232, 0x32323232, 0x32323232,
    0x32323231, 0x32343232, 0x32323231, 0x32343432, 0x32323231, 0x32343434, 0x32323231, 0x32343434,
    0x34323131, 0x32343434, 0x34323131, 0x32323434, 0x32323132, 0x32323234, 0x32313132, 0x31323232,
    0x31313131, 0x31313232, 0x31313132, 0x31313132, 0x31313132, 0x31313131, 0x31313132, 0x31313131,
    0x31313232, 0x32313131, 0x31313232, 0x32313131, 0x31313232, 0x32323131, 0x31313131, 0x32323131,
    0x31313131, 0x32323131, 0x31313131, 0x32323131, 0x31313131, 0x32323232, 0x32313131, 0x32323232,
    0x32343432, 0x2B323232, 0x32323232, 0x2B323232, 0x32323232, 0x2B323232, 0x32323232, 0x2B323232,
    0x31313232, 0x2B323432, 0x31313232, 0x2B323432, 0x31313132, 0x2B323432, 0x31313132, 0x2B323432,
    0x3434323B, 0x34343434, 0x3434323B, 0x32343434, 0x3434323B, 0x32343432, 0x3234323B, 0x32343232,
    0x3232323B, 0x34323232, 0x3232323B, 0x34323232, 0x3132323B, 0x34323232, 0x3132323B, 0x32323232,
    0x34343432, 0x32323234, 0x34343432, 0x32323232, 0x32343432, 0x32323232, 0x32323432, 0x34323232,
    0x32323232, 0x34323232, 0x32323232, 0x34343232, 0x32323232, 0x34343232, 0x32323232, 0x34343232,
    0x32353432, 0x34323232, 0x32353434, 0x34323232, 0x32343434, 0x34323232, 0x32343434, 0x34323232,
    0x32323434, 0x34323232, 0x32323234, 0x34323232, 0x31323234, 0x34323232, 0x31313234, 0x34323232,
    0x31323435, 0x34323232, 0x31323435, 0x32323232, 0x31323435, 0x32323232, 0x32323435, 0x32323232,
    0x32323435, 0x32313232, 0x32323237, 0x31313132, 0x32323237, 0x31313132, 0x32323237, 0x31313132,
    0x34323232, 0x26343434, 0x34323232, 0x26323434, 0x34323232, 0x26323434, 0x34323232, 0x26323234,
    0x34343232, 0x26323234, 0x34343432, 0x26323234, 0x34343432, 0x26323234, 0x34343432, 0x26323234,
    0x4141415A, 0x41414141, 0x4141415A, 0x41414141, 0x4141415A, 0x42414141, 0x2C41415A, 0x4241412C,
    0x2C41415A, 0x42424132, 0x4141415A, 0x42424241, 0x4242415A, 0x42424242, 0x4242425A, 0x42424242,
    0x42424241, 0x41414242, 0x42424242, 0x42424242, 0x42424242, 0x42424242, 0x2C424242, 0x4242422C,
    0x2C424242, 0x42424232, 0x42424242, 0x42424242, 0x42424242, 0x42424242, 0x42424242, 0x42424242,
    0x41414141, 0x41414141, 0x41414242, 0x41414141, 0x42424242, 0x41414242, 0x2C424242, 0x4141422C,
    0x2C424242, 0x42424232, 0x42424242, 0x42424242, 0x42424242, 0x42424242, 0x42424242, 0x42424242,
    0x41414141, 0x41414141, 0x41414141, 0x41414141, 0x41414141, 0x41414141, 0x2D414141, 0x4141412D,
    0x2C414141, 0x41414132, 0x41414142, 0x41414141, 0x42424242, 0x42414141, 0x42424242, 0x42424242,
    0x41414141, 0x42424241, 0x41414141, 0x42424242, 0x41414141, 0x42424242, 0x2C414141, 0x4242422C,
    0x2C424141, 0x42424232, 0x42424241, 0x42424242, 0x42424242, 0x40404042, 0x40424242, 0x40404040,
    0x41414142, 0x41414141, 0x41414242, 0x41414141, 0x41424242, 0x41414141, 0x2C424242, 0x4141412C,
    0x2C424242, 0x41414132, 0x42424242, 0x41414142, 0x42424240, 0x41414242, 0x42424040, 0x41424242,
    0x41414141, 0x41414141, 0x41414141, 0x41414141, 0x41414141, 0x41414141, 0x2C414141, 0x4241412C,
    0x2C414141, 0x42424132, 0x41414141, 0x42424141, 0x41414141, 0x42424241, 0x41414141, 0x40424242,
    0x42424241, 0x42424242, 0x42424242, 0x42424242, 0x42424242, 0x42424242, 0x2C424242, 0x4242422C,
    0x2C424242, 0x42424232, 0x40404242, 0x40404040, 0x40404040, 0x40404040, 0x3D3D3D40, 0x3D3D3D3D,
    0x40424242, 0x3D3D3D3D, 0x3D404242, 0x3D3D3D3D, 0x3D404042, 0x3D3D3D3D, 0x2C3D4040, 0x3D3D3D2C,
    0x2C3D4040, 0x3D3D3D32, 0x3D3D4040, 0x3D3D3D3D, 0x3D3D3D40, 0x3D3D3D3D, 0x3D3D3D3D, 0x3D3D3D3D,
    0x3D3D3D3D, 0x3D3D3D3D, 0x3D3D3D3D, 0x3D3D3D3D, 0x3D3D3D3D, 0x3D3D3D3D, 0x2C3D3D3D, 0x3D3D3D2C,
    0x2C3D3D3D, 0x3D3D3D31, 0x3D3D3D3D, 0x3D3D3D3D, 0x3D3D3D3D, 0x3D3D3D3D, 0x3D3D3D3D, 0x3D3D3D3D,
    0x3D3D3D3D, 0x3D3D3D3D, 0x3D3D3D3D, 0x3D3D3D3D, 0x3D3D3D3D, 0x3D3D3D3D, 0x2C3D3D3D, 0x3D3D3D2C,
    0x2C3D3D3D, 0x3D3D3D31, 0x3D3D3D3D, 0x3D3D3D3D, 0x3D3D3D3D, 0x3D3D3D3D, 0x3D3D3D3D, 0x3D3D3D3D,
    0x3D3D3D3D, 0x3D3D3D3D, 0x3D3D3D3D, 0x3D3D3D3D, 0x3D3D3D3D, 0x3D3D3D3D, 0x2C3D3D3D, 0x3D3D3D2C,
    0x2C3D3D3D, 0x3D3D3D31, 0x3D3D3D3D, 0x3D3D3D3D, 0x3D3D3D3D, 0x3D3D3D3D, 0x3D3D3D3D, 0x3D3D3D3D,
    0x3D3D3D3D, 0x3D3D3D3D, 0x3D3D3D3D, 0x3D3D3D3D, 0x3D3D3D3D, 0x3D3D3D3D, 0x2C3D3D3D, 0x3D3D3D2C,
    0x2C3D3D3D, 0x3D3D3D31, 0x3D3D3D3D, 0x3D3D3D3D, 0x3D3D3D3D, 0x3D3D3D3D, 0x3D3D3D3D, 0x3D3D3D3D,
    0x3D3D3D3D, 0x3D3D3D3D, 0x3D3D3D3D, 0x3D3D3D3D, 0x3D3D3D3D, 0x3D3D3D3D, 0x2C3D3D3D, 0x3D3D3D2C,
    0x2C3D3D3D, 0x3D3D3D31, 0x3D3D3D3D, 0x3D3D3D3D, 0x3D3D3D3D, 0x3D3D3D3D, 0x3D3D3D3D, 0x3D3D3D3D,
    0x3D3D3D3D, 0x3D3D3D3D, 0x3D3D3D3D, 0x3D3D3D3D, 0x3D3D3D3D, 0x3D3D3D3D, 0x2C3D3D3D, 0x3D3D3D2C,
    0x2C3D3D3D, 0x3D3D3D31, 0x3D3D3D3D, 0x3D3D3D3D, 0x3D3D3D3D, 0x3D3D3D3D, 0x3D3D3D3D, 0x3D3D3D3D,
    0x3D3D3D3D, 0x40403D3D, 0x3D3D3D3D, 0x403D3D3D, 0x3D3D3D3D, 0x3D3D3D3D, 0x2C3D3D3D, 0x3D3D3D2C,
    0x2C3D3D3D, 0x3D3D3D32, 0x3D3D3D3D, 0x3D3D3D3D, 0x3D3D3D3D, 0x3D3D3D3D, 0x3D3D3D3D, 0x3D3D3D3D,
    0x42424242, 0x41414142, 0x42424242, 0x41414242, 0x42424240, 0x42424242, 0x2C424040, 0x4242422C,
    0x2C403D3D, 0x42424232, 0x403D3D3D, 0x42424242, 0x3D3D3D3D, 0x42424040, 0x3D3D3D3D, 0x4242403D,
    0x41414141, 0x41414141, 0x41414141, 0x41414141, 0x41414141, 0x41414141, 0x2C414142, 0x4141412C,
    0x2C414242, 0x41414132, 0x41424242, 0x41414141, 0x42424242, 0x41414141, 0x42424242, 0x41414142,
    0x41414141, 0x41414141, 0x41414141, 0x41414141, 0x41414141, 0x41414141, 0x2C414141, 0x4141412C,
    0x2C414141, 0x41414132, 0x41414141, 0x41414141, 0x41414141, 0x41414141, 0x41414141, 0x42414141,
    0x41414141, 0x5A414141, 0x41414141, 0x5A414141, 0x41414141, 0x5A414141, 0x2C414141, 0x5A41412C,
    0x2C414141, 0x5A414132, 0x41414141, 0x5A414141, 0x42424241, 0x5A424242, 0x42424242, 0x5A404242,
    0x32323226, 0x31313232, 0x32323226, 0x31313232, 0x32323226, 0x31313232, 0x32343226, 0x31313232,
    0x32343426, 0x31313232, 0x34343426, 0x31313232, 0x34343426, 0x31313232, 0x34343426, 0x31313232,
    0x32323231, 0x32323434, 0x32323231, 0x32323434, 0x32323231, 0x32323434, 0x34323231, 0x32323434,
    0x34323231, 0x34343434, 0x34323231, 0x34343434, 0x34323232, 0x34343434, 0x34323232, 0x34343434,
    0x31313132, 0x31313131, 0x31313232, 0x31313131, 0x32323232, 0x31313131, 0x32323232, 0x31313131,
    0x32323434, 0x31313131, 0x32323434, 0x31313132, 0x32323535, 0x31313132, 0x32343535, 0x31313132,
    0x32313131, 0x32323232, 0x32313231, 0x32323232, 0x32323231, 0x32323232, 0x32323231, 0x32323232,
    0x32323131, 0x31323432, 0x32323131, 0x31323432, 0x32323131, 0x31323434, 0x34323231, 0x31323434,
    0x32313132, 0x2B323432, 0x32313131, 0x2B323232, 0x32313131, 0x2B323232, 0x32313131, 0x2B323232,
    0x32323131, 0x2B313232, 0x32323231, 0x2B313232, 0x32323231, 0x2B313232, 0x32323231, 0x2B313132,
    0x3232323B, 0x32323232, 0x3232323B, 0x32323232, 0x3232323B, 0x32343231, 0x3232323B, 0x32343231,
    0x3232323B, 0x32323232, 0x3132323B, 0x32323232, 0x3132323B, 0x32323232, 0x3132323B, 0x32323232,
    0x32323232, 0x34343232, 0x32323232, 0x34343232, 0x32323232, 0x34343232, 0x32323232, 0x32323232,
    0x32323232, 0x32323232, 0x32323432, 0x32323232, 0x32323432, 0x32323232, 0x32343434, 0x32323432,
    0x31313234, 0x34323232, 0x31313234, 0x34323232, 0x32313234, 0x34323432, 0x32313234, 0x34323432,
    0x32323232, 0x32323432, 0x32323232, 0x32343434, 0x32343232, 0x32343434, 0x32343432, 0x32343434,
    0x32323435, 0x31313132, 0x32323435, 0x31313132, 0x32323434, 0x31313232, 0x32323434, 0x31323232,
    0x32323232, 0x32323232, 0x32323232, 0x32323232, 0x34323131, 0x34343432, 0x34323131, 0x34343432,
    0x34343232, 0x26323234, 0x34323232, 0x26323234, 0x34323232, 0x26323234, 0x32323232, 0x26323234,
    0x32323232, 0x26323232, 0x32323232, 0x26313232, 0x32323232, 0x26313232, 0x32323232, 0x26313132,
    0x4242425A, 0x42424242, 0x4242425A, 0x42424242, 0x4240405A, 0x42424242, 0x2C3D3D5A, 0x4240402C,
    0x2C3D3D5A, 0x3D3D3D32, 0x3D3D3D5A, 0x3D3D3D3D, 0x3F3F2424, 0x24243F3F, 0x3F3F3F24, 0x2424243F,
    0x42424242, 0x42424242, 0x42424242, 0x40404242, 0x42424242, 0x40404042, 0x2C424242, 0x3D3D402C,
    0x2C404040, 0x3D3D3D32, 0x3D3D3D3D, 0x3D3D3D3D, 0x3F3F2424, 0x24243F3F, 0x3F3F3F24, 0x2424243F,
    0x40404040, 0x40404040, 0x3D3D4040, 0x3D3D3D3D, 0x3D3D3D3D, 0x3D3D3D3D, 0x2C3D3D3D, 0x3D3D3D2C,
    0x2C3D3D3D, 0x3D3D3D32, 0x3D3D3D3D, 0x3D3D3D3D, 0x3F3F2424, 0x24243F3F, 0x3F3F3F24, 0x2424243F,
    0x42424240, 0x42424242, 0x40403D3D, 0x3D404040, 0x3D3D3D3D, 0x3D3D3D3D, 0x2C3D3D3D, 0x3D3D3D2C,
    0x2C3D3D3D, 0x3D3D3D32, 0x3D3D3D3D, 0x3D3D3D3D, 0x3F3F2424, 0x24243F3F, 0x3F3F3F24, 0x2424243F,
    0x40404040, 0x3D3D3D3D, 0x3D3D3D3D, 0x3D3D3D3D, 0x3D3D3D3D, 0x3D3D3D3D, 0x2C3D3D3D, 0x3D3D3D2C,
    0x2C3D3D3D, 0x3D3D3D32, 0x3D3D3D3D, 0x3D3D3D3D, 0x3F3F2424, 0x24243F3F, 0x3F3F3F24, 0x2424243F,
    0x4240403D, 0x42424242, 0x403D3D3D, 0x42424242, 0x3D3D3D3D, 0x42424040, 0x2C3D3D3D, 0x4240402C,
    0x2C3D3D3D, 0x403D3D32, 0x3D3D3D3D, 0x3D3D3D3D, 0x3F3F2424, 0x24243F3F, 0x3F3F3F24, 0x2424243F,
    0x42414141, 0x40424242, 0x42424242, 0x3D404242, 0x42424242, 0x3D3D4042, 0x2C424242, 0x3D3D3D2C,
    0x2C404040, 0x3D3D3D32, 0x3D3D3D3D, 0x3D3D3D3D, 0x3F3F2424, 0x24243F3F, 0x3F3F3F24, 0x2424243F,
    0x3D3D3D3D, 0x3D3D3D3D, 0x3D3D3D3D, 0x3D3D3D3D, 0x3D3D3D3D, 0x3D3D3D3D, 0x2C3D3D3D, 0x3D3D3D2C,
    0x2C3D3D3D, 0x3D3D3D31, 0x3D3D3D3D, 0x3D3D3D3D, 0x3F3F2424, 0x24243F3F, 0x3F3F3F24, 0x2424243F,
    0x3D3D3D3D, 0x3D3D3D3D, 0x3D3D3D3D, 0x3D3D3D3D, 0x3D3D3D3D, 0x3D3D3D3D, 0x2C3D3D3D, 0x3D3D3D2C,
    0x2C3D3D3D, 0x3D3D3D32, 0x3D3D3D3D, 0x3D3D3D3D, 0x3F3F2424, 0x24243F3F, 0x3F3F3F24, 0x2424243F,
    0x3D3D3D3D, 0x3D3D3D3D, 0x3D3D3D3D, 0x3D3D3D3D, 0x3D3D3D3D, 0x3D3D3D3D, 0x2C3D3D3D, 0x3D3D3D2C,
    0x2C3D3D3D, 0x3D3D3D31, 0x3D3D3D3D, 0x3D3D3D3D, 0x3F3F2424, 0x24243F3F, 0x3F3F3F24, 0x2424243F,
    0x3D3D3D3D, 0x3D3D3D3D, 0x3D3D3D3D, 0x3D3D3D3D, 0x3D3D3D3D, 0x3D3D3D3D, 0x2C3D3D3D, 0x3D3D3D2C,
    0x2C3D3D3D, 0x3D3D3D31, 0x3D3D3D3D, 0x3D3D3D3D, 0x3F3F2424, 0x24243F3F, 0x3F3F3F24, 0x2424243F,
    0x3D3D3D3D, 0x3D3D3D3D, 0x3D3D3D3D, 0x3D3D3D3D, 0x3D3D3D3D, 0x3D3D3D3D, 0x2C3D3D3D, 0x3D3D3D2C,
    0x2C3D3D3D, 0x3D3D3D31, 0x3D3D3D3D, 0x3D3D3D3D, 0x3F3F2424, 0x24243F3F, 0x3F3F3F24, 0x2424243F,
    0x3D3D3D3D, 0x3D3D3D3D, 0x3D3D3D3D, 0x3D3D3D3D, 0x3D3D3D3D, 0x3D3D3D3D, 0x2C3D3D3D, 0x3D3D3D2C,
    0x2C3D3D3D, 0x3D3D3D31, 0x3D3D3D3D, 0x3D3D3D3D, 0x3F3F2424, 0x24243F3F, 0x3F3F3F24, 0x2424243F,
    0x3D3D3D3D, 0x3D3D3D3D, 0x3D3D3D3D, 0x3D3D3D3D, 0x3D3D3D3D, 0x3D3D3D3D, 0x2C3D3D3D, 0x3D3D3D2C,
    0x2C3D3D3D, 0x3D3D3D31, 0x3D3D3D3D, 0x3D3D3D3D, 0x3F3F2424, 0x24243F3F, 0x3F3F3F24, 0x2424243F,
    0x3D3D3D3D, 0x3D3D3D3D, 0x3D3D3D3D, 0x3D3D3D3D, 0x3D3D3D3D, 0x3D3D3D3D, 0x2C3D3D3D, 0x3D3D3D2C,
    0x2C3D3D3D, 0x3D3D3D31, 0x3D3D3D3D, 0x3D3D3D3D, 0x3F3F2424, 0x24243F3F, 0x3F3F3F24, 0x2424243F,
    0x3D3D3D3D, 0x3D3D3D3D, 0x3D3D3D3D, 0x3D3D3D3D, 0x3D3D3D3D, 0x3D3D3D3D, 0x2C3D3D3D, 0x3D3D3D2C,
    0x2C3D3D3D, 0x3D3D3D31, 0x3D3D3D3D, 0x3D3D3D3D, 0x3F3F2424, 0x24243F3F, 0x3F3F3F24, 0x2424243F,
    0x3D3D3D3D, 0x42403D3D, 0x3D3D3D3D, 0x403D3D3D, 0x3D3D3D3D, 0x3D3D3D3D, 0x2C3D3D3D, 0x3D3D3D2C,
    0x2C3D3D3D, 0x3D3D3D31, 0x3D3D3D3D, 0x3D3D3D3D, 0x3F3F2424, 0x24243F3F, 0x3F3F3F24, 0x2424243F,
    0x42424242, 0x41414242, 0x42424240, 0x42424242, 0x42404040, 0x42424242, 0x2C3D3D3D, 0x4242422C,
    0x2C3D3D3D, 0x40403D32, 0x3D3D3D3D, 0x3D3D3D3D, 0x3F3F2424, 0x24243F3F, 0x3F3F3F24, 0x2424243F,
    0x41414141, 0x42424241, 0x41414142, 0x42424242, 0x42424242, 0x40424242, 0x2C424242, 0x3D40422C,
    0x2C424040, 0x3D3D3D32, 0x3D3D3D3D, 0x3D3D3D3D, 0x3F3F2424, 0x24243F3F, 0x3F3F3F24, 0x2424243F,
    0x40404242, 0x5A3D3D3D, 0x3D3D3D40, 0x5A3D3D3D, 0x3D3D3D3D, 0x5A3D3D3D, 0x2C3D3D3D, 0x5A3D3D2C,
    0x2C3D3D3D, 0x5A3D3D31, 0x3D3D3D3D, 0x5A3D3D3D, 0x3F3F2424, 0x24243F3F, 0x3F3F3F24, 0x2424243F,
    0x34343426, 0x31313232, 0x34353426, 0x31313232, 0x34353426, 0x31313232, 0x34343426, 0x31313232,
    0x34343426, 0x31313232, 0x32343426, 0x31323232, 0x32343426, 0x32323231, 0x32343426, 0x32323231,
    0x34323231, 0x34343434, 0x34343231, 0x34343434, 0x34343231, 0x34343434, 0x32343231, 0x34343232,
    0x32343232, 0x34323232, 0x32323232, 0x34323232, 0x32323232, 0x34323232, 0x32323232, 0x34313232,
    0x32343434, 0x31313132, 0x32343434, 0x31313131, 0x34343434, 0x31323231, 0x34343434, 0x31323232,
    0x34343434, 0x31323232, 0x34343435, 0x32323234, 0x34343437, 0x32323434, 0x34343437, 0x32343435,
    0x34323232, 0x32323434, 0x34323232, 0x32323434, 0x34323232, 0x32343435, 0x34323232, 0x32343435,
    0x34323232, 0x32343434, 0x34323232, 0x32323434, 0x34323232, 0x32323434, 0x34323232, 0x32323434,
    0x32323131, 0x2B313132, 0x31313131, 0x2B313132, 0x31313131, 0x2B313232, 0x31323231, 0x2B313232,
    0x32323232, 0x2B323232, 0x32323232, 0x2B323232, 0x34343232, 0x2B323434, 0x34343432, 0x2B343434,
    0x3132323B, 0x32323232, 0x3131323B, 0x32323232, 0x3131323B, 0x34343231, 0x3131323B, 0x34343231,
    0x3C31323B, 0x34323237, 0x3731323B, 0x32323227, 0x3131323B, 0x32313231, 0x2B2B2B2B, 0x2B2B2B2B,
    0x34343534, 0x31323434, 0x34343734, 0x31323434, 0x34353735, 0x31323434, 0x34353734, 0x31323432,
    0x34343534, 0x31323432, 0x34343434, 0x32323434, 0x34323232, 0x32343434, 0x2B2B2B2B, 0x2B2B2B2B,
    0x34343432, 0x31343434, 0x34343232, 0x31343434, 0x34343231, 0x31343434, 0x34323232, 0x31323434,
    0x34323232, 0x31323434, 0x32323232, 0x31323232, 0x32323232, 0x31323232, 0x2B2B2B2B, 0x2B2B2B2B,
    0x34323131, 0x34343434, 0x34323231, 0x34343432, 0x32323231, 0x34343432, 0x32323231, 0x34343432,
    0x32323231, 0x32343432, 0x32323231, 0x32323232, 0x32323131, 0x32323234, 0x2B2B2B2B, 0x2B2B2B2B,
    0x31323232, 0x26313131, 0x31323232, 0x26313231, 0x31313232, 0x26313231, 0x31313232, 0x26313231,
    0x3C313132, 0x26313237, 0x37313132, 0x26313227, 0x31313131, 0x26313231, 0x2B2B2B2B, 0x262B2B2B,
    0x55552A2A, 0x55555555, 0x29295050, 0x29292929, 0x28284F4F, 0x28282828, 0x25254D4D, 0x25252525,
    0x23232323, 0x23232323, 0x22222222, 0x22222222, 0x21212121, 0x21212121, 0x20202020, 0x20202020,
    0x2A2A2A2A, 0x2A2A2A2A, 0x29292929, 0x50502929, 0x28282828, 0x4F4F2828, 0x25252525, 0x4D4D2525,
    0x4A4A4A4A, 0x23234A4A, 0x49494949, 0x22224949, 0x21212121, 0x21212121, 0x20202020, 0x20202020,
    0x2A2A2A2A, 0x55555555, 0x50505050, 0x29292929, 0x4F4F4F4F, 0x28282828, 0x4D4D4D4D, 0x25252525,
    0x23232323, 0x23232323, 0x22222222, 0x22222222, 0x21212121, 0x21212121, 0x20202020, 0x20202020,
    0x2A2A5555, 0x2A2A2A2A, 0x29292929, 0x29292929, 0x28282828, 0x28282828, 0x25252525, 0x25252525,
    0x4A4A2323, 0x4A4A4A4A, 0x49492222, 0x49494949, 0x21212121, 0x21212121, 0x20202020, 0x20202020,
    0x2A2A2A2A, 0x55552A2A, 0x50505050, 0x29295050, 0x4F4F4F4F, 0x28284F4F, 0x4D4D4D4D, 0x25254D4D,
    0x23232323, 0x23232323, 0x22222222, 0x22222222, 0x21212121, 0x21212121, 0x20202020, 0x20202020,
    0x55555555, 0x2A2A2A2A, 0x29292929, 0x29292929, 0x28282828, 0x28282828, 0x25252525, 0x25252525,
    0x23232323, 0x4A4A4A4A, 0x22222222, 0x49494949, 0x21212121, 0x21212121, 0x20202020, 0x20202020,
    0x2A2A2A2A, 0x2A2A2A2A, 0x50502929, 0x50505050, 0x4F4F2828, 0x4F4F4F4F, 0x4D4D2525, 0x4D4D4D4D,
    0x23234A4A, 0x23232323, 0x22224949, 0x22222222, 0x21212121, 0x21212121, 0x20202020, 0x20202020,
    0x55555555, 0x2A2A5555, 0x29292929, 0x29292929, 0x28282828, 0x28282828, 0x25252525, 0x25252525,
    0x23232323, 0x4A4A2323, 0x22222222, 0x49492222, 0x21212121, 0x21212121, 0x20202020, 0x20202020,
    0x2A2A2A2A, 0x2A2A2A2A, 0x29292929, 0x50505050, 0x28282828, 0x4F4F4F4F, 0x25252525, 0x4D4D4D4D,
    0x4A4A4A4A, 0x23232323, 0x49494949, 0x22222222, 0x21212121, 0x21212121, 0x20202020, 0x20202020,
    0x55552A2A, 0x55555555, 0x29295050, 0x29292929, 0x28284F4F, 0x28282828, 0x25254D4D, 0x25252525,
    0x23232323, 0x23232323, 0x22222222, 0x22222222, 0x21212121, 0x21212121, 0x20202020, 0x20202020,
    0x2A2A2A2A, 0x2A2A2A2A, 0x29292929, 0x50502929, 0x28282828, 0x4F4F2828, 0x25252525, 0x4D4D2525,
    0x4A4A4A4A, 0x23234A4A, 0x49494949, 0x22224949, 0x21212121, 0x21212121, 0x20202020, 0x20202020,
    0x2A2A2A2A, 0x55555555, 0x50505050, 0x29292929, 0x4F4F4F4F, 0x28282828, 0x4D4D4D4D, 0x25252525,
    0x23232323, 0x23232323, 0x22222222, 0x22222222, 0x21212121, 0x21212121, 0x20202020, 0x20202020,
    0x2A2A5555, 0x2A2A2A2A, 0x29292929, 0x29292929, 0x28282828, 0x28282828, 0x25252525, 0x25252525,
    0x4A4A2323, 0x4A4A4A4A, 0x49492222, 0x49494949, 0x21212121, 0x21212121, 0x20202020, 0x20202020,
    0x2A2A2A2A, 0x55552A2A, 0x50505050, 0x29295050, 0x4F4F4F4F, 0x28284F4F, 0x4D4D4D4D, 0x25254D4D,
    0x23232323, 0x23232323, 0x22222222, 0x22222222, 0x21212121, 0x21212121, 0x20202020, 0x20202020,
    0x55555555, 0x2A2A2A2A, 0x29292929, 0x29292929, 0x28282828, 0x28282828, 0x25252525, 0x25252525,
    0x23232323, 0x4A4A4A4A, 0x22222222, 0x49494949, 0x21212121, 0x21212121, 0x20202020, 0x20202020,
    0x2A2A2A2A, 0x2A2A2A2A, 0x50502929, 0x50505050, 0x4F4F2828, 0x4F4F4F4F, 0x4D4D2525, 0x4D4D4D4D,
    0x23234A4A, 0x23232323, 0x22224949, 0x22222222, 0x21212121, 0x21212121, 0x20202020, 0x20202020,
    0x55555555, 0x2A2A5555, 0x29292929, 0x29292929, 0x28282828, 0x28282828, 0x25252525, 0x25252525,
    0x23232323, 0x4A4A2323, 0x22222222, 0x49492222, 0x21212121, 0x21212121, 0x20202020, 0x20202020,
    0x2A2A2A2A, 0x2A2A2A2A, 0x29292929, 0x50505050, 0x28282828, 0x4F4F4F4F, 0x25252525, 0x4D4D4D4D,
    0x4A4A4A4A, 0x23232323, 0x49494949, 0x22222222, 0x21212121, 0x21212121, 0x20202020, 0x20202020,
    0x55552A2A, 0x55555555, 0x29295050, 0x29292929, 0x28284F4F, 0x28282828, 0x25254D4D, 0x25252525,
    0x23232323, 0x23232323, 0x22222222, 0x22222222, 0x21212121, 0x21212121, 0x20202020, 0x20202020,
    0x2A2A2A2A, 0x2A2A2A2A, 0x29292929, 0x50502929, 0x28282828, 0x4F4F2828, 0x25252525, 0x4D4D2525,
    0x4A4A4A4A, 0x23234A4A, 0x49494949, 0x22224949, 0x21212121, 0x21212121, 0x20202020, 0x20202020,
    0x32323226, 0x32323231, 0x32323226, 0x32323231, 0x31323226, 0x31323232, 0x31313226, 0x31313232,
    0x3C313226, 0x31313237, 0x37313226, 0x31313227, 0x32313226, 0x31313234, 0x2B2B2B26, 0x2B2B2B2B,
    0x32323232, 0x34313132, 0x32323232, 0x34313132, 0x32323231, 0x34313132, 0x32323131, 0x34313132,
    0x32323131, 0x32313132, 0x32313131, 0x32313232, 0x32313131, 0x32323232, 0x2B2B2B2B, 0x2B2B2B2B,
    0x34343437, 0x32343435, 0x34343537, 0x34343435, 0x34353737, 0x34343434, 0x34343737, 0x34343434,
    0x34343737, 0x34343432, 0x32343434, 0x34343232, 0x32343434, 0x34343232, 0x2B2B2B2B, 0x2B2B2B2B,
    0x34323232, 0x32323434, 0x34323232, 0x32323434, 0x32323234, 0x32323434, 0x32323234, 0x32323434,
    0x32323232, 0x32323432, 0x32313232, 0x32323432, 0x32313232, 0x32323432, 0x2B2B2B2B, 0x2B2B2B2B,
    0x34343432, 0x2B343434, 0x34343432, 0x2B343534, 0x34343432, 0x2B343535, 0x32323232, 0x2B343534,
    0x3C323232, 0x2B343537, 0x37323232, 0x2B343527, 0x34323234, 0x2B343535, 0x2B2B2B2B, 0x2B2B2B2B,
};
static const uint16_t board2_pal[256] = {
    0x0000, 0x0000, 0x0000, 0x0000, 0x0000, 0x0000, 0x0000, 0x0000,
    0x0000, 0x0000, 0x0000, 0x0000, 0x0000, 0x0000, 0x0000, 0x0000,
    0x0000, 0x0000, 0x0000, 0x0000, 0x0000, 0x0000, 0x0000, 0x0000,
    0x0000, 0x0000, 0x0000, 0x0000, 0x0000, 0x0000, 0x0000, 0x0000,
    0x0421, 0x0822, 0x0C42, 0x0C43, 0x0C63, 0x1063, 0x1064, 0x1464,
    0x0C82, 0x1082, 0x14A3, 0x18E4, 0x1CE4, 0x1D04, 0x1485, 0x2104,
    0x2105, 0x2125, 0x2525, 0x2545, 0x2546, 0x2946, 0x2966, 0x2929,
    0x2D66, 0x2D86, 0x2D87, 0x2DA7, 0x35A7, 0x3A09, 0x3E29, 0x3E09,
    0x2D4A, 0x2D6A, 0x358B, 0x358C, 0x39AC, 0x39AD, 0x171E, 0x4229,
    0x422A, 0x424A, 0x466A, 0x464A, 0x4A6A, 0x4A8B, 0x4A6B, 0x4EAB,
    0x4E8B, 0x41CE, 0x4EAC, 0x52AC, 0x52CC, 0x460F, 0x4610, 0x5A94,
    0x5ED5, 0x66F6, 0x6F38, 0x6B39, 0x7FBC, 0x7FDD, 0x0000, 0x0000,
    0x0000, 0x0000, 0x0000, 0x0000, 0x0000, 0x0000, 0x0000, 0x0000,
    0x0000, 0x0000, 0x0000, 0x0000, 0x0000, 0x0000, 0x0000, 0x0000,
    0x0000, 0x0000, 0x0000, 0x0000, 0x0000, 0x0000, 0x0000, 0x0000,
    0x0000, 0x0000, 0x0000, 0x0000, 0x0000, 0x0000, 0x0000, 0x0000,
    0x0000, 0x0000, 0x0000, 0x0000, 0x0000, 0x0000, 0x0000, 0x0000,
    0x0000, 0x0000, 0x0000, 0x0000, 0x0000, 0x0000, 0x0000, 0x0000,
    0x0000, 0x0000, 0x0000, 0x0000, 0x0000, 0x0000, 0x0000, 0x0000,
    0x0000, 0x0000, 0x0000, 0x0000, 0x0000, 0x0000, 0x0000, 0x0000,
    0x0000, 0x0000, 0x0000, 0x0000, 0x0000, 0x0000, 0x0000, 0x0000,
    0x0000, 0x0000, 0x0000, 0x0000, 0x0000, 0x0000, 0x0000, 0x0000,
    0x0000, 0x0000, 0x0000, 0x0000, 0x0000, 0x0000, 0x0000, 0x0000,
    0x0000, 0x0000, 0x0000, 0x0000, 0x0000, 0x0000, 0x0000, 0x0000,
    0x0000, 0x0000, 0x0000, 0x0000, 0x0000, 0x0000, 0x0000, 0x0000,
    0x0000, 0x0000, 0x0000, 0x0000, 0x0000, 0x0000, 0x0000, 0x0000,
    0x0000, 0x0000, 0x0000, 0x0000, 0x0000, 0x0000, 0x0000, 0x0000,
    0x0000, 0x0000, 0x0000, 0x0000, 0x0000, 0x0000, 0x0000, 0x0000,
    0x0000, 0x0000, 0x0000, 0x0000, 0x0000, 0x0000, 0x0000, 0x0000,
    0x0000, 0x0000, 0x0000, 0x0000, 0x0000, 0x0000, 0x0000, 0x0000,
    0x0000, 0x0000, 0x0000, 0x0000, 0x0000, 0x0000, 0x0000, 0x0000,
    0x0000, 0x0000, 0x0000, 0x0000, 0x0000, 0x0000, 0x0000, 0x0000,
};
static const uint32_t board2_tiles[9600] = {
    0x38383838, 0x38383838, 0x2F2F2F38, 0x2F2F2F2F, 0x2F2F2F38, 0x2F2F2F2F, 0x2F2F2F38, 0x2F2F2F2F,
    0x3C2F2F38, 0x2F2F2F32, 0x322F3138, 0x2F2F2F29, 0x2F313138, 0x2F2F2F2F, 0x31313138, 0x2F2F2F31,
    0x38383838, 0x38383838, 0x2F2D2D2D, 0x312F2F2F, 0x2F2F2D2F, 0x312F2F2F, 0x2F2F2F2F, 0x312F2F2F,
    0x2F2F2F2F, 0x2F2F2F2F, 0x2F2F2F2F, 0x2F2F2F2F, 0x2F2F2F2F, 0x2F2F2F2F, 0x2F2F2D2F, 0x2F2F2F2F,
    0x38383838, 0x38383838, 0x2F2F2F2F, 0x2F2F2F2F, 0x2F2F2F2F, 0x2F2F2F2F, 0x2F2F2F2F, 0x2F2F2F2F,
    0x2F313131, 0x2F2F2F2F, 0x3131312F, 0x2F2F2F2F, 0x3132312F, 0x2F2F2F2F, 0x2F32312F, 0x2F2F2F2F,
    0x38383838, 0x38383838, 0x3131312F, 0x31313131, 0x3131312F, 0x31313131, 0x2F2F2F2F, 0x312F3131,
    0x2F2F2F2F, 0x2F2F2F31, 0x2F2F2F2F, 0x2F2F2F31, 0x2F2F2F2F, 0x2F2F2F2F, 0x2F2F2F2F, 0x2F2F2F2F,
    0x38383838, 0x28383838, 0x312F3131, 0x282F2F31, 0x312F3131, 0x282F2F31, 0x312F3131, 0x282F2F31,
    0x3C2F3131, 0x282F2F32, 0x322F312F, 0x282F2F29, 0x2F2F312F, 0x282F2F2F, 0x2F2F312F, 0x282F2F2F,
    0x4F4F4F5B, 0x4F4F4F4F, 0x4F4F4F5B, 0x4F4F4F4F, 0x42424242, 0x42424242, 0x5C5C5C5C, 0x5C5C5C5C,
    0x5A5A5A5A, 0x5A5A5A5A, 0x57575757, 0x57575757, 0x55555555, 0x55555555, 0x41414141, 0x41414141,
    0x52525252, 0x53535352, 0x5D375252, 0x53535352, 0x5D374242, 0x42424242, 0x5D375C5C, 0x5C5C5C5C,
    0x5D375A5A, 0x5A5A5A5A, 0x5D375757, 0x57575757, 0x5D375555, 0x55555555, 0x5D374141, 0x41414141,
    0x54545353, 0x54545454, 0x53535353, 0x54545454, 0x42424242, 0x42424242, 0x5C5C5C5C, 0x5C5C5C5C,
    0x5A5A5A5A, 0x5A5A5A5A, 0x57575757, 0x57575757, 0x55555555, 0x55555555, 0x41414141, 0x41414141,
    0x54545454, 0x53535353, 0x53545454, 0x52535353, 0x42424242, 0x42424242, 0x5C5C5C5C, 0x5C5C5C5C,
    0x5A5A5A5A, 0x5A5A5A5A, 0x57575757, 0x57575757, 0x55555555, 0x55555555, 0x41414141, 0x41414141,
    0x4F525252, 0x4F4F4F4F, 0x4F525252, 0x4F4F4F4F, 0x42424242, 0x42424242, 0x5C5C5C5C, 0x5C5C5C5C,
    0x5A5A5A5A, 0x5A5A5A5A, 0x57575757, 0x57575757, 0x55555555, 0x55555555, 0x41414141, 0x41414141,
    0x4F4F4F4F, 0x524F4F4F, 0x4F4F5D37, 0x4F4F4F4F, 0x42425D37, 0x42424242, 0x5C5C5D37, 0x5C5C5C5C,
    0x5A5A5D37, 0x5A5A5A5A, 0x57575D37, 0x57575757, 0x55555D37, 0x55555555, 0x41415D37, 0x41414141,
    0x52525252, 0x52525252, 0x52525252, 0x52525252, 0x42424242, 0x42424242, 0x5C5C5C5C, 0x5C5C5C5C,
    0x5A5A5A5A, 0x5A5A5A5A, 0x57575757, 0x57575757, 0x55555555, 0x55555555, 0x41414141, 0x41414141,
    0x52525252, 0x52525252, 0x52525252, 0x52525252, 0x42424242, 0x42424242, 0x5C5C5C5C, 0x5C5C5C5C,
    0x5A5A5A5A, 0x5A5A5A5A, 0x57575757, 0x57575757, 0x55555555, 0x55555555, 0x41414141, 0x41414141,
    0x53535252, 0x53535353, 0x52525252, 0x5D375353, 0x42424242, 0x5D374242, 0x5C5C5C5C, 0x5D375C5C,
    0x5A5A5A5A, 0x5D375A5A, 0x57575757, 0x5D375757, 0x55555555, 0x5D375555, 0x41414141, 0x5D374141,
    0x53535353, 0x53535353, 0x53535353, 0x53535353, 0x42424242, 0x42424242, 0x5C5C5C5C, 0x5C5C5C5C,
    0x5A5A5A5A, 0x5A5A5A5A, 0x57575757, 0x57575757, 0x585C5C55, 0x58585858, 0x585C5C41, 0x58585858,
    0x53535353, 0x53535353, 0x53535353, 0x53535353, 0x42424242, 0x42424242, 0x5C5C5C5C, 0x5C5C5C5C,
    0x5A5A5A5A, 0x5A5A5A5A, 0x57575757, 0x57575757, 0x58585858, 0x55444458, 0x58585858, 0x41444458,
    0x52525353, 0x4F525252, 0x52525253, 0x4F4F5252, 0x42424242, 0x42424242, 0x5C5C5C5C, 0x5C5C5C5C,
    0x5A5A5A5A, 0x5A5A5A5A, 0x57575757, 0x57575757, 0x55555555, 0x55555555, 0x41414141, 0x41414141,
    0x4F4F4F4F, 0x4F4F4F4F, 0x4F4F4F4F, 0x4F4F5D37, 0x42424242, 0x42425D37, 0x5C5C5C5C, 0x5C5C5D37,
    0x5A5A5A5A, 0x5A5A5D37, 0x57575757, 0x57575D37, 0x55555555, 0x55555D37, 0x41414141, 0x41415D37,
    0x52525252, 0x53535252, 0x5252524F, 0x53535252, 0x42424242, 0x42424242, 0x5C5C5C5C, 0x5C5C5C5C,
    0x5A5A5A5A, 0x5A5A5A5A, 0x57575757, 0x57575757, 0x55555555, 0x55555555, 0x41414141, 0x41414141,
    0x53535353, 0x54545454, 0x53535353, 0x54545453, 0x42424242, 0x42424242, 0x5C5C5C5C, 0x5C5C5C5C,
    0x5A5A5A5A, 0x5A5A5A5A, 0x57575757, 0x57575757, 0x55555555, 0x55555555, 0x41414141, 0x41414141,
    0x53545454, 0x53535353, 0x53535454, 0x53535353, 0x42424242, 0x42424242, 0x5C5C5C5C, 0x5C5C5C5C,
    0x5A5A5A5A, 0x5A5A5A5A, 0x57575757, 0x57575757, 0x55555555, 0x55555555, 0x41414141, 0x41414141,
    0x52525252, 0x4F525252, 0x5D375252, 0x4F4F5252, 0x5D374242, 0x42424242, 0x5D375C5C, 0x5C5C5C5C,
    0x5D375A5A, 0x5A5A5A5A, 0x5D375757, 0x57575757, 0x5D375555, 0x55555555, 0x5D374141, 0x41414141,
    0x4F4F4F4F, 0x4F4F4F4F, 0x4F4F4F4F, 0x4F4F4F4F, 0x42424242, 0x42424242, 0x5C5C5C5C, 0x5C5C5C5C,
    0x5A5A5A5A, 0x5A5A5A5A, 0x57575757, 0x57575757, 0x55555555, 0x55555555, 0x41414141, 0x41414141,
    0x4F4F4F4F, 0x4F4F4F4F, 0x4F4F4F4F, 0x4F4F4F4F, 0x42424242, 0x42424242, 0x5C5C5C5C, 0x5C5C5C5C,
    0x5A5A5A5A, 0x5A5A5A5A, 0x57575757, 0x57575757, 0x55555555, 0x55555555, 0x41414141, 0x41414141,
    0x4F4F4F4F, 0x5B4F4F4F, 0x4F4F4F4F, 0x5B4F4F4F, 0x42424242, 0x42424242, 0x5C5C5C5C, 0x5C5C5C5C,
    0x5A5A5A5A, 0x5A5A5A5A, 0x57575757, 0x57575757, 0x55555555, 0x55555555, 0x41414141, 0x41414141,
    0x38383828, 0x38383838, 0x2F313228, 0x32322F2F, 0x2F313228, 0x32312F2F, 0x2F313228, 0x32312F2F,
    0x3C313228, 0x322F2F32, 0x32313228, 0x32312F29, 0x31313228, 0x32312F31, 0x31313128, 0x32313131,
    0x38383838, 0x38383838, 0x31313232, 0x312F2F2F, 0x31313132, 0x312F2F2F, 0x31313131, 0x312F2F2F,
    0x31313131, 0x312F2F2F, 0x32313131, 0x312F2F2F, 0x31313131, 0x312F2F2F, 0x31313232, 0x312F2F2F,
    0x38383838, 0x38383838, 0x2F2F3132, 0x2F2F2F2F, 0x2F2F3132, 0x2F2F2F2F, 0x2F2F3132, 0x2F2F2F2F,
    0x2F2F3132, 0x2F2F2F2F, 0x2F2F3132, 0x2F2F2F2F, 0x2F2F3232, 0x2F2F2F2F, 0x2F313232, 0x2F2F2F2F,
    0x38383838, 0x38383838, 0x2F2F312F, 0x2F2F312F, 0x2F31312F, 0x2F2F2F2F, 0x2F313131, 0x2F2F2F2F,
    0x31323131, 0x2F2F2F2F, 0x31323231, 0x31312F31, 0x31323231, 0x31313131, 0x32323131, 0x32323132,
    0x38383838, 0x2A383838, 0x2F2F2F2F, 0x2A32312F, 0x2F2F2F2F, 0x2A31312F, 0x2F2F2F2F, 0x2A2F312F,
    0x3C2F2F2F, 0x2A2F2F32, 0x322F2F2F, 0x2A2F2F29, 0x312F2F31, 0x2A2F2F31, 0x312F3131, 0x2A2F2F31,
    0x31313138, 0x2F313131, 0x31323138, 0x2F313131, 0x31313138, 0x2F2F3131, 0x31313138, 0x2F2F2F31,
    0x2F313138, 0x2F2F2F2F, 0x2F313138, 0x2F2F2F2F, 0x2F2F3138, 0x2F2F2F2F, 0x2F2F2F38, 0x2F2F2F2F,
    0x2F2D2D2F, 0x2F2F2F2F, 0x2F2D2D2F, 0x2F2F2F2F, 0x2F2D2D2F, 0x2F2F2F2F, 0x2F2F2D2F, 0x2F2F2F2F,
    0x2F2F2F2F, 0x2F2F2F31, 0x2F2F2F2F, 0x2F2F2F31, 0x312F2F2F, 0x2F2F2F31, 0x312F2F2F, 0x2F2F3132,
    0x2F32312F, 0x2F2F2D2F, 0x2F32312F, 0x2F2F2D2F, 0x2F32312F, 0x2F2F2F2F, 0x2F312F2F, 0x2F2F2F2F,
    0x2F312F2F, 0x2F2F2F2F, 0x2F2F2F2F, 0x2F312F2F, 0x2F2F2F2F, 0x31312F2F, 0x2F2F2F2F, 0x31312F2F,
    0x2F2F2F2F, 0x2F2F2F2F, 0x2F2F2F2F, 0x2F2F2F2F, 0x2F2F2F2F, 0x2F2F2F2F, 0x2F2F2F2F, 0x2F2F2F2F,
    0x2F2F2F2F, 0x2F2F2F2F, 0x2F2F312F, 0x2F2F2F2F, 0x3131312F, 0x2F2F2F2F, 0x31313131, 0x2F2F2F2F,
    0x2F2F312F, 0x282F2F2D, 0x2F2F312F, 0x282F2F2D, 0x2F2F312F, 0x282F2F2D, 0x2F2F2F2F, 0x282F2F2F,
    0x2F2F2F2F, 0x282F2F2F, 0x2F2F2F2F, 0x282F312F, 0x2F2F2F2F, 0x282F312F, 0x2F2F2F2F, 0x282F3231,
    0x4F4F4F5B, 0x4F4F4F4F, 0x4F4F4F5B, 0x4F4F4F4F, 0x4F4F4F5B, 0x4F4F4F4F, 0x314F4F5B, 0x4F4F4F31,
    0x314F4F5B, 0x4F4F4F3A, 0x4F4F4F5B, 0x4F4F4F4F, 0x4F4F4F5B, 0x4F4F4F4F, 0x4F4F4F5B, 0x4F4F4F4F,
    0x5D375252, 0x52525252, 0x52525252, 0x52525252, 0x52525252, 0x52525252, 0x3152524F, 0x52525231,
    0x3152524F, 0x5252523A, 0x5252524F, 0x52525252, 0x5252524F, 0x52525252, 0x5252524F, 0x52525252,
    0x53535353, 0x53535353, 0x53535352, 0x53535353, 0x53525252, 0x53535353, 0x31525252, 0x52525231,
    0x31525252, 0x5252523A, 0x52525252, 0x52525252, 0x52525252, 0x52525252, 0x52525252, 0x52525252,
    0x53535353, 0x52525252, 0x52535353, 0x52525252, 0x52525253, 0x52525252, 0x31525252, 0x4F525231,
    0x31525252, 0x4F4F523A, 0x52525252, 0x4F4F4F52, 0x52525252, 0x4F4F4F4F, 0x4F4F5252, 0x4F4F4F4F,
    0x4F4F4F52, 0x4F4F4F4F, 0x4F4F4F52, 0x4F4F4F4F, 0x4F4F4F4F, 0x4F4F4F4F, 0x314F4F4F, 0x4F4F4F31,
    0x314F4F4F, 0x4F4F4F3A, 0x4F4F4F4F, 0x50504F4F, 0x4F4F4F4F, 0x5050504F, 0x504F4F4F, 0x50505050,
    0x4F4F5D37, 0x4F4F4F4F, 0x4F4F4F4F, 0x4F4F4F4F, 0x4F4F4F4F, 0x4F4F4F4F, 0x314F4F4F, 0x4F4F4F31,
    0x314F4F4F, 0x4F4F4F3A, 0x4F4F5050, 0x4F4F4F4F, 0x50505050, 0x4F4F4F4F, 0x50505050, 0x4F4F4F50,
    0x52524F4F, 0x52525252, 0x52524F4F, 0x52525252, 0x52524F4F, 0x52525252, 0x314F4F4F, 0x52525231,
    0x314F4F4F, 0x5252523A, 0x4F4F4F4F, 0x52525252, 0x4F4F4F4F, 0x52525252, 0x4F4F4F4F, 0x5252524F,
    0x52525252, 0x52525252, 0x52525252, 0x52525252, 0x52525252, 0x52525252, 0x31525252, 0x52525231,
    0x31525252, 0x5252523B, 0x52525252, 0x52525252, 0x52525252, 0x52525252, 0x52525252, 0x52525252,
    0x4F4F5252, 0x5D374F4F, 0x4F4F5252, 0x52524F4F, 0x4F4F5252, 0x52524F4F, 0x314F5252, 0x52524F31,
    0x314F5252, 0x52524F3A, 0x52525252, 0x5252524F, 0x52525252, 0x52525252, 0x52525252, 0x52525252,
    0x585C5C52, 0x58585858, 0x585C5C52, 0x58585858, 0x585C5C52, 0x58585858, 0x5C5C5252, 0x58585858,
    0x5C5C5252, 0x58585858, 0x25595252, 0x25252525, 0x52525252, 0x53535353, 0x52525252, 0x53535352,
    0x58585858, 0x4F444458, 0x58585858, 0x4F444458, 0x58585858, 0x4F444458, 0x58585858, 0x4F524444,
    0x58585858, 0x4F524444, 0x25252525, 0x4F524025, 0x52525353, 0x52525252, 0x52525353, 0x52525252,
    0x4F4F4F4F, 0x4F4F4F4F, 0x4F4F4F4F, 0x4F4F4F4F, 0x4F4F4F4F, 0x4F4F4F4F, 0x314F4F4F, 0x4F4F4F31,
    0x314F4F4F, 0x4F4F4F3A, 0x4F4F4F4F, 0x4F4F4F4F, 0x4F4F4F4F, 0x4F4F4F4F, 0x4F4F4F52, 0x4F4F4F4F,
    0x4F4F4F4F, 0x4F4F5D37, 0x4F4F4F4F, 0x4F4F4F4F, 0x4F4F4F4F, 0x4F4F4F4F, 0x314F4F4F, 0x4F4F4F31,
    0x314F4F4F, 0x4F4F4F3A, 0x4F4F4F4F, 0x4F4F4F4F, 0x4F4F4F4F, 0x504F4F4F, 0x4F4F4F4F, 0x50505050,
    0x4F4F4F4F, 0x52524F4F, 0x4F4F4F4F, 0x524F4F4F, 0x4F4F4F4F, 0x4F4F4F4F, 0x314F4F4F, 0x4F4F4F31,
    0x314F4F4F, 0x4F4F4F3A, 0x4F4F4F4F, 0x4F4F4F4F, 0x4F505050, 0x4F4F4F4F, 0x50505050, 0x4F4F4F4F,
    0x52525252, 0x53535353, 0x52525252, 0x53535353, 0x52525252, 0x53535352, 0x31525252, 0x53525231,
    0x3152524F, 0x5252523A, 0x52524F4F, 0x52525252, 0x524F4F4F, 0x52525252, 0x4F4F4F4F, 0x5252524F,
    0x53535353, 0x53535353, 0x53535353, 0x53535353, 0x53535353, 0x53535353, 0x32535353, 0x52525332,
    0x31525252, 0x5252523B, 0x52525252, 0x52525252, 0x52525252, 0x52525252, 0x52525252, 0x4F4F5252,
    0x5D375253, 0x4F4F4F52, 0x52525252, 0x4F4F4F52, 0x52525252, 0x4F4F4F4F, 0x31525252, 0x4F4F4F31,
    0x31525252, 0x4F4F4F3A, 0x4F4F5252, 0x4F4F4F4F, 0x4F4F4F4F, 0x4F4F4F4F, 0x4F4F4F4F, 0x4F4F4F4F,
    0x4F4F4F4F, 0x4F4F4F4F, 0x4F4F4F4F, 0x4F4F4F4F, 0x4F4F4F4F, 0x4F4F4F4F, 0x314F4F4F, 0x4F4F4F31,
    0x314F4F4F, 0x50504F3A, 0x50504F4F, 0x50505050, 0x5050504F, 0x50505050, 0x50505050, 0x50505050,
    0x4F4F4F4F, 0x4F4F4F4F, 0x4F4F4F4F, 0x504F4F4F, 0x4F4F4F4F, 0x50504F4F, 0x314F4F4F, 0x50505031,
    0x31505050, 0x5050503A, 0x50505050, 0x50505050, 0x50505050, 0x50505050, 0x50505050, 0x50505050,
    0x50505050, 0x5B505050, 0x50505050, 0x5B505050, 0x50505050, 0x5B505050, 0x31505050, 0x5B505031,
    0x31505050, 0x5B505039, 0x50505050, 0x5B505050, 0x50505050, 0x5B505050, 0x50505050, 0x5B505050,
    0x31313128, 0x32313131, 0x31313128, 0x32313131, 0x312F3128, 0x32313131, 0x312F3128, 0x32313131,
    0x312F2F28, 0x32313132, 0x2F2F2F28, 0x32313132, 0x2F2F2F28, 0x32312F32, 0x2F2F2F28, 0x312F2F31,
    0x31323232, 0x312F2F2F, 0x31323232, 0x312F2F2F, 0x31323232, 0x312F2F2F, 0x31323232, 0x312F2F2F,
    0x31313232, 0x2F2F2F2F, 0x31313132, 0x2F2F2F2F, 0x312F3132, 0x2F2F2F2F, 0x2F2F2F31, 0x2F2F2F2F,
    0x2F313232, 0x2F2F2F2F, 0x2F313232, 0x2F2F2F2F, 0x2F313232, 0x2F2F2F2F, 0x31313232, 0x2F2F2F2F,
    0x31313132, 0x2F2F2F2F, 0x31312F31, 0x2F2F2F2F, 0x32312F31, 0x2F2F2F2F, 0x31313131, 0x2F2F2F31,
    0x32323131, 0x32323232, 0x32323131, 0x32323232, 0x3232312F, 0x32323232, 0x3232312F, 0x32323232,
    0x32322F2F, 0x31313132, 0x32322F2F, 0x31313132, 0x32322F2F, 0x2F313132, 0x3232312F, 0x2F313132,
    0x31313132, 0x2A2F2F31, 0x31313132, 0x2A2F2F31, 0x31313132, 0x2A2F2F31, 0x312F2F31, 0x2A2F2F2F,
    0x312F2F31, 0x2A31312F, 0x312F2F2F, 0x2A32312F, 0x312F2F2F, 0x2A323131, 0x31312F2F, 0x2A323231,
    0x2F2F2F38, 0x2F2F2F2F, 0x2F2F2F38, 0x2F2F2F2F, 0x2F2F2F38, 0x2F2F2F2F, 0x2F2F2F38, 0x2F2F2F2F,
    0x2F2F2F38, 0x2F2F2F2F, 0x2F2F2F38, 0x2F2F2F2F, 0x2F2F2F38, 0x2F2F2F2F, 0x2F2F2F38, 0x2F2F2F2F,
    0x3131312F, 0x2F2F3131, 0x31313131, 0x2F2F3131, 0x31313131, 0x2F2F3131, 0x31313131, 0x2F2F3131,
    0x3131312F, 0x2F2F2F31, 0x3131312F, 0x2F2F2F2F, 0x2F31312F, 0x2F2F2F2F, 0x2F313131, 0x2F2F2F2F,
    0x2F2F2F2F, 0x3131312F, 0x2F312F2F, 0x32313131, 0x2F312F2F, 0x32313131, 0x2F2F2F2F, 0x32313131,
    0x2F2F2F2F, 0x31323231, 0x2F2F2F2F, 0x31323231, 0x2F2F2F2F, 0x31323232, 0x2F2F2F2F, 0x2F323231,
    0x31323232, 0x2F2F2F31, 0x32323232, 0x2F2F2F31, 0x32323232, 0x2F2F2F32, 0x31323232, 0x2F2F2F31,
    0x31313231, 0x2F2F2F31, 0x2F2F3231, 0x2F2F2F2F, 0x2F2F312F, 0x2F2F2F2F, 0x2F2F312F, 0x2F2F2F2F,
    0x2F2F2F2F, 0x282F3231, 0x312F2D2F, 0x282F3232, 0x312F2D2F, 0x282F3232, 0x312F2D2F, 0x282F3232,
    0x312F2F2F, 0x282F3132, 0x2F2F2F2F, 0x28313131, 0x2F2F2F2F, 0x28313131, 0x2F2F2F2F, 0x28312F2F,
    0x4F4F4F5B, 0x4F4F4F4F, 0x4F4F4F5B, 0x4F4F4F4F, 0x4F4F4F5B, 0x4F4F4F4F, 0x314F4F5B, 0x4F4F4F31,
    0x314F4F5B, 0x4F4F4F3A, 0x4F4F4F5B, 0x4F4F4F4F, 0x4F4F4F5B, 0x4F4F4F4F, 0x4F4F4F5B, 0x4F4F4F4F,
    0x5252524F, 0x52525252, 0x5252524F, 0x4F4F4F52, 0x4F4F4F4F, 0x4F4F4F4F, 0x314F4F4F, 0x4F4F4F31,
    0x314F4F4F, 0x4F4F4F3A, 0x4F4F4F4F, 0x4F4F4F4F, 0x4F4F4F4F, 0x4F4F4F4F, 0x4F4F4F4F, 0x4F4F4F4F,
    0x4F4F4F4F, 0x4F4F4F4F, 0x4F4F4F4F, 0x4F4F4F4F, 0x4F4F4F4F, 0x4F4F4F4F, 0x314F4F4F, 0x4F4F4F31,
    0x314F4F4F, 0x4F4F4F3A, 0x4F4F4F4F, 0x4F4F4F4F, 0x4F4F4F4F, 0x4F4F4F4F, 0x4F4F4F4F, 0x4F4F4F4F,
    0x4F4F4F4F, 0x4F4F4F4F, 0x4F4F4F4F, 0x4F4F4F4F, 0x4F4F4F4F, 0x4F4F4F4F, 0x314F4F4F, 0x504F4F31,
    0x314F4F4F, 0x50504F3A, 0x4F4F4F4F, 0x5050504F, 0x4F4F4F4F, 0x50505050, 0x504F4F4F, 0x50505050,
    0x50504F4F, 0x50505050, 0x5050504F, 0x50505050, 0x50505050, 0x50505050, 0x31505050, 0x50505031,
    0x31505050, 0x50505039, 0x50505050, 0x4D505050, 0x50505050, 0x4D4D4D4D, 0x4D505050, 0x4D4D4D4D,
    0x50505050, 0x4F4F4F50, 0x50505050, 0x4F4F5050, 0x50505050, 0x4F505050, 0x31505050, 0x50505031,
    0x31505050, 0x50505039, 0x50504D4D, 0x50505050, 0x504D4D4D, 0x50505050, 0x4D4D4D4D, 0x5050504D,
    0x4F4F4F4F, 0x5252524F, 0x4F4F4F4F, 0x52524F4F, 0x4F4F4F4F, 0x524F4F4F, 0x314F4F4F, 0x4F4F4F31,
    0x314F4F4F, 0x4F4F4F3A, 0x4F4F4F50, 0x4F4F4F4F, 0x4F4F5050, 0x4F4F4F4F, 0x4F505050, 0x4F4F4F4F,
    0x52525252, 0x52525252, 0x52525252, 0x52525252, 0x52525252, 0x52525252, 0x31525252, 0x52525231,
    0x3152524F, 0x5252523A, 0x52524F4F, 0x52525252, 0x4F4F4F4F, 0x4F4F4F4F, 0x4F4F4F4F, 0x4F4F4F4F,
    0x52525252, 0x52525252, 0x52525252, 0x52525252, 0x52525252, 0x52525252, 0x31525252, 0x52525231,
    0x31525252, 0x5252523A, 0x52525252, 0x52525252, 0x4F4F4F4F, 0x524F4F4F, 0x4F4F4F4F, 0x4F4F4F4F,
    0x52525252, 0x52525252, 0x52525252, 0x52525252, 0x52525252, 0x52525252, 0x31525252, 0x52525231,
    0x31525252, 0x5252523A, 0x52525252, 0x52525252, 0x52525252, 0x52525252, 0x5252524F, 0x52525252,
    0x52525252, 0x52525252, 0x52525252, 0x52525252, 0x52525252, 0x52525252, 0x31525252, 0x52525231,
    0x31525252, 0x5252523A, 0x52525252, 0x52525252, 0x52525252, 0x52525252, 0x52525252, 0x4F4F5252,
    0x4F4F4F52, 0x4F4F4F4F, 0x4F4F5252, 0x4F4F4F4F, 0x4F4F5252, 0x4F4F4F4F, 0x314F5252, 0x4F4F4F31,
    0x314F5252, 0x504F4F3A, 0x4F4F4F52, 0x504F4F4F, 0x4F4F4F4F, 0x50504F4F, 0x4F4F4F4F, 0x50504F4F,
    0x504F4F4F, 0x50505050, 0x5050504F, 0x50505050, 0x50505050, 0x50505050, 0x31505050, 0x50505031,
    0x31505050, 0x50505039, 0x50505050, 0x50505050, 0x50505050, 0x50505050, 0x50505050, 0x50505050,
    0x50505050, 0x4F4F5050, 0x50505050, 0x4F505050, 0x50505050, 0x50505050, 0x31505050, 0x50505031,
    0x31505050, 0x50505039, 0x50505050, 0x50505050, 0x504D4D4D, 0x50505050, 0x4D4D4D4D, 0x50505050,
    0x4F4F4F4F, 0x4F4F4F4F, 0x4F4F4F4F, 0x4F4F4F4F, 0x4F4F4F4F, 0x4F4F4F4F, 0x314F4F50, 0x4F4F4F31,
    0x314F4F50, 0x4F4F4F3A, 0x4F4F5050, 0x4F4F4F4F, 0x4F4F5050, 0x4F4F4F4F, 0x4F4F5050, 0x4F4F4F4F,
    0x4F4F4F4F, 0x4F4F4F4F, 0x4F4F4F4F, 0x4F4F4F4F, 0x4F4F4F4F, 0x4F4F4F4F, 0x314F4F4F, 0x4F4F4F31,
    0x314F4F4F, 0x4F4F4F3A, 0x4F4F4F4F, 0x4F4F4F4F, 0x4F4F4F4F, 0x504F4F4F, 0x4F4F4F4F, 0x50504F4F,
    0x4F4F4F4F, 0x50504F4F, 0x4F4F4F4F, 0x5050504F, 0x504F4F4F, 0x50505050, 0x31504F4F, 0x50505031,
    0x3150504F, 0x5050503A, 0x50505050, 0x50505050, 0x50505050, 0x50505050, 0x50505050, 0x50505050,
    0x50505050, 0x50505050, 0x50505050, 0x50505050, 0x50505050, 0x50505050, 0x31505050, 0x4D505031,
    0x31505050, 0x4D4D5039, 0x50505050, 0x4D4D4D4D, 0x4D505050, 0x4D4D4D4D, 0x4D4D5050, 0x4D4D4D4D,
    0x50505050, 0x50505050, 0x50505050, 0x4D4D4D4D, 0x4D4D4D50, 0x4D4D4D4D, 0x314D4D4D, 0x4D4D4D31,
    0x314D4D4D, 0x4D4D4D39, 0x4D4D4D4D, 0x4D4D4D4D, 0x4D4D4D4D, 0x4D4D4D4D, 0x4D4D4D4D, 0x4D4D4D4D,
    0x50505050, 0x5B505050, 0x5050504D, 0x5B505050, 0x4D4D4D4D, 0x5B4D4D4D, 0x314D4D4D, 0x5B4D4D31,
    0x314D4D4D, 0x5B4D4D39, 0x4D4D4D4D, 0x5B4D4D4D, 0x4D4D4D4D, 0x5B4D4D4D, 0x4D4D4D4D, 0x5B4D4D4D,
    0x2F2F2F28, 0x312F2F2F, 0x2F2F2F28, 0x2F2F2F2F, 0x2F2F2F28, 0x2F2F2F2F, 0x2F2F2F28, 0x2F2F2F2F,
    0x2F2F2F28, 0x2F2F2F2F, 0x2F2F2F28, 0x312F2F2F, 0x2F2F2F28, 0x2F2F2F2F, 0x2F2F2F28, 0x2F2F2F2F,
    0x2F2F2F2F, 0x2F2F2F2F, 0x2F2F2F2F, 0x2F2F2F2F, 0x2F2F2F2F, 0x2F2F312F, 0x2F2F2F2F, 0x2F2F312F,
    0x2F2F2F2F, 0x2F2F312F, 0x2F2F2F2F, 0x2F2F312F, 0x2F2F2F2F, 0x2F2F312F, 0x2F2F2F2F, 0x2F2F312F,
    0x31313131, 0x2F2F3131, 0x3131312F, 0x2F313132, 0x3131312F, 0x2F313132, 0x3131312F, 0x2F2F3132,
    0x3131312F, 0x2F2F3132, 0x31312F31, 0x2F2F3131, 0x31312F31, 0x2F2F2F31, 0x31312F31, 0x2F2F2F31,
    0x32313131, 0x2F313132, 0x32313131, 0x2F313132, 0x32313231, 0x2F313232, 0x32313231, 0x2F2F3132,
    0x32313231, 0x2F2F3132, 0x31313231, 0x2F2F2F31, 0x31313231, 0x2F2F2F31, 0x2F313231, 0x312F2F2F,
    0x3231312F, 0x2A313232, 0x3232312F, 0x2A313232, 0x3232312F, 0x2A313232, 0x3131312F, 0x2A313232,
    0x31312F2F, 0x2A313232, 0x2F2F2F2F, 0x2A313131, 0x2F2F2F31, 0x2A313131, 0x2F2F2F31, 0x2A31312F,
    0x2F2F2F38, 0x2F2F2F2F, 0x2F2F3138, 0x2F2F2F2F, 0x2F313138, 0x2F2F2F2F, 0x2F313138, 0x312F2F2F,
    0x2F313138, 0x2F2F2F2F, 0x2F313138, 0x2F2F2F2F, 0x31313138, 0x2F2F2F2F, 0x31313138, 0x2F2F2F2F,
    0x2F313131, 0x2F2F2F2F, 0x2F313231, 0x2F2F2F2F, 0x2F313232, 0x2F2F2F2F, 0x2F313232, 0x2F2F2F2F,
    0x2F313232, 0x2F2F2F2F, 0x2F2F3231, 0x2F2F2F2F, 0x2F2F3231, 0x2F2F2F2F, 0x2F2F312F, 0x2F2F2F2F,
    0x2F2F2F2F, 0x2F313231, 0x2F2F2F2F, 0x2F2F3131, 0x2F2F2F2F, 0x2F2F312F, 0x2F2F2F2F, 0x2F2F312F,
    0x2F2F2F2F, 0x2F2F3131, 0x2F2F2F2F, 0x2F2F3131, 0x2F2F2F2F, 0x2F2F3131, 0x2F2F2F2F, 0x2F2F312F,
    0x2F2F312F, 0x2F2F2F2F, 0x2F2F2F2F, 0x2F2F2F2F, 0x2F2F2F2F, 0x2F2F2F2F, 0x2F2F2F2F, 0x2F2F2F2F,
    0x2F2F2F2F, 0x2F2F2F2F, 0x2F2F2F2F, 0x2F2F2F2F, 0x2F2F2F2F, 0x2F2F2F2F, 0x2F2F2F2F, 0x2F2F2F2F,
    0x2F2F2F2F, 0x28312F2F, 0x2F2F2F2F, 0x28312F2F, 0x2F2F2F2F, 0x28312F2F, 0x2F2F2F2F, 0x28312F2F,
    0x2F2F2F2F, 0x28312F2F, 0x2F2F2F2F, 0x28312F2F, 0x2F2F2F2F, 0x282F2F2F, 0x2F2F2F2F, 0x282F2F2F,
    0x4F4F4F5B, 0x4F4F4F4F, 0x4F4F4F5B, 0x4F4F4F4F, 0x4F4F4F5B, 0x4F4F4F4F, 0x314F4F5B, 0x4F4F4F31,
    0x314F4F5B, 0x4F4F4F3A, 0x4F4F4F5B, 0x4F4F4F4F, 0x4F4F4F5B, 0x4F4F4F4F, 0x4F4F4F5B, 0x4F4F4F4F,
    0x4F4F4F4F, 0x4F4F4F4F, 0x4F4F4F4F, 0x4F4F4F4F, 0x4F4F4F4F, 0x4F4F4F4F, 0x314F4F4F, 0x4F4F4F31,
    0x314F4F4F, 0x504F4F3A, 0x4F4F4F4F, 0x5050504F, 0x4F4F4F4F, 0x50505050, 0x5050504F, 0x50505050,
    0x4F4F4F4F, 0x4F4F4F4F, 0x4F4F4F4F, 0x504F4F4F, 0x504F4F4F, 0x50505050, 0x31505050, 0x50505031,
    0x31505050, 0x5050503A, 0x50505050, 0x50505050, 0x50505050, 0x50505050, 0x50505050, 0x50505050,
    0x5050504F, 0x50505050, 0x50505050, 0x50505050, 0x50505050, 0x4D505050, 0x31505050, 0x4D4D5031,
    0x31505050, 0x4D4D4D39, 0x4D505050, 0x4D4D4D4D, 0x4D4D5050, 0x4D4D4D4D, 0x4D4D4D4D, 0x4D4D4D4D,
    0x4D4D4D50, 0x4D4D4D4D, 0x4D4D4D4D, 0x4D4D4D4D, 0x4D4D4D4D, 0x4D4D4D4D, 0x314D4D4D, 0x4D4D4D31,
    0x314D4D4D, 0x4D4D4D39, 0x4D4D4D4D, 0x4D4D4D4D, 0x4D4D4D4D, 0x4D4D4D4D, 0x4D4D4D4D, 0x4D4D4D4D,
    0x4D4D4D4D, 0x50504D4D, 0x4D4D4D4D, 0x504D4D4D, 0x4D4D4D4D, 0x4D4D4D4D, 0x314D4D4D, 0x4D4D4D31,
    0x314D4D4D, 0x4D4D4D39, 0x4D4D4D4D, 0x4D4D4D4D, 0x4D4D4D4D, 0x4D4D4D4D, 0x4D4D4D4D, 0x4D4D4D4D,
    0x50505050, 0x4F4F4F4F, 0x50505050, 0x4F4F4F50, 0x50505050, 0x4F4F4F50, 0x31505050, 0x4F4F5031,
    0x3150504D, 0x4F50503A, 0x50504D4D, 0x50505050, 0x50504D4D, 0x50505050, 0x504D4D4D, 0x50505050,
    0x4F4F4F4F, 0x4F4F4F4F, 0x4F4F4F4F, 0x4F4F4F4F, 0x4F4F4F4F, 0x4F4F4F4F, 0x314F4F4F, 0x4F4F4F31,
    0x314F4F4F, 0x4F4F4F3A, 0x4F4F4F4F, 0x4F4F4F4F, 0x4F4F4F4F, 0x4F4F4F4F, 0x4F4F5050, 0x4F4F4F4F,
    0x4F4F4F4F, 0x4F4F4F4F, 0x4F4F4F4F, 0x4F4F4F4F, 0x4F4F4F4F, 0x4F4F4F4F, 0x314F4F4F, 0x4F4F4F31,
    0x314F4F4F, 0x4F4F4F3A, 0x4F4F4F4F, 0x4F4F4F4F, 0x4F4F4F4F, 0x4F4F4F4F, 0x4F4F4F4F, 0x4F4F4F4F,
    0x52524F4F, 0x52525252, 0x524F4F4F, 0x52525252, 0x524F4F4F, 0x52525252, 0x314F4F4F, 0x52525231,
    0x314F4F4F, 0x5252523A, 0x4F4F4F4F, 0x5252524F, 0x4F4F4F4F, 0x4F4F4F4F, 0x4F4F4F4F, 0x4F4F4F4F,
    0x52525252, 0x4F4F4F52, 0x52525252, 0x4F4F4F4F, 0x4F525252, 0x4F4F4F4F, 0x314F5252, 0x4F4F4F31,
    0x314F4F52, 0x4F4F4F3A, 0x4F4F4F4F, 0x4F4F4F4F, 0x4F4F4F4F, 0x4F4F4F4F, 0x4F4F4F4F, 0x504F4F4F,
    0x4F4F4F4F, 0x5050504F, 0x4F4F4F4F, 0x5050504F, 0x4F4F4F4F, 0x50505050, 0x31504F4F, 0x50505031,
    0x3150504F, 0x5050503A, 0x50505050, 0x50505050, 0x50505050, 0x50505050, 0x50505050, 0x50505050,
    0x50505050, 0x50505050, 0x50505050, 0x50505050, 0x50505050, 0x50505050, 0x31505050, 0x50505031,
    0x31505050, 0x50505039, 0x50505050, 0x50505050, 0x50505050, 0x50505050, 0x50505050, 0x50505050,
    0x4D4D4D4D, 0x5050504D, 0x4D4D4D4D, 0x5050504D, 0x4D4D4D4D, 0x5050504D, 0x314D4D4D, 0x50505031,
    0x314D4D50, 0x50504D39, 0x4D4D4D50, 0x50504D4D, 0x4D4D4D50, 0x50504D4D, 0x4D4D5050, 0x50504D4D,
    0x4F505050, 0x4F4F4F4F, 0x4F505050, 0x4F4F4F4F, 0x4F505050, 0x4F4F4F4F, 0x31505050, 0x4F4F4F31,
    0x31505050, 0x4F4F4F3A, 0x4F505050, 0x4F4F4F4F, 0x50505050, 0x4F4F4F4F, 0x50505050, 0x504F4F50,
    0x4F4F4F4F, 0x5050504F, 0x4F4F4F4F, 0x50505050, 0x504F4F4F, 0x50505050, 0x314F4F4F, 0x50505031,
    0x31504F4F, 0x5050503A, 0x50504F4F, 0x4D505050, 0x5050504F, 0x4D4D5050, 0x50505050, 0x4D4D5050,
    0x50505050, 0x50505050, 0x50505050, 0x4D505050, 0x50505050, 0x4D4D4D4D, 0x314D5050, 0x4D4D4D31,
    0x314D4D4D, 0x4D4D4D39, 0x4D4D4D4D, 0x4D4D4D4D, 0x4D4D4D4D, 0x4D4D4D4D, 0x4D4D4D4D, 0x4D4D4D4D,
    0x4D4D4D4D, 0x4D4D4D4D, 0x4D4D4D4D, 0x4D4D4D4D, 0x4D4D4D4D, 0x4D4D4D4D, 0x314D4D4D, 0x504D4D31,
    0x314D4D4D, 0x50504D39, 0x4D4D4D4D, 0x50504D4D, 0x4D4D4D4D, 0x5050504D, 0x4D4D4D4D, 0x50505050,
    0x4D4D4D4D, 0x4D4D4D4D, 0x4D4D4D4D, 0x4D4D4D4D, 0x50504D4D, 0x4D4D4D4D, 0x31505050, 0x4D4D5031,
    0x31505050, 0x4D505039, 0x50505050, 0x50505050, 0x50505050, 0x50505050, 0x50505050, 0x50505050,
    0x4D4D4D4D, 0x5B4D4D4D, 0x4D4D4D4D, 0x5B4D4D4D, 0x4D4D4D4D, 0x5B4D4D4D, 0x314D4D4D, 0x5B4D4D31,
    0x314D4D4D, 0x5B4D4D39, 0x4D4D4D4D, 0x5B4D4D4D, 0x4D4D4D4D, 0x5B4D4D4D, 0x4D4D4D50, 0x5B4D4D4D,
    0x2F2F2F28, 0x2F2F2F2F, 0x2F2F2F28, 0x2F2F2F2F, 0x2F2F2F28, 0x2F2F2F2F, 0x2F2F2F28, 0x2F2F2F2F,
    0x2F2F2F28, 0x2F2F2F2F, 0x2F2F2F28, 0x2F2F2F2F, 0x2F2F2F28, 0x312F2F2F, 0x2F2F2F28, 0x312F2F2F,
    0x2F2F2F2F, 0x2F2F2F2F, 0x2F2F2F2F, 0x2F2F2F2F, 0x2F2F2F2F, 0x2F2F2F2F, 0x2F2F312F, 0x2F2F2F2F,
    0x2F2F2F2F, 0x2F2F2F2F, 0x2F2F2F31, 0x2F2F2F2F, 0x2F2F2F31, 0x2F2F2F2F, 0x2F2F2F31, 0x2F2F2F2F,
    0x31312F31, 0x2F2F2F31, 0x31313131, 0x2F2F2F31, 0x32313131, 0x2F2F2F31, 0x32313131, 0x2F2F2F31,
    0x31313131, 0x2F2F2F2F, 0x31313131, 0x2F2F2F2F, 0x31313131, 0x2F2F2F2F, 0x31313131, 0x2F2F2F2F,
    0x2F313231, 0x312F2F2F, 0x2F313231, 0x312F2F2F, 0x2F313231, 0x32312F2F, 0x2F313231, 0x32312F2F,
    0x2F313231, 0x32312F2F, 0x2F313231, 0x32312F2F, 0x2F313231, 0x32312F2F, 0x2F313231, 0x32312F2F,
    0x2F2F2F31, 0x2A31312F, 0x2F2F2F31, 0x2A31312F, 0x2F2F2F31, 0x2A31312F, 0x2F2F2F31, 0x2A31312F,
    0x2F2F2F31, 0x2A31312F, 0x2F2F2F31, 0x2A31312F, 0x2F2F2F31, 0x2A31312F, 0x2F2F2F32, 0x2A31312F,
    0x31313138, 0x2F2F2F2F, 0x31313138, 0x2F312F2F, 0x2F2F3138, 0x2F31312F, 0x2F2F3138, 0x2F31312F,
    0x3C2F3138, 0x2F313132, 0x322F3138, 0x2F313129, 0x2F2F3138, 0x2F312F2F, 0x2A2A2A2A, 0x2A2A2A2A,
    0x2F2F312F, 0x2F2F2F2F, 0x2F2F2F2F, 0x2F2F2F2F, 0x2F2F2F2F, 0x2D2F2F2F, 0x2F2F2F2F, 0x2D2F2F2F,
    0x2F2F2F2F, 0x2D2F2F2F, 0x2F2F2F2F, 0x2D2F2F2F, 0x2F2F2F2F, 0x2F2F2F2F, 0x2A2A2A2A, 0x2A2A2A2A,
    0x2F2F2F2F, 0x2F2F2F2F, 0x2F2F2F2F, 0x2F2F2F2F, 0x2F2F2F2F, 0x2F2F2F2F, 0x31312F2F, 0x2F2F2F2F,
    0x31312F2F, 0x2F2F2F2F, 0x2F2F2F2F, 0x2F2F2F2F, 0x2F2F2F2F, 0x2F2F2F2F, 0x2A2A2A2A, 0x2A2A2A2A,
    0x2F2F2F2F, 0x2F2F2F2F, 0x2F2F2F2F, 0x2F2F2F2F, 0x2F2F2F2F, 0x2F2F2F2F, 0x2F2F2F2F, 0x2F2F2F2F,
    0x2F2F2F2F, 0x2F2F2F2F, 0x2F2F2F2F, 0x2F2F2F2F, 0x2F2F2F2F, 0x2F2F2F2F, 0x2A2A2A2A, 0x2A2A2A2A,
    0x2F2F2F2F, 0x282F2F2F, 0x2F2F2F2F, 0x282F2F2F, 0x2F2F2F2F, 0x282F2F2F, 0x2F2F2F2F, 0x282F2F2F,
    0x3C2F2F2F, 0x282F2F32, 0x322F2F2F, 0x282F2F29, 0x2F2F2F2F, 0x282F2F2F, 0x2A2A2A2A, 0x282A2A2A,
    0x4F4F4F5B, 0x50504F4F, 0x4F4F4F5B, 0x50505050, 0x50504F5B, 0x50505050, 0x3150505B, 0x50505031,
    0x3150505B, 0x4D505039, 0x5050505B, 0x4D4D5050, 0x5050505B, 0x4D4D4D50, 0x5050505B, 0x4D4D4D4D,
    0x50505050, 0x50505050, 0x50505050, 0x50505050, 0x50505050, 0x4D505050, 0x314D4D50, 0x4D4D4D31,
    0x314D4D4D, 0x4D4D4D39, 0x4D4D4D4D, 0x4D4D4D4D, 0x4D4D4D4D, 0x4D4D4D4D, 0x4D4D4D4D, 0x4D4D4D4D,
    0x50505050, 0x4D505050, 0x50505050, 0x4D4D4D50, 0x4D4D4D4D, 0x4D4D4D4D, 0x314D4D4D, 0x4D4D4D31,
    0x314D4D4D, 0x4D4D4D39, 0x4D4D4D4D, 0x4D4D4D4D, 0x4D4D4D4D, 0x4D4D4D4D, 0x4D4D4D4D, 0x4D4D4D4D,
    0x4D4D4D4D, 0x4D4D4D4D, 0x4D4D4D4D, 0x4D4D4D4D, 0x4D4D4D4D, 0x4D4D4D4D, 0x314D4D4D, 0x4D4D4D31,
    0x314D4D4D, 0x4D4D4D39, 0x4D4D4D4D, 0x4D4D4D4D, 0x4D4D4D4D, 0x4D4D4D4D, 0x4D4D4D4D, 0x4D4D4D4D,
    0x4D4D4D4D, 0x4D4D4D4D, 0x4D4D4D4D, 0x4D4D4D4D, 0x4D4D4D4D, 0x4D4D4D4D, 0x314D4D4D, 0x4D4D4D31,
    0x314D4D4D, 0x4D4D4D39, 0x4D4D4D4D, 0x4D4D4D4D, 0x4D4D4D4D, 0x4D4D4D4D, 0x4D4D4D4D, 0x4D4D4D4D,
    0x4D4D4D4D, 0x4D4D4D4D, 0x4D4D4D4D, 0x4D4D4D4D, 0x4D4D4D4D, 0x4D4D4D4D, 0x314D4D4D, 0x4D4D4D31,
    0x314D4D4D, 0x4D4D4D39, 0x4D4D4D4D, 0x4D4D4D4D, 0x4D4D4D4D, 0x4D4D4D4D, 0x4D4D4D4D, 0x4D4D4D4D,
    0x504D4D4D, 0x50505050, 0x504D4D4D, 0x50505050, 0x504D4D4D, 0x50505050, 0x314D4D4D, 0x50505031,
    0x314D4D4D, 0x50505039, 0x4D4D4D4D, 0x4D4D4D4D, 0x4D4D4D4D, 0x4D4D4D4D, 0x4D4D4D4D, 0x4D4D4D4D,
    0x50505050, 0x50505050, 0x50505050, 0x50505050, 0x50505050, 0x50505050, 0x31505050, 0x50505031,
    0x31505050, 0x50505039, 0x4D4D4D4D, 0x4D4D4D4D, 0x4D4D4D4D, 0x4D4D4D4D, 0x4D4D4D4D, 0x4D4D4D4D,
    0x50505050, 0x4F505050, 0x50505050, 0x50505050, 0x50505050, 0x50505050, 0x31505050, 0x50505031,
    0x31505050, 0x50505039, 0x4D4D4D4D, 0x50505050, 0x4D4D4D4D, 0x504D4D4D, 0x4D4D4D4D, 0x4D4D4D4D,
    0x4F4F4F4F, 0x4F4F4F4F, 0x4F4F4F4F, 0x4F4F4F4F, 0x4F4F4F50, 0x4F4F4F4F, 0x314F5050, 0x4F4F4F31,
    0x31505050, 0x4F4F4F3A, 0x50505050, 0x4F4F4F50, 0x50505050, 0x50505050, 0x50505050, 0x50505050,
    0x4F4F4F4F, 0x504F4F4F, 0x4F4F4F4F, 0x50504F4F, 0x4F4F4F4F, 0x50504F4F, 0x314F4F4F, 0x50505031,
    0x314F4F4F, 0x5050503A, 0x50504F4F, 0x50505050, 0x50505050, 0x50505050, 0x50505050, 0x50505050,
    0x50505050, 0x50505050, 0x50505050, 0x50505050, 0x50505050, 0x50505050, 0x31505050, 0x50505031,
    0x31505050, 0x5050503A, 0x50505050, 0x50505050, 0x50505050, 0x50505050, 0x50505050, 0x50505050,
    0x50505050, 0x50505050, 0x50505050, 0x50505050, 0x50505050, 0x50505050, 0x314F4F4F, 0x50505031,
    0x314F4F4F, 0x5050503A, 0x4F4F4F4F, 0x504F4F4F, 0x4F4F4F4F, 0x504F4F4F, 0x4F4F5050, 0x50504F4F,
    0x50505050, 0x50505050, 0x50505050, 0x50505050, 0x50505050, 0x50505050, 0x31505050, 0x50505031,
    0x31505050, 0x5050503A, 0x50505050, 0x50505050, 0x50505050, 0x50505050, 0x50505050, 0x50505050,
    0x50505050, 0x50505050, 0x50505050, 0x50505050, 0x50505050, 0x50505050, 0x31505050, 0x4D4D4D31,
    0x314D5050, 0x4D4D4D39, 0x4D4D4D50, 0x4D4D4D4D, 0x4D4D4D50, 0x4D4D4D4D, 0x4D4D4D50, 0x4D4D4D4D,
    0x50505050, 0x4D4D4D50, 0x50505050, 0x4D4D4D4D, 0x4D4D5050, 0x4D4D4D4D, 0x314D4D4D, 0x4D4D4D31,
    0x314D4D4D, 0x4D4D4D39, 0x4D4D4D4D, 0x4D4D4D4D, 0x4D4D4D4D, 0x4D4D4D4D, 0x4D4D4D4D, 0x4D4D4D4D,
    0x4D4D4D4D, 0x4D4D4D4D, 0x4D4D4D4D, 0x4D4D4D4D, 0x4D4D4D4D, 0x4D4D4D4D, 0x314D4D4D, 0x4D4D4D31,
    0x314D4D4D, 0x4D4D4D39, 0x4D4D4D4D, 0x4D4D4D4D, 0x4D4D4D4D, 0x4D4D4D4D, 0x4D4D4D4D, 0x4D4D4D4D,
    0x4D4D4D4D, 0x50505050, 0x504D4D4D, 0x50505050, 0x504D4D4D, 0x50505050, 0x314D4D4D, 0x50505031,
    0x314D4D4D, 0x50505039, 0x4D4D4D4D, 0x50505050, 0x4D4D4D4D, 0x50505050, 0x4D4D4D4D, 0x5050504D,
    0x50505050, 0x50505050, 0x50505050, 0x50505050, 0x50505050, 0x50505050, 0x31505050, 0x50505031,
    0x31505050, 0x5050503A, 0x50505050, 0x50505050, 0x50505050, 0x50505050, 0x50505050, 0x50505050,
    0x4D4D5050, 0x5B4D4D4D, 0x4D505050, 0x5B4D4D4D, 0x50505050, 0x5B505050, 0x31505050, 0x5B505031,
    0x31505050, 0x5B505039, 0x50505050, 0x5B505050, 0x50505050, 0x5B505050, 0x50505050, 0x5B505050,
    0x2F312F28, 0x312F2F2F, 0x31313128, 0x312F2F2F, 0x31313128, 0x2F2F2F2F, 0x31323228, 0x2F2F2F31,
    0x3C323228, 0x2F2F2F32, 0x32313228, 0x2F2F2F29, 0x2F313228, 0x2F2F2F2F, 0x2A2A2A28, 0x2A2A2A2A,
    0x2F2F3131, 0x2F2F2F2F, 0x2F2F3131, 0x2F2F2F2F, 0x2F2F3131, 0x2F2F2F2F, 0x312F3131, 0x312F2F31,
    0x312F3131, 0x312F2F31, 0x312F3131, 0x312F2F31, 0x2F2F2F31, 0x312F2F2F, 0x2A2A2A2A, 0x2A2A2A2A,
    0x2F313131, 0x2F2F2F2F, 0x2F313131, 0x2F2F2F2F, 0x31313131, 0x2F2F2F2F, 0x31313131, 0x2F2F2F2F,
    0x31313131, 0x2F2F2F2F, 0x31313131, 0x2F2F2F2F, 0x2F313131, 0x2F2F2F2F, 0x2A2A2A2A, 0x2A2A2A2A,
    0x2F313231, 0x32312F2F, 0x2F313231, 0x31312F2F, 0x2F313231, 0x312F2F2F, 0x2F313231, 0x2F2F2F2F,
    0x2F313231, 0x2F2F2F2F, 0x2F313231, 0x312F2F2F, 0x2F2F3131, 0x31312F2F, 0x2A2A2A2A, 0x2A2A2A2A,
    0x2F2F2F31, 0x2A31312F, 0x2F2F2F31, 0x2A31312F, 0x2F2F2F2F, 0x2A313231, 0x2F2F2F2F, 0x2A313231,
    0x3C2F2F2F, 0x2A313232, 0x322F2F2F, 0x2A313229, 0x2F2F2F31, 0x2A2F3131, 0x2A2A2A2A, 0x2A2A2A2A,
    0x38383838, 0x38383838, 0x2F313138, 0x2F2F2F2F, 0x2F312F38, 0x2F2F2F2F, 0x31312F38, 0x2F2F2F2F,
    0x3C312F38, 0x2F2F2F32, 0x32312F38, 0x2F2F2F29, 0x31312F38, 0x2F2F2F2F, 0x2F312F38, 0x2F2F2F2F,
    0x38383838, 0x38383838, 0x2F2F2F2F, 0x2F2F2F2F, 0x2F2F2F2F, 0x2F2F2F2F, 0x2F2F2F2F, 0x2F2F2F2F,
    0x2F2F2F2F, 0x2F2F2F2F, 0x2F2F2F2F, 0x2F2F2F2D, 0x2F2F2F2F, 0x2F2F2F2F, 0x2F2F2F2F, 0x2F2F2F2F,
    0x38383838, 0x38383838, 0x2F2F2F2F, 0x2F2F2F2F, 0x2F2F2F2F, 0x2F2F2F2F, 0x2F2F2F2F, 0x2F2F2F2F,
    0x2F312F2F, 0x312F2F2F, 0x2F2F2F2F, 0x312F2F2F, 0x2F2F2F2F, 0x312F2F2F, 0x2F2F2F2F, 0x312F2F2F,
    0x38383838, 0x38383838, 0x2F313131, 0x2F2F2F2F, 0x31313131, 0x2F2F2F2F, 0x31313131, 0x2F2F2F2F,
    0x31313131, 0x2F2D2F2F, 0x31313131, 0x2F2D2F2F, 0x31313131, 0x2F2D2F2F, 0x2F313131, 0x2F2F2F2F,
    0x38383838, 0x28383838, 0x2F2F312F, 0x282F2F2F, 0x2F31312F, 0x282F2F2F, 0x2F31312F, 0x282F2F2F,
    0x3C31312F, 0x282F2F32, 0x3231312F, 0x282F2F29, 0x2F31312F, 0x282F2F2F, 0x2F2F3131, 0x282F2F2F,
    0x5050505B, 0x4D4D4D4D, 0x4D50505B, 0x4D4D4D4D, 0x4D50505B, 0x4D4D4D4D, 0x314D4D5B, 0x4D4D4D31,
    0x314D4D5B, 0x4D4D4D39, 0x4D4D4D5B, 0x4D4D4D4D, 0x4D4D4D5B, 0x4D4D4D4D, 0x4D4D4D5B, 0x4D4D4D4D,
    0x4D4D4D4D, 0x4D4D4D4D, 0x4D4D4D4D, 0x4D4D4D4D, 0x4D4D4D4D, 0x4D4D4D4D, 0x314D4D4D, 0x4D4D4D31,
    0x314D4D4D, 0x4D4D4D39, 0x4D4D4D4D, 0x4D4D4D4D, 0x4D4D4D4D, 0x4D4D4D4D, 0x4D4D4D4D, 0x4D4D4D4D,
    0x4D4D4D4D, 0x4D4D4D4D, 0x4D4D4D4D, 0x4D4D4D4D, 0x4D4D4D4D, 0x4D4D4D4D, 0x314D4D4D, 0x4D4D4D31,
    0x314D4D4D, 0x4D4D4D39, 0x4D4D4D4D, 0x4D4D4D4D, 0x4D4D4D4D, 0x4D4D4D4D, 0x4D4D4D4D, 0x4D4D4D4D,
    0x4D4D4D4D, 0x4D4D4D4D, 0x4D4D4D4D, 0x4D4D4D4D, 0x4D4D4D4D, 0x4D4D4D4D, 0x314D4D4D, 0x4D4D4D31,
    0x314D4D4D, 0x4D4D4D39, 0x4D4D4D4D, 0x4D4D4D4D, 0x4D4D4D4D, 0x4E4E4E4E, 0x4E4E4D4D, 0x4E4E4E4E,
    0x4D4D4D4D, 0x4D4D4D4D, 0x4D4D4D4D, 0x4D4D4D4D, 0x4D4D4D4D, 0x4D4D4D4D, 0x314D4D4D, 0x4D4D4D31,
    0x314D4D4D, 0x4D4D4D39, 0x4D4D4D4D, 0x4D4D4D4D, 0x4D4D4D4D, 0x4D4D4D4D, 0x4D4D4E4E, 0x4D4D4D4D,
    0x4D4D4D4D, 0x4D4D4D4D, 0x4D4D4D4D, 0x4D4D4D4D, 0x4D4D4D4D, 0x4D4D4D4D, 0x314D4D4D, 0x4D4D4D31,
    0x314D4D4D, 0x4D4D4D39, 0x4D4D4D4D, 0x4D4D4D4D, 0x4D4D4D4D, 0x4D4D4D4D, 0x4D4D4D4D, 0x4D4D4D4D,
    0x4D4D4D4D, 0x4D4D4D4D, 0x4D4D4D4D, 0x4D4D4D4D, 0x4D4D4D4D, 0x4D4D4D4D, 0x314D4D4D, 0x4D4D4D31,
    0x314D4D4D, 0x4D4D4D39, 0x4D4D4D4D, 0x4D4D4D4D, 0x4D4D4D4D, 0x4D4D4D4D, 0x4D4D4D4D, 0x4D4D4D4D,
    0x4D4D4D4D, 0x4D4D4D4D, 0x4D4D4D4D, 0x4D4D4D4D, 0x4D4D4D4D, 0x4D4D4D4D, 0x314D4D4D, 0x4D4D4D31,
    0x314D4D4D, 0x4D4D4D39, 0x4D4D4D4D, 0x4D4D4D4D, 0x4D4D4D4D, 0x4D4D4D4D, 0x4D4D4D4D, 0x4D4D4D4D,
    0x4D4D4D4D, 0x4D4D4D4D, 0x4D4D4D4D, 0x4D4D4D4D, 0x4D4D4D4D, 0x4D4D4D4D, 0x314D4D4D, 0x4D4D4D31,
    0x314D4D4D, 0x4D4D4D39, 0x4D4D4D4D, 0x4D4D4D4D, 0x4D4D4D4D, 0x4D4D4D4D, 0x4D4D4D4D, 0x4D4D4D4D,
    0x5050504D, 0x50505050, 0x5050504D, 0x50505050, 0x50504D4D, 0x50505050, 0x314D4D4D, 0x50505031,
    0x314D4D4D, 0x4D4D4D39, 0x4D4D4D4D, 0x4D4D4D4D, 0x4D4D4D4D, 0x4D4D4D4D, 0x4D4D4D4D, 0x4D4D4D4D,
    0x50505050, 0x50505050, 0x50505050, 0x50505050, 0x50505050, 0x50505050, 0x31505050, 0x4D4D4D31,
    0x314D4D4D, 0x4D4D4D39, 0x4D4D4D4D, 0x4D4D4D4D, 0x4D4D4D4D, 0x4D4D4D4D, 0x4D4D4D4D, 0x4D4D4D4D,
    0x50505050, 0x50505050, 0x50505050, 0x50505050, 0x50505050, 0x50505050, 0x314D4D4D, 0x50505031,
    0x314D4D4D, 0x50504D39, 0x4D4D4D4D, 0x4D4D4D4D, 0x4D4D4D4D, 0x4D4D4D4D, 0x4D4D4D4D, 0x4D4D4D4D,
    0x50505050, 0x50505050, 0x50505050, 0x50505050, 0x50505050, 0x50505050, 0x31505050, 0x50505031,
    0x31505050, 0x50505039, 0x50504D4D, 0x4D4D4D4D, 0x4D4D4D4D, 0x4D4D4D4D, 0x4D4D4D4D, 0x4D4D4D4D,
    0x50505050, 0x50505050, 0x50505050, 0x4D505050, 0x50505050, 0x4D505050, 0x31505050, 0x4D4D4D31,
    0x314D4D50, 0x4D4D4D39, 0x4D4D4D4D, 0x4D4D4D4D, 0x4D4D4D4D, 0x4D4D4D4D, 0x4D4D4D4D, 0x4D4D4D4D,
    0x4D4D4D4D, 0x4D4D4D4D, 0x4D4D4D4D, 0x4D4D4D4D, 0x4D4D4D4D, 0x4D4D4D4D, 0x314D4D4D, 0x4D4D4D31,
    0x314D4D4D, 0x4D4D4D39, 0x4D4D4D4D, 0x4D4D4D4D, 0x4D4D4D4D, 0x4D4D4D4D, 0x4D4D4D4D, 0x4D4D4D4D,
    0x4D4D4D4D, 0x4D4D4D4D, 0x4D4D4D4D, 0x4D4D4D4D, 0x4D4D4D4D, 0x4D4D4D4D, 0x314D4D4D, 0x4D4D4D31,
    0x314D4D4D, 0x4D4D4D39, 0x4D4D4D4D, 0x4D4D4D4D, 0x4D4D4D4D, 0x4D4D4D4D, 0x4D4D4D4D, 0x4D4D4D4D,
    0x4D4D4D4D, 0x4D4D4D4D, 0x4D4D4D4D, 0x4D4D4D4D, 0x4D4D4D4D, 0x4D4D4D4D, 0x314D4D4D, 0x4D4D4D31,
    0x314D4D4D, 0x4D4D4D39, 0x4D4D4D4D, 0x4D4D4D4D, 0x4D4D4D4D, 0x4D4D4D4D, 0x4D4D4D4D, 0x4D4D4D4D,
    0x4D4D4D4D, 0x5050504D, 0x4D4D4D4D, 0x50504D4D, 0x4D4D4D4D, 0x504D4D4D, 0x314D4D4D, 0x4D4D4D31,
    0x314D4D4D, 0x4D4D4D39, 0x4D4D4D4D, 0x4D4D4D4D, 0x4D4D4D4D, 0x4D4D4D4D, 0x4D4E4E4E, 0x4D4D4D4D,
    0x50505050, 0x50505050, 0x50505050, 0x50505050, 0x50505050, 0x50505050, 0x3150504D, 0x50505031,
    0x314D4D4D, 0x4D4D4D39, 0x4D4D4D4D, 0x4D4D4D4D, 0x4D4D4D4D, 0x4D4D4D4D, 0x4D4D4D4D, 0x4D4D4D4D,
    0x50505050, 0x5B505050, 0x50505050, 0x5B505050, 0x50505050, 0x5B4D4D4D, 0x314D4D4D, 0x5B4D4D31,
    0x314D4D4D, 0x5B4D4D39, 0x4D4D4D4D, 0x5B4D4D4D, 0x4D4D4D4D, 0x5B4D4D4D, 0x4D4D4D4D, 0x5B4D4D4D,
    0x38383828, 0x38383838, 0x2F313128, 0x2F2F2F2F, 0x2F2F2F28, 0x2F2F2F2F, 0x2F2F2F28, 0x2F2F2F2F,
    0x3C2F2F28, 0x2F2F2F32, 0x322F2F28, 0x2F2F2F29, 0x2F2F2F28, 0x2F2F2F2F, 0x2F2F2F28, 0x2F2F2F2F,
    0x38383838, 0x38383838, 0x2F2F2F2F, 0x2F2F2F2F, 0x2F2F2F2F, 0x2F2F2F2F, 0x2F2F2F2F, 0x2F2F2F2F,
    0x2F2F2F2F, 0x2F2F2F2F, 0x2F2F2F2F, 0x2F2F2F2F, 0x2F2F2F2F, 0x2F2F2F2F, 0x2F2F2F2F, 0x2F2F2F2F,
    0x38383838, 0x38383838, 0x2F2F2F2F, 0x2F2F2F2F, 0x2F2F2F2F, 0x3131312F, 0x2F2F312F, 0x3232312F,
    0x2F2F312F, 0x3232322F, 0x2F2F312F, 0x3232322F, 0x2F2F312F, 0x32323231, 0x2F2F312F, 0x31323231,
    0x38383838, 0x38383838, 0x2F2F2F2F, 0x312F2F2F, 0x2F2F2F2F, 0x2F2F2F2F, 0x2F2F2F2F, 0x2F2F2F2F,
    0x2F2F2F2F, 0x2F2F2F2F, 0x2F2F2F2F, 0x2F2F2F2F, 0x2F2F2F2F, 0x2F2F2F31, 0x312F2F2F, 0x2F2F3131,
    0x38383838, 0x2A383838, 0x2F2F2F31, 0x2A2F2F2F, 0x2F2F2F31, 0x2A2F2F2F, 0x2F2F2F2F, 0x2A2F2F2F,
    0x3C2F2F2F, 0x2A2F2F32, 0x322F2F2F, 0x2A2F2F29, 0x2F2F2F2F, 0x2A2F2F2F, 0x2F2F2F2F, 0x2A2F2F2F,
    0x2F2F2F38, 0x2F2F2F2F, 0x2F2F2F38, 0x2F2F2F2F, 0x2F2F2F38, 0x2F2F2F2F, 0x2F2F2F38, 0x2F2F2F2F,
    0x2F2F2F38, 0x2F2F2F2F, 0x2F2F2F38, 0x2F2F2F2F, 0x2F2F2F38, 0x2F2F2F2F, 0x2F2F3138, 0x2F2F2F2F,
    0x2F2F2F2F, 0x2F2F2F2F, 0x2F2F2F2F, 0x2F2F2F2F, 0x2F2F2F2F, 0x2F2F2F2F, 0x2F2F2F2F, 0x2F2F2F2F,
    0x2F2F2F2F, 0x2F2F2F2F, 0x2F2F2F2F, 0x2F2F2F2F, 0x2F2F2F2F, 0x2F2F2F2F, 0x2F2F2F2F, 0x2F2F2F2F,
    0x2F2F2F2F, 0x31312F2F, 0x2F2F2F2F, 0x2F312F2F, 0x2F2F2F2F, 0x2F2F2F2F, 0x2F312F2F, 0x2F2F2F2F,
    0x2F31312F, 0x2F2F2F2F, 0x2F31312F, 0x2F2F2F2F, 0x2F31312F, 0x2F2F2F2F, 0x3131312F, 0x2F2F2F2F,
    0x2F2F3131, 0x2F2F2F2F, 0x2F2F312F, 0x2F2F2F2F, 0x2F2F2F2F, 0x2F2F2F2F, 0x2F2F2F2F, 0x2F2F2F2F,
    0x2F2F2F2F, 0x2F2D2F2F, 0x2F2F2F2F, 0x2D2D2F2F, 0x2F2F2F2F, 0x2D2D2F2F, 0x2F2F2F2F, 0x2F2D2F2F,
    0x2F2F3131, 0x282F2F2F, 0x2F2F312F, 0x282F2F2F, 0x2F2F2F2F, 0x282F2F2F, 0x2F2F2F2F, 0x282F3131,
    0x312F2F2F, 0x282F3131, 0x31312F2F, 0x282F3131, 0x312F2F2F, 0x282F3232, 0x31312F2F, 0x282F3232,
    0x4D4D4D5B, 0x4D4D4D4D, 0x4D4D4D5B, 0x4D4D4D4D, 0x4D4D4D5B, 0x4D4D4D4D, 0x314D4D5B, 0x4D4D4D31,
    0x314D4D5B, 0x4D4D4D39, 0x4D4D4D5B, 0x4D4D4D4D, 0x4D4D4D5B, 0x4D4D4D4D, 0x4D4D4D5B, 0x4E4E4D4D,
    0x4D4D4D4D, 0x4D4D4D4D, 0x4D4D4D4D, 0x4D4D4D4D, 0x4D4D4D4D, 0x4D4D4D4D, 0x314D4D4D, 0x4D4D4D31,
    0x314D4D4D, 0x4E4D4D39, 0x4E4D4D4D, 0x4E4E4E4E, 0x4E4E4E4E, 0x4E4E4E4E, 0x4E4E4E4E, 0x4E4E4E4E,
    0x4D4D4D4D, 0x4D4D4D4D, 0x4D4D4D4D, 0x4D4D4D4D, 0x4D4D4D4D, 0x4E4D4D4D, 0x314D4D4D, 0x4E4E4E31,
    0x304E4E4E, 0x4E4E4E38, 0x4E4E4E4E, 0x4E4E4E4E, 0x4E4E4E4E, 0x4E4E4E4E, 0x4E4E4E4E, 0x4E4E4E4E,
    0x4E4E4E4D, 0x4E4E4E4E, 0x4E4E4E4E, 0x4E4E4E4E, 0x4E4E4E4E, 0x4E4E4E4E, 0x2F4E4E4E, 0x4E4E4E2F,
    0x2F4E4E4E, 0x4E4E4E36, 0x4E4E4E4E, 0x4E4E4E4E, 0x4E4E4E4E, 0x4E4E4E4E, 0x4E4E4E4E, 0x4E4E4E4E,
    0x4D4E4E4E, 0x4D4D4D4D, 0x4D4E4E4E, 0x4D4D4D4D, 0x4E4E4E4E, 0x4D4D4D4D, 0x304E4E4E, 0x4D4D4E30,
    0x304E4E4E, 0x4E4E4E36, 0x4E4E4E4E, 0x4E4E4E4E, 0x4E4E4E4E, 0x4E4E4E4E, 0x4E4E4E4E, 0x4E4E4E4E,
    0x4D4D4D4D, 0x4D4D4D4D, 0x4D4D4D4D, 0x4D4D4D4D, 0x4D4D4D4D, 0x4D4D4D4D, 0x314D4D4D, 0x4D4D4D31,
    0x304E4E4E, 0x4D4D4D38, 0x4E4E4E4E, 0x4E4E4E4E, 0x4E4E4E4E, 0x4E4E4E4E, 0x4E4E4E4E, 0x4E4E4E4E,
    0x4D4D4D4D, 0x4D4D4D4D, 0x4D4D4D4D, 0x4D4D4D4D, 0x4D4D4D4D, 0x4D4D4D4D, 0x314D4D4D, 0x4D4D4D31,
    0x314D4D4D, 0x4D4D4D39, 0x4D4D4D4D, 0x4D4D4D4D, 0x4D4E4E4E, 0x4D4D4D4D, 0x4E4E4E4E, 0x4D4D4D4E,
    0x4D4D4D4D, 0x4D4D4D4D, 0x4D4D4D4D, 0x4D4D4D4D, 0x4D4D4D4D, 0x4D4D4D4D, 0x314D4D4D, 0x4D4D4D31,
    0x314D4D4D, 0x4D4D4D39, 0x4D4D4D4D, 0x4D4D4D4D, 0x4D4D4D4D, 0x4D4D4D4D, 0x4D4D4D4D, 0x4D4D4D4D,
    0x4D4D4D4D, 0x4D4D4D4D, 0x4D4D4D4D, 0x4D4D4D4D, 0x4D4D4D4D, 0x4D4D4D4D, 0x314D4D4D, 0x4D4D4D31,
    0x314D4D4D, 0x4D4D4D39, 0x4D4D4D4D, 0x4D4D4D4D, 0x4D4D4D4D, 0x4D4D4D4D, 0x4D4D4D4D, 0x4D4D4D4D,
    0x4D4D4D4D, 0x4D4D4D4D, 0x4D4D4D4D, 0x4D4D4D4D, 0x4D4D4D4D, 0x4D4D4D4D, 0x314D4D4D, 0x4D4D4D31,
    0x314D4D4D, 0x4D4D4D39, 0x4D4D4D4D, 0x4D4D4D4D, 0x4D4D4D4D, 0x4D4D4D4D, 0x4D4D4D4D, 0x4E4E4E4D,
    0x4D4D4D4D, 0x4D4D4D4D, 0x4D4D4D4D, 0x4D4D4D4D, 0x4D4D4D4D, 0x4D4D4D4D, 0x314D4D4D, 0x4D4D4D31,
    0x314D4D4D, 0x4D4D4D39, 0x4D4D4D4D, 0x4D4D4D4D, 0x4D4D4D4D, 0x4D4D4D4D, 0x4D4D4D4E, 0x4D4D4D4D,
    0x4D4D4D4D, 0x4D4D4D4D, 0x4D4D4D4D, 0x4D4D4D4D, 0x4D4D4D4D, 0x4D4D4D4D, 0x314D4D4D, 0x4D4D4D31,
    0x314D4D4D, 0x4D4D4D39, 0x4D4D4D4D, 0x4D4D4D4D, 0x4D4D4D4D, 0x4D4D4D4D, 0x4D4D4D4D, 0x4D4D4D4D,
    0x4D4D4D4D, 0x4D4D4D4D, 0x4D4D4D4D, 0x4D4D4D4D, 0x4D4D4D4D, 0x4D4D4D4D, 0x314D4D4D, 0x4D4D4D31,
    0x314D4D4D, 0x4D4D4D39, 0x4D4D4D4D, 0x4D4D4D4D, 0x4D4D4D4D, 0x4D4D4D4D, 0x4D4D4D4D, 0x4D4D4D4D,
    0x4D4D4D4D, 0x4D4D4D4D, 0x4D4D4D4D, 0x4D4D4D4D, 0x4D4D4D4D, 0x4D4D4D4D, 0x314D4D4D, 0x4D4D4D31,
    0x314D4D4D, 0x4D4D4D39, 0x4D4D4D4D, 0x4D4D4D4D, 0x4E4D4D4D, 0x4E4E4E4E, 0x4E4E4D4D, 0x4E4E4E4E,
    0x4D4D4D4D, 0x4D4D4D4D, 0x4D4D4D4D, 0x4D4D4D4D, 0x4D4D4D4D, 0x4D4D4D4D, 0x314D4D4D, 0x4D4D4D31,
    0x314D4D4D, 0x4D4D4D39, 0x4D4D4D4D, 0x4D4D4D4D, 0x4E4E4E4E, 0x4E4E4E4E, 0x4E4E4E4E, 0x4E4E4E4E,
    0x4D4D4D4D, 0x4D4D4D4D, 0x4D4D4D4D, 0x4E4E4D4D, 0x4D4D4D4D, 0x4E4E4E4D, 0x314D4D4D, 0x4E4E4E30,
    0x304D4D4D, 0x4E4E4E38, 0x4E4E4E4D, 0x4E4E4E4E, 0x4E4E4E4E, 0x4E4E4E4E, 0x4E4E4E4E, 0x4E4E4E4E,
    0x4E4E4D4D, 0x4E4E4E4E, 0x4E4E4E4E, 0x4E4E4E4E, 0x4E4E4E4E, 0x4E4E4E4E, 0x2F4E4E4E, 0x4E4E4E2F,
    0x2F4E4E4E, 0x4C4C4E36, 0x4C4E4E4E, 0x4A4A4C4C, 0x4C4C4E4E, 0x4A4A4A4A, 0x4A4A4C4C, 0x4A4A4A4A,
    0x4E4E4E4E, 0x4D4D4E4E, 0x4E4E4E4E, 0x4E4E4E4E, 0x4E4E4E4E, 0x4E4E4E4E, 0x2F4C4C4E, 0x4E4E4E2F,
    0x2F4A4A4C, 0x4E4E4C36, 0x4A4A4A4A, 0x4C4A4A4A, 0x4A4A4A4A, 0x4A4A4A4A, 0x4A4A4A4A, 0x4A4A4A4A,
    0x4D4D4D4D, 0x4D4D4D4D, 0x4D4D4D4D, 0x4D4D4D4D, 0x4D4E4E4E, 0x4E4E4E4D, 0x304E4E4E, 0x4E4E4E30,
    0x2F4E4E4E, 0x4E4E4E36, 0x4E4E4E4C, 0x4E4E4E4E, 0x4C4A4A4A, 0x4C4C4C4C, 0x4A4A4A4A, 0x4A4A4A4A,
    0x4D4D4D4D, 0x5B4E4E4E, 0x4E4E4E4E, 0x5B4E4E4E, 0x4E4E4E4E, 0x5B4E4E4E, 0x2F4E4E4E, 0x5B4E4E2F,
    0x2F4E4E4E, 0x5B4E4E36, 0x4E4E4E4E, 0x5B4E4E4E, 0x4C4C4C4C, 0x5B4C4C4C, 0x4C4C4A4A, 0x5B4C4C4C,
    0x2F2F2F28, 0x2F2F2F2F, 0x2F2F2F28, 0x2F2F2F2F, 0x2F2F2F28, 0x2D2F2F2F, 0x2F2F2F28, 0x2D2F2F2F,
    0x2F2F2F28, 0x2D2F2F2F, 0x2F2F2F28, 0x2D2F2F2F, 0x2F2F2F28, 0x2D2F2F2F, 0x2F2F2F28, 0x2D2F2F2F,
    0x2F2F2F2F, 0x2F2F2F2F, 0x2F2F2F2F, 0x2F312F2F, 0x2F2F2F2F, 0x31312F2F, 0x2F2F2F2F, 0x31312F2F,
    0x2F2D2F2F, 0x3131312F, 0x2F2D2D2F, 0x3132312F, 0x2F2D2D2F, 0x3132312F, 0x2F2D2F2F, 0x3131312F,
    0x2F2F312F, 0x31323131, 0x2F2F312F, 0x3131312F, 0x2F2F312F, 0x2F31312F, 0x2F2F3131, 0x2F312F2F,
    0x2F2F3131, 0x2F312F2F, 0x2F2F3131, 0x2F312F2F, 0x2F2F3131, 0x2F312F2F, 0x2F2F2F31, 0x2F312F2F,
    0x312F2F2F, 0x2F2F3132, 0x312F2F2F, 0x2F2F3232, 0x312F2F2F, 0x2F2F3132, 0x312F2F2F, 0x2F2F3132,
    0x312F2F2F, 0x2F2F2F32, 0x312F2F2F, 0x2F2F2F32, 0x312F2F2F, 0x2F2F2F32, 0x312F2F2F, 0x2F2F2F32,
    0x2F2F2F2F, 0x2A2F2F2F, 0x2F2F2F2F, 0x2A2F2F2F, 0x2F2F2F2F, 0x2A2F2F2F, 0x2F2F2F2F, 0x2A2F2F2F,
    0x2F2F2F2F, 0x2A2F2F2F, 0x2F2F2F2F, 0x2A2F2F2F, 0x2F2F2F2F, 0x2A2F2F2F, 0x2F2F2F2F, 0x2A2F2F2F,
    0x2F2F3138, 0x2F2F2F2F, 0x2F2F3238, 0x2F2F2F2F, 0x2F313238, 0x2F2F2F2F, 0x2F313238, 0x2F2F2F2F,
    0x31313238, 0x2F2F2F2F, 0x31313238, 0x2F2F2F2F, 0x31313138, 0x2F2F2F2F, 0x31313138, 0x2F2F2F31,
    0x2F2F2F2F, 0x2F2F2F2F, 0x2F2F2F2F, 0x2F2F2F2F, 0x2F2F2F2F, 0x2F2F2F2F, 0x2F2F2F2F, 0x2F2F2F2F,
    0x2F2F2F2F, 0x2F2F2F2F, 0x31312F2F, 0x2F2F2F2F, 0x31312F2F, 0x2F2F2F2F, 0x31312F2F, 0x2F2F2F2F,
    0x31312F2F, 0x2F2F2F2F, 0x31312F2F, 0x2F2F2F2F, 0x2F312F2F, 0x2F2F2F2F, 0x2F2F2F2F, 0x2F2F2F2F,
    0x2F2F2F2F, 0x2F2F2F2F, 0x2F2F2F2F, 0x312F2F2F, 0x2F2F2F2F, 0x312F2F2F, 0x2F2F2F2F, 0x312F2F2F,
    0x2F2F2F2F, 0x2F2F2F2F, 0x2F2F2F2F, 0x2F2F2F2F, 0x2F2F2F2F, 0x2F2F2F2F, 0x2F2F2F2F, 0x2F2F2F2F,
    0x31313131, 0x2F2F2F31, 0x32323231, 0x2F2F2F31, 0x32323232, 0x2F2F2F31, 0x32323232, 0x2F2F2F31,
    0x31312F2F, 0x282F3232, 0x31312F2F, 0x28313232, 0x31312F2F, 0x282F3232, 0x31312F2F, 0x28313231,
    0x312F2F2F, 0x28313131, 0x312F312F, 0x28313131, 0x312F312F, 0x28313131, 0x312F312F, 0x28313131,
    0x4D4D4D5B, 0x4E4E4E4D, 0x4D4D4D5B, 0x4E4E4E4E, 0x4E4D4D5B, 0x4E4E4E4E, 0x304E4D5B, 0x4E4E4E30,
    0x304E4E5B, 0x4E4E4E36, 0x4E4E4E5B, 0x4E4E4E4E, 0x4E4E4E5B, 0x4E4E4E4E, 0x4E4E4E5B, 0x4C4E4E4E,
    0x4E4E4E4E, 0x4E4E4E4E, 0x4E4E4E4E, 0x4E4E4E4E, 0x4E4E4E4E, 0x4E4E4E4E, 0x2F4C4E4E, 0x4E4E4C2F,
    0x2F4C4C4E, 0x4C4C4C36, 0x4C4C4C4C, 0x4C4C4C4C, 0x4A4A4C4C, 0x4A4A4A4A, 0x4A4A4A4C, 0x4A4A4A4A,
    0x4E4E4E4E, 0x4E4E4E4E, 0x4E4E4E4E, 0x4E4E4E4E, 0x4E4E4E4E, 0x4E4E4E4E, 0x2F4E4E4E, 0x4C4E4E2F,
    0x2F4E4E4C, 0x4C4C4C36, 0x4C4C4C4C, 0x4C4C4C4C, 0x4C4C4C4C, 0x4A4A4C4C, 0x4A4A4A4A, 0x4A4A4A4A,
    0x4E4E4E4E, 0x4C4C4C4C, 0x4C4C4E4E, 0x4C4C4C4C, 0x4C4C4C4E, 0x4A4A4A4C, 0x2F4C4C4C, 0x4A4A4A2F,
    0x2F4A4A4C, 0x4A4A4A36, 0x4A4A4A4A, 0x4A4A4A4A, 0x4A4A4A4A, 0x4A4A4A4A, 0x4A4A4A4A, 0x4A4A4A4A,
    0x4C4C4C4C, 0x4C4C4C4C, 0x4A4A4A4C, 0x4A4A4A4A, 0x4A4A4A4A, 0x4A4A4A4A, 0x2F4A4A4A, 0x4A4A4A2F,
    0x2F4A4A4A, 0x4A4A4A36, 0x4A4A4A4A, 0x4A4A4A4A, 0x4A4A4A4A, 0x4A4A4A4A, 0x4A4A4A4A, 0x4A4A4A4A,
    0x4C4C4C4C, 0x4E4E4C4C, 0x4A4A4A4A, 0x4C4C4A4A, 0x4A4A4A4A, 0x4A4A4A4A, 0x2F4A4A4A, 0x4A4A4A2F,
    0x2F4A4A4A, 0x4A4A4A36, 0x4A4A4A4A, 0x4A4A4A4A, 0x4A4A4A4A, 0x4A4A4A4A, 0x4A4A4A4A, 0x4A4A4A4A,
    0x4E4E4E4E, 0x4D4D4E4E, 0x4E4E4E4C, 0x4D4E4E4E, 0x4E4C4C4A, 0x4E4E4E4E, 0x2F4C4A4A, 0x4E4E4E2F,
    0x2F4A4A4A, 0x4E4E4E36, 0x4C4A4A4A, 0x4E4E4E4E, 0x4C4A4A4A, 0x4E4E4E4E, 0x4C4A4A4A, 0x4E4E4E4E,
    0x4D4D4D4D, 0x4D4D4D4D, 0x4D4D4D4D, 0x4D4D4D4D, 0x4D4D4D4D, 0x4D4D4D4D, 0x314D4D4D, 0x4D4D4D31,
    0x314D4D4E, 0x4D4D4D39, 0x4D4D4D4E, 0x4D4D4D4D, 0x4D4E4E4E, 0x4D4D4D4D, 0x4E4E4E4E, 0x4D4E4E4E,
    0x4D4D4D4D, 0x4D4D4D4D, 0x4D4D4D4D, 0x4D4D4D4D, 0x4D4D4D4D, 0x4D4D4D4D, 0x314D4D4D, 0x4D4D4D31,
    0x314D4D4D, 0x4D4D4D39, 0x4D4D4D4D, 0x4D4D4D4D, 0x4D4D4D4D, 0x4E4D4D4D, 0x4D4D4D4D, 0x4E4E4E4D,
    0x4D4D4D4D, 0x4E4E4E4E, 0x4E4D4D4D, 0x4E4E4E4E, 0x4E4E4D4D, 0x4E4E4E4E, 0x304E4D4D, 0x4E4E4E30,
    0x304E4E4D, 0x4E4E4E36, 0x4E4E4E4E, 0x4E4E4E4E, 0x4E4E4E4E, 0x4E4E4E4E, 0x4E4E4E4E, 0x4E4E4E4E,
    0x4D4E4E4E, 0x4D4D4D4D, 0x4E4E4E4E, 0x4D4D4D4D, 0x4E4E4E4E, 0x4D4D4D4D, 0x304E4E4E, 0x4D4D4D30,
    0x304E4E4E, 0x4D4D4E38, 0x4E4E4E4E, 0x4D4E4E4E, 0x4E4E4E4E, 0x4E4E4E4E, 0x4E4E4E4E, 0x4E4E4E4E,
    0x4D4D4D4D, 0x4D4D4D4D, 0x4D4D4D4D, 0x4D4D4D4D, 0x4D4D4D4D, 0x4D4D4D4D, 0x314D4D4D, 0x4D4D4D31,
    0x314D4D4D, 0x4D4D4D39, 0x4D4D4D4D, 0x4D4D4D4D, 0x4E4E4E4E, 0x4E4E4E4E, 0x4E4E4E4E, 0x4E4E4E4E,
    0x4D4D4D4D, 0x4D4D4D4D, 0x4D4D4D4D, 0x4D4D4D4D, 0x4D4D4D4D, 0x4E4D4D4D, 0x314D4D4D, 0x4E4E4D31,
    0x314D4D4D, 0x4E4E4E39, 0x4D4D4D4D, 0x4E4E4E4E, 0x4E4E4E4E, 0x4E4E4E4E, 0x4E4E4E4E, 0x4E4E4E4E,
    0x4E4E4E4D, 0x4E4E4E4E, 0x4E4E4E4E, 0x4E4E4E4E, 0x4E4E4E4E, 0x4E4E4E4E, 0x2F4E4E4E, 0x4E4E4E2F,
    0x2F4E4E4E, 0x4E4E4E36, 0x4E4E4E4E, 0x4E4E4E4E, 0x4E4E4E4E, 0x4E4E4E4E, 0x4E4E4E4E, 0x4E4E4E4E,
    0x4E4E4E4E, 0x4E4E4E4E, 0x4E4E4E4E, 0x4E4E4E4E, 0x4E4E4E4E, 0x4E4E4E4E, 0x2F4E4E4E, 0x4C4C4C2F,
    0x2F4C4E4E, 0x4C4C4C36, 0x4C4C4C4E, 0x4A4A4A4A, 0x4A4A4C4C, 0x4A4A4A4A, 0x4A4A4C4C, 0x4A4A4A4A,
    0x4E4E4E4E, 0x4C4E4E4E, 0x4E4E4E4E, 0x4C4C4C4E, 0x4C4E4E4E, 0x4A4A4C4C, 0x2F4C4C4C, 0x4A4A4A2F,
    0x2F4C4C4C, 0x4A4A4A36, 0x4A4A4A4A, 0x4A4A4A4A, 0x4A4A4A4A, 0x4A4A4A4A, 0x4A4A4A4A, 0x4A4A4A4A,
    0x4A4A4A4C, 0x4A4A4A4A, 0x4A4A4A4A, 0x4A4A4A4A, 0x4A4A4A4A, 0x4A4A4A4A, 0x2F4A4A4A, 0x4A4A4A2D,
    0x2D4A4A4A, 0x4A4A4A36, 0x4A4A4A4A, 0x4A4A4A4A, 0x4A4A4A4A, 0x4A4A4A4A, 0x4A4A4A4A, 0x4A4A4A4A,
    0x4A4A4A4A, 0x4A4A4A4A, 0x4A4A4A4A, 0x4A4A4A4A, 0x4A4A4A4A, 0x4A4A4A4A, 0x2D4A4A4A, 0x4A4A4A2D,
    0x2D4A4A4A, 0x4A4A4A36, 0x4A4A4A4A, 0x4A4A4A4A, 0x4A4A4A4A, 0x4A4A4A4A, 0x4A4A4A4A, 0x4A4A4A4A,
    0x4A4A4A4A, 0x4A4A4A4A, 0x4A4A4A4A, 0x4A4A4A4A, 0x4A4A4A4A, 0x4A4A4A4A, 0x2D4A4A4A, 0x4A4A4A2D,
    0x2D4A4A4A, 0x4A4A4A36, 0x4A4A4A4A, 0x4A4A4A4A, 0x4A4A4A4A, 0x4A4A4A4A, 0x4A4A4A4A, 0x4A4A4A4A,
    0x4C4A4A4A, 0x5B4C4C4C, 0x4A4A4A4A, 0x5B4C4C4C, 0x4A4A4A4A, 0x5B4A4A4A, 0x2F4A4A4A, 0x5B4A4A2F,
    0x2F4A4A4A, 0x5B4A4A36, 0x4A4A4A4A, 0x5B4A4A4A, 0x4A4A4A4A, 0x5B4A4A4A, 0x4A4A4A4A, 0x5B4A4A4A,
    0x2F2F2F28, 0x2D2F2F2F, 0x2F2F2F28, 0x2D2F2F2F, 0x2F2F2F28, 0x2D2F2F2F, 0x2F2F2F28, 0x2F2F2F2F,
    0x2F2F2F28, 0x2F2F2F2F, 0x2F2F2F28, 0x2F2F2F2F, 0x2F2F3128, 0x2F2F2F2F, 0x2F2F3128, 0x2F2F2F2F,
    0x2F2F2F2D, 0x2F2F312F, 0x2F2F2F2D, 0x2F2F312F, 0x2F2F2F2F, 0x2F2F312F, 0x2F2F2F2F, 0x2F2F2F2F,
    0x2F2F2F2F, 0x2F2F2F2F, 0x2F2D2F2F, 0x2F2F2F2F, 0x2F2D2F2F, 0x2F2F2F2F, 0x2F2D2F2F, 0x2F2F2F2F,
    0x2F2F2F2F, 0x2F312F2F, 0x2F2F2F2F, 0x2F2F2F2F, 0x2F2F2F2F, 0x2F2F2F2F, 0x2F2F2F2F, 0x2F2F2F2F,
    0x2F2F2F2F, 0x2F2F2F2F, 0x2F2F2F2D, 0x2F2F2F2F, 0x2F2F2F2D, 0x2F2F2F2F, 0x2F2F2F2D, 0x2F2F2F2F,
    0x312F2F2F, 0x2F2F2F32, 0x2F2F2F2F, 0x2F2F2F31, 0x2F2F2F2F, 0x2F312F31, 0x2F2F2F2F, 0x31312F31,
    0x2F2F2F2F, 0x31312F31, 0x2F2F2F2F, 0x32312F31, 0x2F2F2F2F, 0x32312F2F, 0x2F2F2F2F, 0x32322F2F,
    0x2F2F2F2F, 0x2A2F2F2F, 0x2F2F2F2F, 0x2A2F2F2F, 0x312F2F2F, 0x2A2F2F2F, 0x312F2F2F, 0x2A2F2F2F,
    0x31313131, 0x2A2F2F2F, 0x31323231, 0x2A2F2F2F, 0x31323232, 0x2A2F2F2F, 0x31323232, 0x2A2F2F2F,
    0x2F313138, 0x2F2F2F31, 0x2F313138, 0x2F2F2F2F, 0x2F2F3138, 0x2F2F2F2F, 0x2F2F3138, 0x2F2F2F2F,
    0x2F2F3138, 0x2F2F2F2F, 0x2F2F3138, 0x2F2F2F2F, 0x2F2F3138, 0x2F2F2F2D, 0x2D2F3138, 0x2F2F2D2D,
    0x2F2F2F2F, 0x2F2F2F2F, 0x2F2F2F2F, 0x2F2F2F2F, 0x2F2F3131, 0x2F2F2F2F, 0x2F2F3131, 0x2F2F2F2F,
    0x2F2F3131, 0x312F2F2F, 0x2F2F3231, 0x312F2F2F, 0x2F2F322F, 0x312F2F2F, 0x2F2F322F, 0x312F2F2F,
    0x2F2F2F2F, 0x312F2F2F, 0x2F2F2F2F, 0x312F2F2F, 0x2F2F2F2F, 0x312F2F2F, 0x2F2F2F2F, 0x312F2F2F,
    0x2F2F2F2F, 0x312F2F2F, 0x2F2F2F2F, 0x2F2F2F2F, 0x2F2F2F31, 0x2F2F2F2F, 0x2F2F2F31, 0x2F2F2F2F,
    0x32323232, 0x2F2F2F31, 0x31313232, 0x2F2D2F31, 0x31313132, 0x2F2D2F31, 0x2F2F3132, 0x2F2D2F2F,
    0x2F2F3131, 0x2F2D2F2F, 0x2F2F3131, 0x2F2D2F2F, 0x2F2F312F, 0x2F2D2D2F, 0x2F2F312F, 0x2F2D2D2F,
    0x312F2F2F, 0x28313232, 0x312F2F2F, 0x28313232, 0x312F2F2F, 0x28313231, 0x2F2F2F2F, 0x28313131,
    0x2F2F2F2F, 0x282F2F2F, 0x2F2F2F2F, 0x282F2F2F, 0x2F2F2F2F, 0x282F2F2F, 0x2F2F2F2F, 0x282D2F2F,
    0x4E4E4E5B, 0x4C4C4E4E, 0x4E4E4E5B, 0x4A4C4C4E, 0x4E4E4E5B, 0x4A4A4C4C, 0x2F4E4E5B, 0x4A4A4A2F,
    0x2F4C4C5B, 0x4A4A4A36, 0x4A4A4C5B, 0x4A4A4A4A, 0x4A4A4A5B, 0x4A4A4A4A, 0x4A4A4A5B, 0x4A4A4A4A,
    0x4A4A4A4A, 0x4A4A4A4A, 0x4A4A4A4A, 0x4A4A4A4A, 0x4A4A4A4A, 0x4A4A4A4A, 0x2F4A4A4A, 0x4A4A4A2F,
    0x2F4A4A4A, 0x4A4A4A36, 0x4A4A4A4A, 0x4A4A4A4A, 0x4A4A4A4A, 0x4A4A4A4A, 0x4A4A4A4A, 0x4A4A4A4A,
    0x4A4A4A4A, 0x4A4A4A4A, 0x4A4A4A4A, 0x4A4A4A4A, 0x4A4A4A4A, 0x4A4A4A4A, 0x2F4A4A4A, 0x4A4A4A2F,
    0x2F4A4A4A, 0x4A4A4A36, 0x4A4A4A4A, 0x4A4A4A4A, 0x4A4A4A4A, 0x4A4A4A4A, 0x4A4A4A4A, 0x4A4A4A4A,
    0x4A4A4A4A, 0x4A4A4A4A, 0x4A4A4A4A, 0x4A4A4A4A, 0x4A4A4A4A, 0x4A4A4A4A, 0x2D4A4A4A, 0x4A4A4A2D,
    0x2D4A4A4A, 0x4A4A4A36, 0x4A4A4A4A, 0x4A4A4A4A, 0x4A4A4A4A, 0x4A4A4A4A, 0x4A4A4A4A, 0x4A4A4A4A,
    0x4A4A4A4A, 0x4A4A4A4A, 0x4A4A4A4A, 0x4A4A4A4A, 0x4A4A4A4A, 0x4A4A4A4A, 0x2D4A4A4A, 0x4A4A4A2D,
    0x2D4A4A4A, 0x4A4A4A36, 0x4A4A4A4A, 0x4A4A4A4A, 0x4A4A4A4A, 0x4A4A4A4A, 0x4A4A4B4B, 0x4A4A4A4A,
    0x4A4A4A4A, 0x4A4A4A4A, 0x4A4A4A4A, 0x4A4A4A4A, 0x4A4A4A4A, 0x4A4A4A4A, 0x2D4A4A4A, 0x4A4A4A2D,
    0x2D4A4A4A, 0x4A4A4A36, 0x4A4A4A4A, 0x4A4A4A4A, 0x4A4A4A4A, 0x4A4A4A4A, 0x4A4A4A4A, 0x4A4A4A4A,
    0x4C4A4A4A, 0x4E4E4E4C, 0x4C4A4A4A, 0x4E4E4E4C, 0x4C4A4A4A, 0x4E4E4E4C, 0x2F4A4A4A, 0x4E4E4C2F,
    0x2F4A4A4A, 0x4E4E4C36, 0x4A4A4A4A, 0x4E4C4C4A, 0x4A4A4A4A, 0x4C4C4A4A, 0x4A4A4A4A, 0x4C4A4A4A,
    0x4E4E4E4E, 0x4E4E4E4E, 0x4E4E4E4E, 0x4E4E4E4E, 0x4E4E4E4E, 0x4E4E4E4E, 0x2F4E4E4E, 0x4E4E4E2F,
    0x2F4E4E4E, 0x4E4E4E36, 0x4E4E4E4E, 0x4E4E4E4E, 0x4E4E4E4E, 0x4E4E4E4E, 0x4E4E4E4C, 0x4E4E4E4E,
    0x4E4E4E4E, 0x4E4E4E4E, 0x4E4E4E4E, 0x4E4E4E4E, 0x4E4E4E4E, 0x4E4E4E4E, 0x2F4E4E4E, 0x4E4E4E2F,
    0x2F4E4E4E, 0x4E4E4E36, 0x4E4E4E4E, 0x4C4E4E4E, 0x4E4E4E4E, 0x4C4C4E4E, 0x4E4E4E4E, 0x4A4C4C4E,
    0x4E4E4E4E, 0x4C4C4C4E, 0x4C4E4E4E, 0x4A4A4C4C, 0x4C4C4E4E, 0x4A4A4A4A, 0x2F4C4C4E, 0x4A4A4A2F,
    0x2F4A4C4C, 0x4A4A4A36, 0x4A4A4A4C, 0x4A4A4A4A, 0x4A4A4A4A, 0x4A4A4A4A, 0x4A4A4A4A, 0x4A4A4A4A,
    0x4E4E4E4C, 0x4E4E4E4E, 0x4E4C4C4C, 0x4E4E4E4E, 0x4C4C4A4A, 0x4E4E4E4E, 0x2F4A4A4A, 0x4E4E4C2F,
    0x2F4A4A4A, 0x4C4C4C36, 0x4A4A4A4A, 0x4A4A4A4A, 0x4A4A4A4A, 0x4A4A4A4A, 0x4A4A4A4A, 0x4A4A4A4A,
    0x4E4E4E4E, 0x4E4E4E4E, 0x4E4E4E4E, 0x4E4E4E4E, 0x4E4E4E4E, 0x4E4E4E4E, 0x2F4E4E4E, 0x4E4E4E2F,
    0x2F4C4C4C, 0x4E4E4C36, 0x4A4A4A4A, 0x4C4C4C4A, 0x4A4A4A4A, 0x4A4A4A4A, 0x4A4A4A4A, 0x4A4A4A4A,
    0x4E4E4E4E, 0x4E4E4E4E, 0x4E4E4E4E, 0x4E4E4E4E, 0x4E4E4E4E, 0x4E4E4E4E, 0x2F4E4E4E, 0x4E4E4E2F,
    0x2F4E4E4E, 0x4E4E4E36, 0x4C4C4C4C, 0x4C4C4C4C, 0x4A4A4A4A, 0x4A4A4A4A, 0x4A4A4A4A, 0x4A4A4A4A,
    0x4E4E4E4E, 0x4C4E4E4E, 0x4E4E4E4E, 0x4C4E4E4E, 0x4E4E4E4E, 0x4C4E4E4E, 0x2F4E4E4E, 0x4C4C4E2F,
    0x2F4E4E4E, 0x4A4C4C36, 0x4C4C4C4C, 0x4A4A4C4C, 0x4A4A4A4A, 0x4A4A4A4A, 0x4A4A4A4A, 0x4A4A4A4A,
    0x4A4A4A4C, 0x4A4A4A4A, 0x4A4A4A4C, 0x4A4A4A4A, 0x4A4A4A4A, 0x4A4A4A4A, 0x2F4A4A4A, 0x4A4A4A2D,
    0x2D4A4A4A, 0x4A4A4A36, 0x4A4A4A4A, 0x4A4A4A4A, 0x4A4A4A4A, 0x4A4A4A4A, 0x4A4A4A4A, 0x4A4A4A4A,
    0x4A4A4A4A, 0x4A4A4A4A, 0x4A4A4A4A, 0x4A4A4A4A, 0x4A4A4A4A, 0x4A4A4A4A, 0x2F4A4A4A, 0x4A4A4A2F,
    0x2D4A4A4A, 0x4A4A4A36, 0x4A4A4A4A, 0x4A4A4A4A, 0x4A4A4A4A, 0x4A4A4A4A, 0x4A4A4A4A, 0x4A4A4A4A,
    0x4A4A4A4A, 0x4A4A4A4A, 0x4A4A4A4A, 0x4A4A4A4A, 0x4A4A4A4A, 0x4A4A4A4A, 0x2D4A4A4A, 0x4A4A4A2D,
    0x2D4A4A4A, 0x4A4A4A36, 0x4A4A4A4A, 0x4A4A4A4A, 0x4A4A4A4A, 0x4A4A4A4A, 0x4A4A4A4A, 0x4A4A4A4A,
    0x4A4A4A4A, 0x4A4A4A4A, 0x4A4A4A4A, 0x4A4A4A4A, 0x4A4A4A4A, 0x4A4A4A4A, 0x2D4A4A4A, 0x4A4A4A2D,
    0x2D4A4A4A, 0x4A4A4A36, 0x4A4A4A4A, 0x4A4A4A4A, 0x4A4A4A4A, 0x4A4A4A4A, 0x4A4A4A4A, 0x4A4A4A4A,
    0x4A4A4A4A, 0x4A4A4A4A, 0x4A4A4A4A, 0x4A4A4A4A, 0x4A4A4A4A, 0x4A4A4A4A, 0x2D4A4A4A, 0x4A4A4A2D,
    0x2D4A4A4A, 0x4A4A4A36, 0x4A4A4A4A, 0x4A4A4A4A, 0x4A4A4A4A, 0x4A4A4A4A, 0x4A4A4A4A, 0x4A4A4A4A,
    0x4A4A4A4A, 0x5B4A4A4A, 0x4A4A4A4A, 0x5B4A4A4A, 0x4A4A4A4A, 0x5B4A4A4A, 0x2D4A4A4A, 0x5B4A4A2D,
    0x2D4A4A4A, 0x5B4A4A36, 0x4A4A4A4A, 0x5B4B4B4B, 0x4B4A4A4A, 0x5B4B4B4B, 0x4B4A4A4A, 0x5B4B4B4B,
    0x2F2F3128, 0x2F2F2F2F, 0x2F2F2F28, 0x2F2F2F2F, 0x2F2F2F28, 0x2F2F2F2F, 0x2F2F2F28, 0x2F2F2F2F,
    0x2F2F2F28, 0x2F2F2F2F, 0x2F2F2F28, 0x2F2F2F2F, 0x2F2F2F28, 0x2F2F3131, 0x2F2F2F28, 0x2F2F3131,
    0x2F2D2F2F, 0x2F2F2F2F, 0x2F2F2F2F, 0x2F2F2D2F, 0x2F2F2F2F, 0x2F2F2D2F, 0x2F2F2F2F, 0x2F2F2D2F,
    0x2F2F2F2F, 0x2F2F2F2F, 0x2F2F2F2F, 0x2F2F2F2F, 0x2F2F2F2F, 0x2F2F2F2F, 0x2F2F2F2F, 0x2F2F2F2F,
    0x2F2F2F2F, 0x2F2F2F2F, 0x2F2F2F2F, 0x2F2F2F2F, 0x2F2F2F2F, 0x2F2F2F2F, 0x2F2F2F2F, 0x2F2F2F2F,
    0x2F2F2F2F, 0x2F2F2F2F, 0x2F2F2F2F, 0x2F2F2F2F, 0x2F2F2F2F, 0x2F2F2F2F, 0x2F2F2F2F, 0x2F312F2F,
    0x2F2F2F2F, 0x32322F2F, 0x2F2F2F2F, 0x32322F2F, 0x2F2F2F2F, 0x32312F2F, 0x2F2F2F2F, 0x31312F2F,
    0x2F2F2F2F, 0x2F31312F, 0x2F2F2F2F, 0x2F2F3131, 0x312F2F2F, 0x2F2F3231, 0x312F2F2F, 0x2F2F3232,
    0x31323231, 0x2A2F2F2F, 0x31323231, 0x2A2F2D2F, 0x31323231, 0x2A2F2D2F, 0x3132322F, 0x2A2F2D2F,
    0x2F31312F, 0x2A2F2D2F, 0x2F2F2F2F, 0x2A2F2F2F, 0x2F2F2F2F, 0x2A2F2F2F, 0x2F2F2F2F, 0x2A2F2F2F,
    0x2D2F3138, 0x2F2F2D2D, 0x2D2F3138, 0x2F2F2F2D, 0x2D2F3138, 0x2F2F2F2D, 0x2D2F3138, 0x2F2F2F2F,
    0x3C2F3138, 0x2F2F2F32, 0x322F3138, 0x2F2F2F29, 0x2F2F3138, 0x2F2F2F2F, 0x2A2A2A2A, 0x2A2A2A2A,
    0x2F2F322F, 0x32312F2D, 0x2F2F322F, 0x32312F2D, 0x2F2F322F, 0x32312F2D, 0x2F2F3231, 0x32312F2D,
    0x2F2F3231, 0x32312F2D, 0x2F2F3231, 0x32312F2D, 0x2F313231, 0x32312F2F, 0x2A2A2A2A, 0x2A2A2A2A,
    0x2F2F2F31, 0x2F2F2F2F, 0x2F2F2F31, 0x2F2F2F2F, 0x2F2F2F31, 0x312F2F2F, 0x2F2F2F31, 0x312F2F2F,
    0x2F2F2F31, 0x312F2F2F, 0x2F2F2F31, 0x312F2F2F, 0x2F2F3131, 0x312F2F2F, 0x2A2A2A2A, 0x2A2A2A2A,
    0x2F2F2F2F, 0x2F2D2D2F, 0x2F2F2F31, 0x2F2D2F2F, 0x2F2F2F31, 0x2D2F2F2F, 0x2F2F2F32, 0x2D2F2F2F,
    0x2F2F2F32, 0x2D2F2F2F, 0x2F2F3132, 0x2D2F2F2F, 0x2F2F3132, 0x2D2F2F2F, 0x2A2A2A2A, 0x2A2A2A2A,
    0x2F2F2F2F, 0x282D2F2F, 0x2F2F2F2F, 0x282F2F2F, 0x2F2F2F2F, 0x282F2F2F, 0x2F2F2F2F, 0x282F2F2F,
    0x3C2F2F2F, 0x282F2F32, 0x322F2F2F, 0x282F2F29, 0x2F2F2F2F, 0x28312F2F, 0x2A2A2A2A, 0x282A2A2A,
    0x4A4A4A5B, 0x4A4A4A4A, 0x4A4A4A5B, 0x4A4A4A4A, 0x4A4A4A5B, 0x4A4A4A4A, 0x2D4A4A5B, 0x4A4A4A2D,
    0x2D4A4A5B, 0x4A4A4A36, 0x4A4A4A5B, 0x4A4A4A4A, 0x4A4A4B5B, 0x4A4A4A4A, 0x4B4B4B5B, 0x4A4A4B4B,
    0x4A4A4A4A, 0x4A4A4A4A, 0x4A4A4A4A, 0x4A4A4A4A, 0x4A4A4A4A, 0x4A4A4A4A, 0x2D4A4A4A, 0x4A4A4A2D,
    0x2D4A4A4A, 0x4B4A4A36, 0x4A4A4A4A, 0x4B4B4B4A, 0x4A4A4A4A, 0x4B4B4B4B, 0x4B4B4A4A, 0x4B4B4B4B,
    0x4A4A4A4A, 0x4A4A4A4A, 0x4A4A4A4A, 0x4A4A4A4A, 0x4A4A4A4A, 0x4A4A4A4A, 0x2D4A4A4A, 0x4B4B4B2D,
    0x2D4B4B4B, 0x4B4B4B36, 0x4B4B4B4B, 0x4B4B4B4B, 0x4B4B4B4B, 0x4B4B4B4B, 0x4B4B4B4B, 0x4B4B4B4B,
    0x4A4A4A4A, 0x4B4B4B4A, 0x4B4A4A4A, 0x4B4B4B4B, 0x4B4B4B4A, 0x4B4B4B4B, 0x2D4B4B4B, 0x4B4B4B2D,
    0x2D4B4B4B, 0x4B4B4B36, 0x4B4B4B4B, 0x4B4B4B4B, 0x4B4B4B4B, 0x4B4B4B4B, 0x4B4B4B4B, 0x4B4B4B4B,
    0x4B4B4B4B, 0x4B4B4B4B, 0x4B4B4B4B, 0x4B4B4B4B, 0x4B4B4B4B, 0x4B4B4B4B, 0x2D4B4B4B, 0x4B4B4B2D,
    0x2D4B4B4B, 0x4B4B4B36, 0x4B4B4B4B, 0x4949494B, 0x494B4B4B, 0x49494949, 0x49494B4B, 0x49494949,
    0x4B4B4B4B, 0x4A4A4A4B, 0x4B4B4B4B, 0x4A4B4B4B, 0x4B4B4B4B, 0x4B4B4B4B, 0x2D4B4B4B, 0x4B4B4B2D,
    0x2D4B4B4B, 0x4B4B4B36, 0x4B494949, 0x4B4B4B4B, 0x49494949, 0x4B4B4B4B, 0x49494949, 0x4B4B4B49,
    0x4A4A4A4A, 0x4A4A4A4A, 0x4A4A4A4A, 0x4A4A4A4A, 0x4A4A4A4B, 0x4A4A4A4A, 0x2D4A4B4B, 0x4A4A4A2D,
    0x2D4B4B4B, 0x4A4A4A36, 0x4A4B4B4B, 0x4A4A4A4A, 0x4B4B4B4B, 0x4A4A4A4A, 0x4B4B4B4B, 0x4A4A4A4A,
    0x4E4C4C4C, 0x4E4E4E4E, 0x4C4C4C4A, 0x4E4E4E4E, 0x4C4C4A4A, 0x4C4C4C4C, 0x2F4A4A4A, 0x4C4C4C2F,
    0x2F4A4A4A, 0x4C4C4C36, 0x4A4A4A4A, 0x4C4A4A4A, 0x4A4A4A4A, 0x4A4A4A4A, 0x4A4A4A4A, 0x4A4A4A4A,
    0x4E4E4E4E, 0x4A4C4C4C, 0x4C4E4E4E, 0x4A4A4C4C, 0x4C4C4E4E, 0x4A4A4C4C, 0x2F4C4C4C, 0x4A4A4A2F,
    0x2F4C4C4C, 0x4A4A4A36, 0x4C4C4C4C, 0x4A4A4A4A, 0x4A4A4A4A, 0x4A4A4A4A, 0x4A4A4A4A, 0x4A4A4A4A,
    0x4A4A4A4A, 0x4A4A4A4A, 0x4A4A4A4A, 0x4A4A4A4A, 0x4A4A4A4A, 0x4A4A4A4A, 0x2D4A4A4A, 0x4A4A4A2D,
    0x2D4A4A4A, 0x4A4A4A36, 0x4A4A4A4A, 0x4A4A4A4A, 0x4A4A4A4A, 0x4A4A4A4A, 0x4A4A4A4A, 0x4A4A4A4A,
    0x4A4A4A4A, 0x4A4A4A4A, 0x4A4A4A4A, 0x4A4A4A4A, 0x4A4A4A4A, 0x4A4A4A4A, 0x2D4A4A4A, 0x4A4A4A2D,
    0x2D4A4A4A, 0x4A4A4A36, 0x4A4A4A4A, 0x4A4A4A4A, 0x4A4A4A4A, 0x4A4A4A4A, 0x4A4A4A4A, 0x4A4A4A4A,
    0x4A4A4A4A, 0x4A4A4A4A, 0x4A4A4A4A, 0x4A4A4A4A, 0x4A4A4A4A, 0x4A4A4A4A, 0x2D4A4A4A, 0x4B4B4B2D,
    0x2D4A4A4A, 0x4B4B4B36, 0x4B4A4A4A, 0x4B4B4B4B, 0x4B4B4A4A, 0x4B4B4B4B, 0x4B4B4A4A, 0x4B4B4B4B,
    0x4A4A4A4A, 0x4A4A4A4A, 0x4A4A4A4A, 0x4A4A4A4A, 0x4B4B4B4B, 0x4A4B4B4B, 0x2D4B4B4B, 0x4B4B4B2D,
    0x2D4B4B4B, 0x4B4B4B36, 0x4B4B4B4B, 0x4B4B4B4B, 0x49494B4B, 0x4B4B4B4B, 0x4949494B, 0x4B4B4949,
    0x4A4A4A4A, 0x4A4A4A4A, 0x4A4A4A4A, 0x4A4A4A4A, 0x4A4A4A4A, 0x4A4A4A4A, 0x2D4A4B4B, 0x4A4A4A2D,
    0x2D4B4B4B, 0x4B4B4B36, 0x4B4B4B4B, 0x4B4B4B4B, 0x4B4B4B4B, 0x4B4B4B4B, 0x4B4B4B4B, 0x4B4B4B4B,
    0x4A4A4A4A, 0x4A4A4A4A, 0x4A4A4A4A, 0x4A4A4A4A, 0x4A4A4A4A, 0x4B4B4B4B, 0x2D4B4A4A, 0x4B4B4B2D,
    0x2D4B4B4B, 0x4B4B4B36, 0x4B4B4B4B, 0x4B4B4B4B, 0x4B4B4B4B, 0x4B4B4B4B, 0x4B4B4B4B, 0x4B4B4B4B,
    0x4A4A4A4A, 0x4A4A4A4A, 0x4A4A4A4A, 0x4A4A4A4A, 0x4A4A4A4A, 0x4A4A4A4A, 0x2D4A4A4B, 0x4A4A4A2D,
    0x2D4A4B4B, 0x4A4A4A36, 0x4A4B4B4B, 0x4A4A4A4A, 0x4B4B4B4B, 0x4A4A4A4A, 0x4B4B4B4B, 0x4A4A4A4B,
    0x4A4A4A4A, 0x4A4A4A4A, 0x4A4A4A4A, 0x4A4A4A4A, 0x4A4A4A4A, 0x4A4A4A4A, 0x2D4A4A4A, 0x4A4A4A2D,
    0x2D4A4A4A, 0x4A4A4A36, 0x4A4A4A4A, 0x4A4A4A4A, 0x4A4A4A4A, 0x4A4A4A4A, 0x4A4A4A4A, 0x4B4A4A4A,
    0x4A4A4A4A, 0x4A4A4A4A, 0x4A4A4A4A, 0x4A4A4A4A, 0x4A4A4A4A, 0x4A4A4A4A, 0x2D4A4A4A, 0x4A4A4A2D,
    0x2D4A4A4A, 0x4A4A4A36, 0x4A4A4A4A, 0x4A4A4A4A, 0x4A4A4A4A, 0x4A4A4A4A, 0x4A4B4B4B, 0x4A4A4A4A,
    0x4A4A4A4A, 0x4A4A4A4A, 0x4A4A4A4A, 0x4A4A4A4A, 0x4A4A4A4A, 0x4A4A4A4A, 0x2D4A4A4A, 0x4A4A4A2D,
    0x2D4A4A4A, 0x4A4A4A36, 0x4A4A4A4A, 0x4A4A4A4A, 0x4A4A4A4A, 0x4A4A4A4A, 0x4A4A4A4A, 0x4A4A4A4A,
    0x4A4A4A4A, 0x5B4B4B4B, 0x4A4A4A4A, 0x5B4B4B4A, 0x4A4A4A4A, 0x5B4B4A4A, 0x2D4A4A4A, 0x5B4A4A2D,
    0x2D4A4A4A, 0x5B4A4A36, 0x4A4A4A4A, 0x5B4A4A4A, 0x4A4A4A4A, 0x5B4A4A4A, 0x4A4A4A4A, 0x5B4B4A4A,
    0x2F2F2D28, 0x2F2F3131, 0x312F2D28, 0x2F313132, 0x312F2D28, 0x31313132, 0x312F2D28, 0x31313132,
    0x3C2F2D28, 0x31313132, 0x322F2D28, 0x31313129, 0x2F2F2F28, 0x2F2F2F31, 0x2A2A2A28, 0x2A2A2A2A,
    0x2F2F2F2F, 0x2F2F2F2F, 0x2F2F2F2F, 0x2F2F2F2F, 0x2F31312F, 0x2F2F2F2F, 0x2F313131, 0x2F2F2F2F,
    0x2F31312F, 0x2F2F2F2F, 0x2F312F2F, 0x2F2F2F2F, 0x2F2F2F2F, 0x2F2F2F2F, 0x2A2A2A2A, 0x2A2A2A2A,
    0x2F2F2F2F, 0x2F312F2F, 0x2F2F2F2F, 0x2F312F2F, 0x2F2F2F2F, 0x312F2F2F, 0x2F2F2F2F, 0x312F2F2F,
    0x2F2F2F2F, 0x312F2F2F, 0x2F2F2F2F, 0x2F2F2F2F, 0x2F2F2F2F, 0x2F2F2F2F, 0x2A2A2A2A, 0x2A2A2A2A,
    0x312F2F2F, 0x2F2F3232, 0x312F2F2F, 0x2F2F3232, 0x312F2F2F, 0x2F2F3132, 0x31312F2F, 0x2F2F3132,
    0x31312F2F, 0x2F2F3131, 0x31312F2F, 0x31313131, 0x312F2F2F, 0x31313131, 0x2A2A2A2A, 0x2A2A2A2A,
    0x2F2F2F2F, 0x2A2F2F2F, 0x2F2F2F2F, 0x2A2F2F2F, 0x2F2F2F2F, 0x2A2F2F2F, 0x31312F2F, 0x2A2F2F2F,
    0x3C312F2F, 0x2A2F2F32, 0x32312F2F, 0x2A2F2F29, 0x312F2F31, 0x2A2F2F2F, 0x2A2A2A2A, 0x2A2A2A2A,
    0x38383838, 0x38383838, 0x2F313138, 0x2F2F2F2F, 0x2F313238, 0x2F2F2F31, 0x2F323238, 0x2F313131,
    0x3C323238, 0x2F313132, 0x32323138, 0x2F2F3129, 0x31323138, 0x2F2F3131, 0x32312F38, 0x2F2F2F31,
    0x38383838, 0x38383838, 0x2F313231, 0x322F2F2F, 0x2F313231, 0x312F2F2F, 0x2F2F3131, 0x312F2F2F,
    0x2F2F3131, 0x2F2F2F2F, 0x2F2F3131, 0x2F2F2F2F, 0x2F2F312F, 0x2F2F2F2F, 0x2F31312F, 0x2F2F2F2F,
    0x38383838, 0x38383838, 0x2F313132, 0x312F2F2F, 0x2F313132, 0x31312F2F, 0x2F313131, 0x32312F2F,
    0x2F2F2F2F, 0x32322F2F, 0x2F2F2F2F, 0x32322F2F, 0x2F2F2F2F, 0x32322F2F, 0x2F2F2F2F, 0x31322F2F,
    0x38383838, 0x38383838, 0x2F2F3132, 0x2F2F2F2F, 0x2F2F3232, 0x2F2F2F2F, 0x2F2F3232, 0x2F2F2F2F,
    0x2F313232, 0x2F2F2F2F, 0x2F313232, 0x2F2F2F2F, 0x2F313231, 0x2F2F2F2F, 0x2F313131, 0x2F2F2F2F,
    0x38383838, 0x28383838, 0x2F2F2F2F, 0x28322F2F, 0x2F2F2F2F, 0x28322F2F, 0x2F2F2F2F, 0x28322F2F,
    0x3C2F2F2F, 0x28322F32, 0x322F2F2F, 0x28322F29, 0x2F312F2F, 0x28322F2F, 0x2F31312F, 0x28312F2F,
    0x4B4B4B5B, 0x4B4B4B4B, 0x4B4B4B5B, 0x4B4B4B4B, 0x4B4B4B5B, 0x4B4B4B4B, 0x2D4B4B5B, 0x4B4B4B2D,
    0x2D4B4B5B, 0x4B4B4B36, 0x4B4B4B5B, 0x4B4B4B4B, 0x4B4B4B5B, 0x4B4B4B4B, 0x4B4B4B5B, 0x4B4B4B4B,
    0x4B4B4B4B, 0x4B4B4B4B, 0x4B4B4B4B, 0x4B4B4B4B, 0x4B4B4B4B, 0x4B4B4B4B, 0x2D4B4B4B, 0x4B4B4B2D,
    0x2D4B4B4B, 0x4B4B4B36, 0x4B4B4B4B, 0x4B4B4B4B, 0x4B4B4B4B, 0x4B4B4B4B, 0x4B4B4B4B, 0x4B4B4B4B,
    0x4B4B4B4B, 0x4B4B4B4B, 0x4B4B4B4B, 0x4B4B4B4B, 0x4B4B4B4B, 0x4B4B4B4B, 0x2D4B4B4B, 0x4B4B4B2D,
    0x2D4B4B4B, 0x4B4B4B36, 0x4B4B4B4B, 0x4B4B4B4B, 0x4B4B4B4B, 0x4B4B4B4B, 0x4B4B4B4B, 0x494B4B4B,
    0x4B4B4B4B, 0x4B4B4B4B, 0x4B4B4B4B, 0x4B4B4B4B, 0x4B4B4B4B, 0x4B4B4B4B, 0x2D4B4B4B, 0x494B4B2D,
    0x2D4B4B4B, 0x49494936, 0x4B4B4B4B, 0x49494949, 0x49494B4B, 0x49494949, 0x49494949, 0x49494949,
    0x4949494B, 0x49494949, 0x4949494B, 0x49494949, 0x49494949, 0x49494949, 0x2D494949, 0x4949492D,
    0x2D494949, 0x49494936, 0x49494949, 0x49494949, 0x49494949, 0x49494949, 0x49494949, 0x49494949,
    0x49494949, 0x4B4B4949, 0x49494949, 0x4B4B4949, 0x49494949, 0x4B494949, 0x2D494949, 0x4B49492D,
    0x2D494949, 0x4B494936, 0x49494949, 0x49494949, 0x49494949, 0x49494949, 0x49494949, 0x49494949,
    0x4B4B4B4B, 0x4A4A4A4B, 0x4B4B4B4B, 0x4A4A4A4B, 0x4B4B4B4B, 0x4A4A4B4B, 0x2D4B4B4B, 0x4A4A4B2D,
    0x2D4B4B4B, 0x4B4B4B36, 0x4B4B4B4B, 0x4B4B4B4B, 0x4B4B4B4B, 0x4B4B4B4B, 0x4B4B4B49, 0x4B4B4B4B,
    0x4A4A4A4A, 0x4A4A4A4A, 0x4A4A4A4A, 0x4A4A4A4A, 0x4A4A4A4A, 0x4A4A4A4A, 0x2D4A4A4A, 0x4A4A4A2D,
    0x2D4A4A4A, 0x4A4A4A36, 0x4A4A4B4B, 0x4A4A4A4A, 0x4B4B4B4B, 0x4A4A4A4B, 0x4B4B4B4B, 0x4B4B4B4B,
    0x4A4A4A4A, 0x4A4A4A4A, 0x4A4A4A4A, 0x4A4A4A4A, 0x4A4A4A4A, 0x4A4A4A4A, 0x2F4A4A4A, 0x4A4A4A2D,
    0x2D4A4A4A, 0x4A4A4A36, 0x4A4A4A4A, 0x4A4A4A4A, 0x4A4A4A4A, 0x4B4A4A4A, 0x4A4A4A4A, 0x4B4B4A4A,
    0x4A4A4A4A, 0x4B4B4A4A, 0x4A4A4A4A, 0x4B4B4B4B, 0x4B4A4A4A, 0x4B4B4B4B, 0x2D4B4A4A, 0x4B4B4B2D,
    0x2D4B4B4A, 0x4B4B4B36, 0x4B4B4B4B, 0x4B4B4B4B, 0x4B4B4B4B, 0x4B4B4B4B, 0x4B4B4B4B, 0x4949494B,
    0x4A4A4A4B, 0x4A4A4A4A, 0x4B4B4B4B, 0x4B4B4B4B, 0x4B4B4B4B, 0x4B4B4B4B, 0x2D4B4B4B, 0x4B4B4B2D,
    0x2D4B4B4B, 0x4B4B4B36, 0x4B4B4B4B, 0x4B4B4B4B, 0x4B4B4B4B, 0x4B4B4B4B, 0x4B4B4949, 0x4B4B4B4B,
    0x4B4B4B4B, 0x4B4B4B4B, 0x4B4B4B4B, 0x4B4B4B4B, 0x4B4B4B4B, 0x494B4B4B, 0x2D4B4B4B, 0x494B4B2D,
    0x2D4B4B4B, 0x494B4B36, 0x4B4B4B4B, 0x49494B4B, 0x4B4B4B4B, 0x49494B4B, 0x4B4B4B4B, 0x4949494B,
    0x49494949, 0x4B4B4949, 0x49494949, 0x4B494949, 0x49494949, 0x4B494949, 0x2D494949, 0x4949492D,
    0x2D494949, 0x49494936, 0x49494949, 0x49494949, 0x49494949, 0x49494949, 0x49494949, 0x49494949,
    0x4B4B4B4B, 0x4B4B4B4B, 0x4B4B4B4B, 0x4B4B4B4B, 0x4B4B4B4B, 0x4B4B4B4B, 0x2D4B4B4B, 0x4B4B4B2D,
    0x2D4B4B4B, 0x4B4B4B36, 0x4B4B4B49, 0x4B4B4B4B, 0x4B4B4949, 0x4B4B4B4B, 0x4B494949, 0x4B4B4B4B,
    0x4B4B4B4B, 0x4B4B4B4B, 0x4B4B4B4B, 0x4B4B4B4B, 0x4B4B4B4B, 0x4B4B4B4B, 0x2D4B4B4B, 0x4B4B4B2D,
    0x2D4B4B4B, 0x4B4B4B36, 0x4B4B4B4B, 0x4B4B4B4B, 0x4B4B4B4B, 0x49494949, 0x4949494B, 0x49494949,
    0x4B4B4B4B, 0x4A4B4B4B, 0x4B4B4B4B, 0x4B4B4B4B, 0x4B4B4B4B, 0x4B4B4B4B, 0x2D4B4B4B, 0x4B4B4B2D,
    0x2D4B4B4B, 0x4B4B4B36, 0x4B4B4B4B, 0x4B4B4B4B, 0x49494949, 0x4B4B4949, 0x49494949, 0x49494949,
    0x4A4A4A4A, 0x4B4B4B4A, 0x4B4B4B4B, 0x4B4B4B4B, 0x4B4B4B4B, 0x4B4B4B4B, 0x2D4B4B4B, 0x4B4B4B2D,
    0x2D4B4B4B, 0x4B4B4B36, 0x4B4B4B4B, 0x4B4B4B4B, 0x4B4B4B4B, 0x4B4B4B4B, 0x4B4B4949, 0x4B4B4B4B,
    0x4B4B4B4B, 0x4A4A4A4A, 0x4B4B4B4B, 0x4A4A4A4B, 0x4B4B4B4B, 0x4A4B4B4B, 0x2D4B4B4B, 0x4B4B4B2D,
    0x2D4B4B4B, 0x4B4B4B36, 0x4B4B4B4B, 0x4B4B4B4B, 0x4B4B4B4B, 0x4B4B4B4B, 0x4B4B4B4B, 0x4B4B4B4B,
    0x4A4A4A4A, 0x4A4A4A4A, 0x4A4A4A4A, 0x4B4B4B4A, 0x4B4B4A4A, 0x4B4B4B4B, 0x2D4B4B4B, 0x4B4B4B2D,
    0x2D4B4B4B, 0x4B4B4B36, 0x4B4B4B4B, 0x4B4B4B4B, 0x4B4B4B4B, 0x4B4B4B4B, 0x4B4B4B4B, 0x4B4B4B4B,
    0x4B4B4B4A, 0x5B4B4B4B, 0x4B4B4B4B, 0x5B4B4B4B, 0x4B4B4B4B, 0x5B4B4B4B, 0x2D4B4B4B, 0x5B4B4B2D,
    0x2D4B4B4B, 0x5B4B4B36, 0x4B4B4B4B, 0x5B4B4B4B, 0x4B4B4B4B, 0x5B4B4B4B, 0x4B4B4B4B, 0x5B4B4B4B,
    0x38383828, 0x38383838, 0x2F2F2F28, 0x2F2F2F2F, 0x2F2F2F28, 0x2F2F2F2F, 0x312F2F28, 0x2F2F2F2F,
    0x3C2F2F28, 0x2F2F2F32, 0x32312F28, 0x2F2F2F29, 0x31312F28, 0x312F2F2F, 0x31312F28, 0x31312F31,
    0x38383838, 0x38383838, 0x2F2F2F2F, 0x2F2F2D2F, 0x2F2F2F2F, 0x2F2F2D2F, 0x2F2F2F2F, 0x2F2F2F2F,
    0x2F2F2F2F, 0x2F2F2F2F, 0x2F2F2F2F, 0x2F2F2F2F, 0x2F313131, 0x2F2F2F2F, 0x31313232, 0x2F2F2F2F,
    0x38383838, 0x38383838, 0x2F312F2F, 0x2F2F2F31, 0x2F2F2F2F, 0x2F2F2F31, 0x2F2F2F2F, 0x2F2F2F31,
    0x2F2F2F2F, 0x2F2F2F31, 0x2F2F2F2F, 0x2F2F2F2F, 0x2F2F2F2F, 0x2F2F2F2F, 0x2F2F2F2F, 0x2F2F2F2F,
    0x38383838, 0x38383838, 0x2F2F2F2F, 0x3232312F, 0x2F2F2F2F, 0x3232312F, 0x2F312F2F, 0x3131312F,
    0x2F312F2F, 0x3131312F, 0x2F312F2F, 0x2F31312F, 0x2F31312F, 0x2F2F312F, 0x2F313231, 0x2F2F2F2F,
    0x38383838, 0x2A383838, 0x312F2F31, 0x2A312F2F, 0x312F2F31, 0x2A312F2F, 0x31312F31, 0x2A312F2F,
    0x3C312F2F, 0x2A312F32, 0x322F2F2F, 0x2A312F29, 0x3131312F, 0x2A2F2F2F, 0x2F31312F, 0x2A2F2F2F,
    0x32312F38, 0x2F2F2F31, 0x32312F38, 0x2F2F2F31, 0x32312F38, 0x2F2F2F31, 0x31312F38, 0x2F2F2F31,
    0x31312F38, 0x2F2F2F2F, 0x2F2F2F38, 0x2F2F2F2F, 0x2F2F2F38, 0x2F2F2F2F, 0x2F2F2F38, 0x2F2F2F2F,
    0x2F31312F, 0x2F2F2D2F, 0x2F31312F, 0x2D2D2D2F, 0x2F31312F, 0x2D2D2F2F, 0x2F2F312F, 0x2D2F2F2F,
    0x2F2F2F2F, 0x2D2F2F2F, 0x2F2F2F2F, 0x2F2F2F2F, 0x2F2F2F2F, 0x2F2F2F2F, 0x2F2F2F2F, 0x2F2F2F2F,
    0x2F2F2F2F, 0x31322F2F, 0x2F2F2F2D, 0x31322F2F, 0x2F2F2F2D, 0x3132312F, 0x2F2F2F2F, 0x3131312F,
    0x2F2F2F2F, 0x31313131, 0x2F2F2F2F, 0x32313231, 0x2F2F2F2F, 0x32313231, 0x2F2F2F2F, 0x32313231,
    0x2F2F3131, 0x2F2F2F2F, 0x2F2F3131, 0x2F2F2F2F, 0x31313131, 0x2F2F2F2F, 0x31313131, 0x2F2F2F2F,
    0x31313132, 0x2F2F2F31, 0x31313132, 0x2F2F2F31, 0x31313132, 0x2F2F2F2F, 0x2F2F2F32, 0x31312F2F,
    0x2F313131, 0x28312F2F, 0x2F313131, 0x28312F2F, 0x2F313131, 0x28312F2F, 0x2F31312F, 0x28312F2F,
    0x2F312F2F, 0x2831312F, 0x2F312F2F, 0x2831312F, 0x2F2F2F2F, 0x2831312F, 0x2F2F2F2F, 0x2831312F,
    0x4B4B4B5B, 0x4B4B4B4B, 0x4B4B4B5B, 0x4B4B4B4B, 0x4B4B4B5B, 0x4B4B4B4B, 0x2D4B4B5B, 0x4B4B4B2D,
    0x2D4B4B5B, 0x4B4B4B36, 0x4949495B, 0x49494949, 0x4949495B, 0x49494949, 0x4949495B, 0x49494949,
    0x4B4B4B4B, 0x4B4B4B4B, 0x4B4B4B4B, 0x4B4B4B4B, 0x4B4B4B4B, 0x4B4B4B4B, 0x2D4B4B4B, 0x49494B2D,
    0x2D4B4B4B, 0x49494936, 0x49494949, 0x49494949, 0x49494949, 0x49494949, 0x49494949, 0x49494949,
    0x49494B4B, 0x49494949, 0x4949494B, 0x49494949, 0x49494949, 0x49494949, 0x2D494949, 0x4949492D,
    0x2D494949, 0x49494936, 0x49494949, 0x49494949, 0x49494949, 0x49494949, 0x49494949, 0x49494949,
    0x49494949, 0x49494949, 0x49494949, 0x49494949, 0x49494949, 0x49494949, 0x2D494949, 0x4949492D,
    0x2D494949, 0x49494935, 0x49494949, 0x49494949, 0x49494949, 0x49494949, 0x49494949, 0x48484849,
    0x49494949, 0x49494949, 0x49494949, 0x49494949, 0x49494949, 0x49494949, 0x2D494949, 0x4949492D,
    0x2D494949, 0x49494935, 0x49494949, 0x49494949, 0x49494949, 0x49494949, 0x49494848, 0x49494949,
    0x49494949, 0x49494949, 0x49494949, 0x49494949, 0x49494949, 0x49494949, 0x2D494949, 0x4949492D,
    0x2D494949, 0x49494935, 0x49494949, 0x49494949, 0x49494949, 0x49494949, 0x49494949, 0x49494949,
    0x4B4B4B49, 0x4B4B4B4B, 0x4B4B4949, 0x4B4B4B4B, 0x49494949, 0x4B4B4B4B, 0x2D494949, 0x4B4B4B2D,
    0x2D494949, 0x49494936, 0x49494949, 0x49494949, 0x49494949, 0x49494949, 0x49494949, 0x49494949,
    0x4B4B4B4B, 0x4B4B4B4B, 0x4B4B4B4B, 0x4B4B4B4B, 0x4B4B4B4B, 0x4B4B4B4B, 0x2D4B4B4B, 0x4B4B4B2D,
    0x2D4B4B4B, 0x4B4B4B36, 0x49494949, 0x4B4B4B4B, 0x49494949, 0x4B494949, 0x49494949, 0x49494949,
    0x4A4A4B4B, 0x4B4B4B4B, 0x4B4B4B4B, 0x4B4B4B4B, 0x4B4B4B4B, 0x4B4B4B4B, 0x2D4B4B4B, 0x4B4B4B2D,
    0x2D4B4B4B, 0x4B4B4B36, 0x4B4B4B4B, 0x494B4B4B, 0x4B4B4B4B, 0x4949494B, 0x49494949, 0x49494949,
    0x4B4B4B4B, 0x49494949, 0x494B4B4B, 0x49494949, 0x49494B4B, 0x49494949, 0x2D49494B, 0x4949492D,
    0x2D494949, 0x49494935, 0x49494949, 0x49494949, 0x49494949, 0x48484849, 0x49494949, 0x48484848,
    0x49494949, 0x4B4B4B4B, 0x49494949, 0x4B494949, 0x49494949, 0x49494949, 0x2D494949, 0x4949492D,
    0x2D494949, 0x49494935, 0x49494949, 0x49494949, 0x49494948, 0x49494949, 0x49484848, 0x49494949,
    0x494B4B4B, 0x49494949, 0x4949494B, 0x49494949, 0x49494949, 0x49494949, 0x2D494949, 0x4949492D,
    0x2D494949, 0x49494935, 0x49494949, 0x49494949, 0x49494949, 0x49494949, 0x49494949, 0x49494949,
    0x49494949, 0x49494949, 0x49494949, 0x49494949, 0x49494949, 0x49494949, 0x2D494949, 0x4949492D,
    0x2D494949, 0x49494935, 0x49494949, 0x49494949, 0x49494949, 0x49494949, 0x48484849, 0x48484848,
    0x49494949, 0x49494949, 0x49494949, 0x49494949, 0x49494949, 0x49494949, 0x2D494949, 0x4949492D,
    0x2D494949, 0x49494935, 0x49494949, 0x49494949, 0x49494949, 0x49494949, 0x48484848, 0x49484848,
    0x49494949, 0x49494949, 0x49494949, 0x49494949, 0x49494949, 0x49494949, 0x2D494949, 0x4949492D,
    0x2D494949, 0x49494935, 0x49494949, 0x49494949, 0x49494949, 0x49494949, 0x49494949, 0x49494949,
    0x49494949, 0x49494949, 0x49494949, 0x49494949, 0x49494949, 0x49494949, 0x2D494949, 0x4949492D,
    0x2D494949, 0x49494934, 0x49494949, 0x49494949, 0x49494949, 0x49494949, 0x49494949, 0x49494949,
    0x4B494949, 0x4B4B4B4B, 0x49494949, 0x4B4B4B4B, 0x49494949, 0x4B4B4B49, 0x2D494949, 0x4B4B4B2D,
    0x2D494949, 0x4B4B4936, 0x49494949, 0x49494949, 0x49494949, 0x49494949, 0x49494949, 0x49494949,
    0x4B4B4B4B, 0x4B4B4B4B, 0x4B4B4B4B, 0x4B4B4B4B, 0x4B4B4B4B, 0x4B4B4B4B, 0x2D4B4B4B, 0x4B4B4B2D,
    0x2D4B4B4B, 0x4B4B4B36, 0x4B4B4B4B, 0x4B4B4B4B, 0x49494949, 0x4B4B4B49, 0x49494949, 0x49494949,
    0x4B4B4B4B, 0x4B4B4B4B, 0x4B4B4B4B, 0x4B4B4B4B, 0x4B4B4B4B, 0x4B4B4B4B, 0x2D4B4B4B, 0x4B4B4B2D,
    0x2D4B4B4B, 0x494B4B36, 0x4B4B4B4B, 0x49494B4B, 0x4B4B4B4B, 0x4949494B, 0x494B4B49, 0x49494949,
    0x4B4B4B4B, 0x5B4B4B4B, 0x4B4B4B4B, 0x5B4B4B4B, 0x4B4B4B4B, 0x5B494B4B, 0x2D494B4B, 0x5B49492D,
    0x2D494949, 0x5B494936, 0x49494949, 0x5B494949, 0x49494949, 0x5B494949, 0x49494949, 0x5B494949,
    0x31312F28, 0x32313131, 0x31312F28, 0x32323131, 0x31313128, 0x32322F2F, 0x31313128, 0x32322F2F,
    0x31313128, 0x32312F2F, 0x2F313128, 0x32312F2F, 0x2F313128, 0x32312F2F, 0x2F313128, 0x32312F2F,
    0x31323232, 0x31313131, 0x32323232, 0x31313131, 0x31323232, 0x31313131, 0x31313232, 0x2F2F3131,
    0x31313232, 0x2F2F2F2F, 0x2F2F3232, 0x2F2F2F2F, 0x2F2F3132, 0x2F2F2F2F, 0x2F2F3132, 0x2F2F312F,
    0x2D2F312F, 0x31312F2F, 0x2D2F312F, 0x31312F2F, 0x2D2F2F2F, 0x31312F2F, 0x2D2F2F2F, 0x2F312F2F,
    0x2D2F2F2F, 0x2F312F2F, 0x2F2F2F2F, 0x2F312F2F, 0x2F2F2F2F, 0x2F2F2F2F, 0x2F2F2F2F, 0x2F2F2F2F,
    0x2F313232, 0x2F2F2F2F, 0x2F313232, 0x2F2F2F2F, 0x2F313232, 0x2F2F2F2F, 0x2F2F3232, 0x2F2F2F2F,
    0x2F2F3231, 0x2F2F2F2F, 0x2F2F3131, 0x2F2F2F2F, 0x2F2F312F, 0x2F2F2F2F, 0x2F2F2F2F, 0x2F2F2F2F,
    0x2F31312F, 0x2A2F2F2F, 0x2F31312F, 0x2A2F2F2F, 0x2F313131, 0x2A2F2F2F, 0x2F313131, 0x2A2F2F2F,
    0x2F313131, 0x2A2F2F2F, 0x2F313131, 0x2A2F2F2F, 0x2F313131, 0x2A2F2F2F, 0x2F31312F, 0x2A2F2F2F,
    0x2F2F2F38, 0x312F2F2F, 0x2F2F3138, 0x3131312F, 0x2F2F3138, 0x3231312F, 0x2F2F3138, 0x3131312F,
    0x2F2F3138, 0x3131312F, 0x2F2F2F38, 0x3131312F, 0x2F2F2F38, 0x3131312F, 0x2F2F2F38, 0x312F312F,
    0x2F2F2F31, 0x2F2F2F2F, 0x2F2F3131, 0x2F2F2F2F, 0x2F2F3131, 0x2F2F2F2F, 0x2F313131, 0x2F2F312F,
    0x2F313131, 0x2F2F2F2F, 0x31313131, 0x31312F31, 0x312F2F2F, 0x31313131, 0x2F2F2F2F, 0x31312F31,
    0x312F2F2F, 0x32313232, 0x312F2F2F, 0x32313232, 0x312F2F2F, 0x32313232, 0x312F2F2F, 0x31313232,
    0x312F2F2F, 0x31313232, 0x312F2F31, 0x31323232, 0x312F2F31, 0x31323232, 0x312F3131, 0x31323232,
    0x2F2F2F32, 0x3131312F, 0x2F2F2F32, 0x3232312F, 0x2F2F2F32, 0x3232312F, 0x2F2F3132, 0x3232312F,
    0x2F2F3131, 0x3232312F, 0x2F2F3231, 0x3232312F, 0x2F2F3231, 0x3231312F, 0x2F2F3231, 0x3131312F,
    0x2F2F2F2F, 0x28312F2F, 0x2F2F2F2F, 0x28312F2F, 0x2F2F2F2F, 0x28312F2F, 0x2F2F2F2F, 0x28312F2F,
    0x2F2F2F2F, 0x28312F2F, 0x2F2F2F2F, 0x28312F2F, 0x2F2F2F2F, 0x28312F2F, 0x2F2F2F2F, 0x282F2F2F,
    0x4949495B, 0x49494949, 0x4949495B, 0x49494949, 0x4949495B, 0x48494949, 0x2D49495B, 0x4848492D,
    0x2D49495B, 0x48484834, 0x4949495B, 0x48484848, 0x4848485B, 0x47484848, 0x4848485B, 0x47474748,
    0x49494949, 0x49494949, 0x49494949, 0x49494949, 0x48484848, 0x49494949, 0x2D484848, 0x4949492D,
    0x2D484848, 0x49494834, 0x48484748, 0x49484848, 0x47474747, 0x48484848, 0x47474747, 0x48484747,
    0x49494949, 0x49494949, 0x49494949, 0x49494949, 0x49494949, 0x49494949, 0x2D494949, 0x4949492D,
    0x2D494949, 0x49494935, 0x49494949, 0x48494949, 0x49494848, 0x48484949, 0x48484848, 0x48484848,
    0x48494949, 0x48484848, 0x48484949, 0x48474848, 0x48484949, 0x47474748, 0x2D484849, 0x4747472D,
    0x2D484848, 0x47474733, 0x47484848, 0x47474747, 0x47474848, 0x47474747, 0x47474748, 0x47474747,
    0x49484848, 0x49494949, 0x48484848, 0x49494948, 0x48484847, 0x49494848, 0x2D484747, 0x4848482D,
    0x2D474747, 0x48484834, 0x47474747, 0x48484848, 0x47474747, 0x48484847, 0x47474747, 0x48484847,
    0x49494949, 0x49494949, 0x49494949, 0x49494949, 0x49494949, 0x49494949, 0x2D484848, 0x4949492D,
    0x2D484848, 0x49494934, 0x48484848, 0x49484848, 0x48484848, 0x49484848, 0x48484848, 0x48484848,
    0x49494949, 0x49494949, 0x49494949, 0x49494949, 0x49494949, 0x49494949, 0x2D494949, 0x4949492D,
    0x2D494949, 0x49494935, 0x49494949, 0x49494949, 0x49494949, 0x49494949, 0x49494949, 0x49494949,
    0x49494949, 0x49494949, 0x49494949, 0x49494949, 0x49494949, 0x49494949, 0x2D494949, 0x4949492D,
    0x2D494949, 0x49494935, 0x49494949, 0x49494949, 0x49494949, 0x49494949, 0x49494949, 0x49494949,
    0x49494949, 0x49494949, 0x49494949, 0x49494949, 0x49494949, 0x49494949, 0x2D494949, 0x4949492D,
    0x2D494949, 0x49494935, 0x49494949, 0x48494949, 0x49494949, 0x48494949, 0x49494949, 0x48494949,
    0x48494949, 0x47474748, 0x48484949, 0x47474747, 0x47484849, 0x47474747, 0x2D474848, 0x4747472C,
    0x2C474848, 0x47474733, 0x47474848, 0x47474747, 0x47474848, 0x47474747, 0x47474848, 0x47474747,
    0x48484847, 0x49494949, 0x48484747, 0x49494949, 0x48474747, 0x49494948, 0x2D474747, 0x4949482D,
    0x2D474747, 0x49484834, 0x47474747, 0x48484848, 0x47474747, 0x48484847, 0x47474747, 0x48484847,
    0x49494949, 0x48494949, 0x49494949, 0x48484949, 0x49494949, 0x48484849, 0x2D494949, 0x4848482D,
    0x2D494949, 0x47484834, 0x48484849, 0x47474848, 0x48484848, 0x47474848, 0x48484848, 0x47474748,
    0x48484848, 0x48484848, 0x48484848, 0x48484848, 0x47474748, 0x47474747, 0x2D474747, 0x4747472D,
    0x2D474747, 0x47474733, 0x47474747, 0x47474747, 0x47474747, 0x47474747, 0x47474747, 0x47474747,
    0x48484848, 0x48484848, 0x47474848, 0x48484747, 0x47474747, 0x47474747, 0x2C474747, 0x4747472C,
    0x2C474747, 0x47474733, 0x47474747, 0x47474747, 0x47474747, 0x47474747, 0x47474747, 0x47474747,
    0x49494948, 0x49494949, 0x49484848, 0x49494949, 0x48484848, 0x49494949, 0x2D484847, 0x4848482D,
    0x2D484747, 0x48484834, 0x47474747, 0x47484847, 0x47474747, 0x47474747, 0x47474747, 0x47474747,
    0x48494949, 0x48484848, 0x48484949, 0x48484848, 0x48484848, 0x48484848, 0x2D484848, 0x4848482D,
    0x2D474848, 0x47474733, 0x47474747, 0x47474747, 0x47474747, 0x47474747, 0x47474747, 0x47474747,
    0x49494949, 0x49494949, 0x49494948, 0x49494949, 0x49494848, 0x49494949, 0x2D484848, 0x4949492D,
    0x2D484848, 0x49494834, 0x48484847, 0x49494848, 0x48484747, 0x49494848, 0x48474747, 0x49494848,
    0x49494949, 0x49494949, 0x49494949, 0x49494949, 0x49494949, 0x49494949, 0x2D494949, 0x4949492D,
    0x2D494949, 0x49494935, 0x49494949, 0x49494949, 0x49494949, 0x49494949, 0x49494949, 0x49494949,
    0x49494949, 0x49494949, 0x49494949, 0x49494949, 0x49494949, 0x49494949, 0x2D494949, 0x4949492D,
    0x2D494949, 0x49494935, 0x49494949, 0x49494949, 0x49494949, 0x49494949, 0x49494949, 0x48494949,
    0x49494949, 0x5B494949, 0x49494949, 0x5B494949, 0x49494949, 0x5B494949, 0x2D494949, 0x5B49492D,
    0x2D494949, 0x5B484834, 0x48494949, 0x5B484848, 0x48484849, 0x5B484848, 0x48484848, 0x5B474747,
    0x2F313128, 0x32312F2F, 0x2F313128, 0x32312F2F, 0x2F313128, 0x32312F2F, 0x2F313128, 0x32312F2F,
    0x2F313128, 0x32312F2F, 0x2F313228, 0x3132312F, 0x31313228, 0x3132312F, 0x31323228, 0x3131312F,
    0x2F2F3132, 0x2F2F3131, 0x2F2F3132, 0x2F2F3231, 0x2F2F3132, 0x2F313231, 0x2F2F2F32, 0x2F313131,
    0x2F2F2F31, 0x31313131, 0x2F2F2F2F, 0x3131312F, 0x2F2F2F2F, 0x3131312F, 0x2F2F2F2F, 0x3131312F,
    0x2F2F2F2F, 0x2F2F2F31, 0x2F2F2F2F, 0x2F2F2F31, 0x2F2F2F2F, 0x2F2F2F32, 0x3131312F, 0x2F2F2F31,
    0x31313131, 0x2F2F2F31, 0x31313132, 0x2F2F2F31, 0x31313132, 0x2F2F2F31, 0x2F2F3132, 0x2F2F2F2F,
    0x2F2F2F2F, 0x2F2F2F2F, 0x2F2F2F2F, 0x2F2F2F2F, 0x2F2F2F2F, 0x2F2F2F2F, 0x2F2F2F2F, 0x2F2F2F2F,
    0x2F2F2F2F, 0x2F2F2F2F, 0x2F2F2F2F, 0x2F2F2F2F, 0x2F2F2F2F, 0x2F2F2F2F, 0x2F2F2F2F, 0x2F2F2F2F,
    0x31312F2F, 0x2A2F2F31, 0x31312F2F, 0x2A2F3131, 0x31312F2F, 0x2A2F3131, 0x31312F2F, 0x2A2F3131,
    0x2F2F2F2F, 0x2A31312F, 0x2F2F2F2F, 0x2A31312F, 0x2F2F2F2F, 0x2A32312F, 0x2F2F2F2F, 0x2A31312F,
    0x2F2F2F38, 0x312F312F, 0x2F2F2F38, 0x312F2F2F, 0x2F2F2F38, 0x312F2F2F, 0x2F2F2F38, 0x2F2F2F2F,
    0x2F2F2F38, 0x2F2F2F2F, 0x2F2F2F38, 0x2F2F2F2F, 0x2F2F2F38, 0x2F312F2F, 0x2F2F2F38, 0x2F312F2F,
    0x2F2F2F2F, 0x32312F31, 0x2F2F2F2F, 0x32312F31, 0x2F2F2F2F, 0x32312F2F, 0x2F2F2F2F, 0x32312F2F,
    0x2F2F2F2F, 0x32312F2F, 0x2F2F2F2F, 0x32312F2F, 0x2F2F2F2F, 0x3231312F, 0x2F2F2F2F, 0x3231312F,
    0x312F3131, 0x31323131, 0x2F2F3131, 0x31323131, 0x2F2F3131, 0x3232312F, 0x2F313131, 0x3232312F,
    0x2F313131, 0x31323131, 0x2F313132, 0x31323131, 0x31313132, 0x31313131, 0x31313132, 0x31312F2F,
    0x2F2F3231, 0x3131312F, 0x2F313231, 0x2F313131, 0x31313231, 0x2F313131, 0x31313231, 0x2F313131,
    0x31313131, 0x2F313131, 0x31313131, 0x2F313131, 0x31313131, 0x2F313131, 0x31313131, 0x31323131,
    0x2F2F2F2F, 0x282F312F, 0x2F2F2F2F, 0x282F2F31, 0x312F2F2F, 0x282F3131, 0x312F2F2F, 0x282F3131,
    0x312F2F2F, 0x282F3132, 0x312F2F2F, 0x282F3132, 0x312F2F2F, 0x282F3132, 0x2F2F2F2F, 0x282F3131,
    0x4748485B, 0x47474747, 0x4747475B, 0x47474747, 0x4747475B, 0x47474747, 0x2C47475B, 0x4747472C,
    0x2C47475B, 0x47474733, 0x4747475B, 0x47474747, 0x4747475B, 0x47474747, 0x4848485B, 0x47474747,
    0x47474747, 0x47474747, 0x47474747, 0x47474747, 0x47474747, 0x47474747, 0x2C474747, 0x4747472C,
    0x2C474747, 0x47474733, 0x47474747, 0x47474747, 0x47474747, 0x47474747, 0x47474747, 0x47474747,
    0x48484847, 0x48484848, 0x47474747, 0x47474747, 0x47474747, 0x47474747, 0x2C474747, 0x4747472C,
    0x2C474747, 0x47474733, 0x47474747, 0x47474747, 0x47474747, 0x47474747, 0x47474747, 0x47474747,
    0x47474747, 0x47474747, 0x47474747, 0x47474747, 0x47474747, 0x47474747, 0x2C474747, 0x4747472C,
    0x2C474747, 0x47474733, 0x47474747, 0x47474747, 0x47474747, 0x47474747, 0x47474747, 0x47474747,
    0x47474747, 0x48484847, 0x47474747, 0x48484848, 0x47474747, 0x48484848, 0x2D474747, 0x4848482D,
    0x2D474747, 0x48484834, 0x48484747, 0x48484848, 0x48484747, 0x48484848, 0x48484747, 0x49494848,
    0x48484848, 0x48484848, 0x48484848, 0x48484848, 0x48484848, 0x48484848, 0x2D484848, 0x4848482D,
    0x2D484848, 0x48484834, 0x48484848, 0x49484848, 0x49494949, 0x49494949, 0x49494949, 0x48484849,
    0x49494949, 0x49494949, 0x49494948, 0x48494949, 0x49494948, 0x48484949, 0x2D494949, 0x4848482D,
    0x2D494949, 0x48484834, 0x48494949, 0x48484848, 0x48484949, 0x48484848, 0x48484848, 0x47484848,
    0x49494949, 0x49494949, 0x48484848, 0x49494948, 0x48484848, 0x49494848, 0x2D484848, 0x4848482D,
    0x2D484848, 0x48484834, 0x47474848, 0x48484848, 0x47474747, 0x48484847, 0x47474747, 0x48474747,
    0x49494949, 0x48494949, 0x49494949, 0x48494949, 0x49494949, 0x48494949, 0x2D494949, 0x4949492D,
    0x2D494948, 0x49494934, 0x49494848, 0x48494949, 0x48484848, 0x48484849, 0x48484848, 0x48484848,
    0x47484848, 0x47474747, 0x48484848, 0x47474747, 0x48484848, 0x48484848, 0x2D484848, 0x4848482D,
    0x2D484848, 0x48484834, 0x48484848, 0x48484848, 0x48484848, 0x48484848, 0x48484848, 0x48484848,
    0x47474747, 0x48484747, 0x47474747, 0x48484747, 0x47474747, 0x47474747, 0x2D484848, 0x4747472D,
    0x2D484848, 0x47474834, 0x48484848, 0x48484848, 0x48484848, 0x48484848, 0x48484848, 0x47474748,
    0x48484848, 0x47474747, 0x48484848, 0x47474747, 0x47484848, 0x47474747, 0x2D474747, 0x4747472D,
    0x2D484847, 0x47474733, 0x48484848, 0x47474848, 0x48484848, 0x48484848, 0x48484847, 0x48484848,
    0x47474747, 0x47474747, 0x47474747, 0x47474747, 0x47474747, 0x47474747, 0x2D474747, 0x4747472D,
    0x2D474747, 0x47474733, 0x47474747, 0x47474747, 0x48484848, 0x47474748, 0x48484848, 0x47484848,
    0x47474747, 0x47474747, 0x47474747, 0x47474747, 0x47474747, 0x47474747, 0x2C474747, 0x4747472C,
    0x2C474747, 0x47474733, 0x47474747, 0x47474747, 0x47474747, 0x47474747, 0x47474747, 0x47474747,
    0x47474747, 0x47474747, 0x47474747, 0x47474747, 0x47474747, 0x47474747, 0x2C474747, 0x4747472C,
    0x2C474747, 0x47474733, 0x47474747, 0x47474747, 0x47474747, 0x47474747, 0x47474747, 0x47474747,
    0x47474747, 0x47474747, 0x47474747, 0x47474747, 0x47474747, 0x47474747, 0x2C474747, 0x4747472C,
    0x2C474747, 0x47474733, 0x47474747, 0x47474747, 0x47474747, 0x47474747, 0x47474747, 0x47474747,
    0x48474747, 0x49494848, 0x47474747, 0x49494848, 0x47474747, 0x49494848, 0x2D474747, 0x4949482D,
    0x2D474747, 0x49494834, 0x47474747, 0x49494848, 0x47474747, 0x49484848, 0x47474747, 0x48484848,
    0x49494949, 0x49494949, 0x49494949, 0x49494949, 0x49494949, 0x49494949, 0x2D494949, 0x4949492D,
    0x2D494949, 0x48494935, 0x49494949, 0x48484949, 0x49494949, 0x48484849, 0x49494949, 0x47484848,
    0x49494949, 0x48484849, 0x48484949, 0x48484848, 0x48484848, 0x47474748, 0x2D484848, 0x4747472D,
    0x2D474848, 0x47474733, 0x47474748, 0x47474747, 0x47474747, 0x47474747, 0x47474747, 0x47474747,
    0x47474848, 0x5B474747, 0x47474747, 0x5B474747, 0x47474747, 0x5B474747, 0x2C474747, 0x5B47472C,
    0x2C474747, 0x5B474733, 0x47474747, 0x5B474747, 0x47474747, 0x5B474747, 0x47474747, 0x5B474747,
    0x31323228, 0x3131312F, 0x31313228, 0x2F31312F, 0x31313228, 0x2F31312F, 0x31323228, 0x2F313131,
    0x31323228, 0x2F2F3131, 0x31313228, 0x2F2F3131, 0x31313228, 0x2F2F3131, 0x31313228, 0x2F2F3131,
    0x2F2F2F2F, 0x3131312F, 0x2F2F2F2F, 0x3132312F, 0x2F2F2F31, 0x3132312F, 0x2F2F2F2F, 0x31323131,
    0x2F2F2F2F, 0x31323231, 0x2F2F2F2F, 0x32323231, 0x2F2F2F2F, 0x32323232, 0x2F2F2F2F, 0x31323232,
    0x2F2F2F31, 0x2F2F2F2F, 0x2F2F2F31, 0x2F312F2F, 0x2F2F2F31, 0x2F312F2F, 0x2F2F2F31, 0x2F312F2F,
    0x2F2F2F31, 0x31312F2F, 0x2F2F2F31, 0x31322F2F, 0x2F2F2F31, 0x3232312F, 0x2F2F2F31, 0x3232312F,
    0x2F2F2F2F, 0x2F2F2F2F, 0x2F2F2F2F, 0x2F2F2F2F, 0x2F2F2F2F, 0x2F2F2F2F, 0x2F2F2F2F, 0x2F2F2F2F,
    0x2F2F2F2F, 0x2F2F2F2F, 0x2F2F2F2F, 0x2F2F2F2F, 0x2F2F2F2F, 0x2F2F2F2F, 0x2F2F2F31, 0x2F2F3131,
    0x2F2F2F2F, 0x2A31312F, 0x2F2F2F2F, 0x2A2F3131, 0x312F2F2F, 0x2A2F3131, 0x312F2F2F, 0x2A2F3131,
    0x2F2F2F2F, 0x2A2F3131, 0x2F2F2F2F, 0x2A313231, 0x2F2F2F2F, 0x2A313231, 0x2F2F2F2F, 0x2A313231,
    0x2F2F2F38, 0x2F312F2F, 0x2F2F2F38, 0x2F312F2F, 0x2F2F2F38, 0x2F2F2F2F, 0x2F2F2F38, 0x2F2F2F2F,
    0x3C2F2F38, 0x2F2F2F32, 0x322F2F38, 0x2F2F2F29, 0x2F2F2F38, 0x2F2F2F2F, 0x2A2A2A2A, 0x2A2A2A2A,
    0x2F2F2F2F, 0x3131312F, 0x2F2F2F2F, 0x2F2F2F31, 0x2F2F2F2F, 0x2F2F2F31, 0x312F2F2F, 0x2F2F2F32,
    0x312F2F2F, 0x2F2F2F32, 0x312F2F2F, 0x2F2F2F31, 0x31312F2F, 0x2F2F2F31, 0x2A2A2A2A, 0x2A2A2A2A,
    0x2F313131, 0x31312F2F, 0x2F313131, 0x31312F2F, 0x2F323131, 0x31312F2F, 0x2F32312F, 0x31312F2F,
    0x2F32312F, 0x312F2F2F, 0x2F32312F, 0x312F2F2F, 0x2F32312F, 0x312F2F2F, 0x2A2A2A2A, 0x2A2A2A2A,
    0x31313131, 0x31313131, 0x2F313131, 0x3131312F, 0x2F313131, 0x3131312F, 0x2F2F3132, 0x3131312F,
    0x2F2F3132, 0x32312F2F, 0x2F313132, 0x31312F2F, 0x2F313132, 0x31312F2F, 0x2A2A2A2A, 0x2A2A2A2A,
    0x2F2F2F2F, 0x282F3131, 0x2F2F2F2F, 0x282F2F2F, 0x2F2F2F2F, 0x282F2F2F, 0x2F2F2F2F, 0x282F2F2F,
    0x3C2F2F2F, 0x282F2F32, 0x322F2F2F, 0x282F2F29, 0x2F2F2F2F, 0x282F2F2F, 0x2A2A2A2A, 0x282A2A2A,
    0x4848485B, 0x47474848, 0x4849495B, 0x47484848, 0x4949495B, 0x48484849, 0x2D49495B, 0x4848492D,
    0x2D49495B, 0x48494934, 0x4949495B, 0x48494949, 0x4949495B, 0x48494949, 0x4949495B, 0x48484949,
    0x47474747, 0x47474747, 0x47474747, 0x47474747, 0x47474747, 0x3E474747, 0x2C474748, 0x3E47472C,
    0x2C474748, 0x3E474733, 0x47474748, 0x3E3E4747, 0x47474748, 0x3E3E4747, 0x47474748, 0x3E3E4747,
    0x3E3E3E47, 0x47473E3E, 0x3E3E3E3E, 0x3E3E3E3E, 0x3E3E3E3E, 0x3E3E3E3E, 0x2C3E3E3E, 0x3E3E3E2C,
    0x2C3E3E3E, 0x3E3E3E33, 0x3E3E3E3E, 0x3E3E3E3E, 0x3F3F3E3E, 0x3E3E3E3F, 0x3F3F3E3E, 0x3E3E3F3F,
    0x47474747, 0x47474747, 0x47474747, 0x47474747, 0x47474747, 0x47474747, 0x2C47473E, 0x4747472C,
    0x2C47473E, 0x47474733, 0x4747473E, 0x47474747, 0x47473E3E, 0x47474747, 0x47473E3E, 0x47474747,
    0x48484847, 0x49494948, 0x48484847, 0x49494948, 0x48484848, 0x49494948, 0x2D484848, 0x4949492D,
    0x2D484848, 0x49494934, 0x48484848, 0x49494948, 0x48484848, 0x49494848, 0x48484847, 0x49484848,
    0x49494949, 0x48484849, 0x49494949, 0x48484848, 0x49494949, 0x48484848, 0x2D494949, 0x4848482D,
    0x2D494949, 0x47484834, 0x48484949, 0x47474848, 0x48484949, 0x47474848, 0x48484849, 0x47474748,
    0x48484848, 0x47474848, 0x48484848, 0x47474748, 0x47474848, 0x47474747, 0x2D474747, 0x4747472D,
    0x2C474747, 0x47474733, 0x47474747, 0x47474747, 0x47474747, 0x47474747, 0x47474747, 0x47474747,
    0x47474747, 0x47474747, 0x47474747, 0x47474747, 0x47474747, 0x47474747, 0x2C474747, 0x4747472C,
    0x2C474747, 0x47474733, 0x47474747, 0x47474747, 0x47474747, 0x47474747, 0x47474747, 0x47474747,
    0x48484848, 0x48484848, 0x48484847, 0x48484848, 0x47474747, 0x48484848, 0x2D474747, 0x4747472D,
    0x2D474747, 0x47474733, 0x47474747, 0x47474747, 0x47474747, 0x47474747, 0x47474747, 0x47474747,
    0x48484848, 0x48484848, 0x47474848, 0x47474747, 0x47474747, 0x47474747, 0x2C474747, 0x4747472C,
    0x2C474747, 0x47474733, 0x47474747, 0x47474747, 0x47474747, 0x47474747, 0x47474747, 0x47474747,
    0x47474748, 0x47474747, 0x47474747, 0x47474747, 0x47474747, 0x47474747, 0x2C474747, 0x4747472C,
    0x2C474747, 0x47474733, 0x47474747, 0x47474747, 0x47474747, 0x47474747, 0x47474747, 0x47474747,
    0x48474747, 0x48484848, 0x47474747, 0x48484848, 0x47474747, 0x48484848, 0x2D474747, 0x4848482D,
    0x2D474747, 0x48484833, 0x47474747, 0x48484847, 0x47474747, 0x48484847, 0x47474747, 0x48484747,
    0x48484848, 0x48484848, 0x48484848, 0x48484848, 0x48484848, 0x48484848, 0x2D494948, 0x4848492D,
    0x2D494949, 0x49494934, 0x49494949, 0x49494949, 0x49494948, 0x49494949, 0x49494948, 0x48484949,
    0x47474848, 0x47474747, 0x48484848, 0x47484848, 0x48484848, 0x48484848, 0x2D484848, 0x4848482D,
    0x2D484849, 0x48484834, 0x49494949, 0x48484849, 0x48484949, 0x48484848, 0x48484848, 0x48484848,
    0x47474747, 0x47474747, 0x47474747, 0x47474747, 0x47474747, 0x47474747, 0x2D474748, 0x4747472C,
    0x2D474848, 0x47474733, 0x47474848, 0x47474747, 0x47474848, 0x47474747, 0x47474748, 0x47474747,
    0x47474747, 0x47474747, 0x47474747, 0x48474747, 0x47474747, 0x48484848, 0x2D474747, 0x4848482D,
    0x2D484747, 0x49494834, 0x48484847, 0x49494948, 0x48484847, 0x49494948, 0x48484747, 0x49494848,
    0x47474747, 0x48484848, 0x48484848, 0x48484848, 0x48484848, 0x47474748, 0x2D484848, 0x4747472D,
    0x2D484849, 0x47474733, 0x48484949, 0x47474747, 0x48484949, 0x47474747, 0x47484849, 0x47474747,
    0x48484848, 0x47474848, 0x47484848, 0x47474747, 0x47474747, 0x47474747, 0x2C474747, 0x4747472C,
    0x2C474747, 0x47474733, 0x47474747, 0x47474747, 0x47474747, 0x47474747, 0x47474747, 0x47474747,
    0x47474747, 0x47474747, 0x47474747, 0x47474747, 0x47474747, 0x47474747, 0x2C474747, 0x4747472C,
    0x2C474747, 0x47474733, 0x47474747, 0x47474747, 0x47474747, 0x47474747, 0x47474747, 0x47474747,
    0x47474747, 0x5B474747, 0x47474747, 0x5B474747, 0x47474747, 0x5B474747, 0x2C474747, 0x5B47472C,
    0x2C474747, 0x5B474733, 0x47474747, 0x5B474747, 0x47474747, 0x5B474747, 0x47474747, 0x5B474747,
    0x2F313228, 0x2F2F2F2F, 0x2F313228, 0x2F2F2F2F, 0x31323228, 0x2F2F2F2F, 0x31323228, 0x312F2F2F,
    0x3C323228, 0x312F2F32, 0x32313228, 0x312F2F29, 0x2F313228, 0x312F2F2F, 0x2A2A2A28, 0x2A2A2A2A,
    0x312F2F2F, 0x31323231, 0x312F312F, 0x31313131, 0x32313131, 0x31313131, 0x32313131, 0x31312F31,
    0x32313131, 0x2F312F31, 0x32313231, 0x31312F31, 0x31323232, 0x312F2F31, 0x2A2A2A2A, 0x2A2A2A2A,
    0x2F2F2F31, 0x3232312F, 0x2F2F2F31, 0x3231312F, 0x2F313131, 0x3231312F, 0x3131312F, 0x32313131,
    0x3131312F, 0x32313131, 0x2F313131, 0x3131312F, 0x2F2F3131, 0x31312F2F, 0x2A2A2A2A, 0x2A2A2A2A,
    0x312F2F31, 0x2F2F3131, 0x31313131, 0x2F313132, 0x32323232, 0x31312F32, 0x32323232, 0x31312F32,
    0x32323232, 0x31312F32, 0x32323232, 0x31313132, 0x32313232, 0x31312F32, 0x2A2A2A2A, 0x2A2A2A2A,
    0x2F2F2F2F, 0x2A313131, 0x2F2F2F2F, 0x2A313131, 0x31312F2F, 0x2A313131, 0x3131312F, 0x2A322F2F,
    0x3C31312F, 0x2A312F32, 0x32313131, 0x2A312F29, 0x2F323231, 0x2A313131, 0x2A2A2A2A, 0x2A2A2A2A,
    0x38383838, 0x38383838, 0x2F2F2F38, 0x2F2F2F2F, 0x2F2F2F38, 0x2F2F2F31, 0x2F2F2F38, 0x2F2F2F31,
    0x3C312F38, 0x312F3132, 0x32313138, 0x312F3129, 0x31312F38, 0x2F2F3132, 0x2F312F38, 0x2F2F3132,
    0x38383838, 0x38383838, 0x3131312F, 0x2F2F2F2F, 0x3131312F, 0x312F2F2F, 0x31312F31, 0x322F2F2F,
    0x2F2F2F31, 0x32312F31, 0x2F2F2F31, 0x32312F2F, 0x2F2F2F31, 0x32312F2F, 0x2F2F312F, 0x32312F2F,
    0x38383838, 0x38383838, 0x3132312F, 0x312F2F2F, 0x3131312F, 0x312F2F2F, 0x32313131, 0x2F2F2F2F,
    0x32313131, 0x2F2F2F2F, 0x32313131, 0x2F2F2F2F, 0x31313131, 0x2F2F2F2F, 0x31313131, 0x2F2F2F2F,
    0x38383838, 0x38383838, 0x31312F31, 0x312F2F2F, 0x31312F31, 0x2F2F2F2F, 0x31312F2F, 0x2F312F2F,
    0x31312F2F, 0x2F312F2F, 0x31312F2F, 0x2F312F2F, 0x31312F2F, 0x2F2F312F, 0x312F2F2F, 0x2F2F2F31,
    0x38383838, 0x28383838, 0x2F2F2F2F, 0x282F2F2F, 0x2F2F2F2F, 0x282F2F2F, 0x2F2F2F2F, 0x282F2F2F,
    0x3C2F312F, 0x282F2F32, 0x322F312F, 0x282F2F29, 0x2F2F2F2F, 0x282F2F2F, 0x2F2F2F2F, 0x282F2F2F,
    0x4949495B, 0x48484949, 0x4949495B, 0x48484849, 0x4949495B, 0x47484849, 0x2D49495B, 0x4748482D,
    0x2D48495B, 0x47474834, 0x4848485B, 0x47474748, 0x4748485B, 0x47474747, 0x4747475B, 0x47474747,
    0x47474747, 0x3E3E3E47, 0x47474747, 0x3E3E3E47, 0x47474747, 0x3E3E3E47, 0x2C474747, 0x3E3E3E2C,
    0x2C474747, 0x3E3E3E33, 0x47474747, 0x3E3E3E3E, 0x47474747, 0x3E3E3E3E, 0x47474747, 0x3E3E3E3E,
    0x3F3F3F3E, 0x3E3E3F3F, 0x3F3F3F3E, 0x3E3F3F3F, 0x3F3F3F3E, 0x3E3F3F3F, 0x2B3F3F3E, 0x3E3F3F2B,
    0x2C3F3F3E, 0x3F3F3F33, 0x3F3F3F3E, 0x3F3F3F3F, 0x3F3F3F3E, 0x3F3F3F3F, 0x3F3F3F3E, 0x3F3F3F3F,
    0x473E3E3E, 0x47474747, 0x473E3E3E, 0x47474747, 0x3E3E3E3E, 0x47474747, 0x2C3E3E3E, 0x4747472C,
    0x2C3E3E3E, 0x47473E33, 0x3E3E3E3E, 0x3E3E3E3E, 0x3E3E3E3F, 0x3E3E3E3E, 0x3E3F3F3F, 0x3E3E3E3E,
    0x48484747, 0x48484848, 0x47474747, 0x48484848, 0x47474747, 0x48484747, 0x2C474747, 0x4747472C,
    0x2C474747, 0x47474733, 0x47474747, 0x47474747, 0x4747473E, 0x47474747, 0x47473E3E, 0x47474747,
    0x48484848, 0x47474748, 0x48484848, 0x47474747, 0x47484848, 0x47474747, 0x2D474747, 0x4747472C,
    0x2C474747, 0x47474733, 0x47474747, 0x47474747, 0x47474747, 0x47474747, 0x47474747, 0x47474747,
    0x47474747, 0x47474747, 0x47474747, 0x47474747, 0x47474747, 0x47474747, 0x2C474747, 0x4747472C,
    0x2C474747, 0x47474733, 0x47474747, 0x47474747, 0x47474747, 0x47474747, 0x47474747, 0x47474747,
    0x47474747, 0x47474747, 0x47474747, 0x47474747, 0x47474747, 0x47474747, 0x2C474747, 0x4747472C,
    0x2C474747, 0x47474733, 0x47474747, 0x47474747, 0x3E474747, 0x47474747, 0x3E3E3E3E, 0x3E3E3E3E,
    0x47474747, 0x47474747, 0x47474747, 0x47474747, 0x47474747, 0x47474747, 0x2C474747, 0x4747472C,
    0x2C474747, 0x47474733, 0x47474747, 0x47474747, 0x47474747, 0x47474747, 0x47474747, 0x47474747,
    0x47474747, 0x47474747, 0x47474747, 0x47474747, 0x47474747, 0x47474747, 0x2C474747, 0x4747472C,
    0x2C474747, 0x47474733, 0x47474747, 0x47474747, 0x47474747, 0x47474747, 0x47474747, 0x47474747,
    0x47474747, 0x47474747, 0x47474747, 0x47474747, 0x47474747, 0x47474747, 0x2C474747, 0x4747472C,
    0x2C474747, 0x47474733, 0x47474747, 0x47474747, 0x47474747, 0x47474747, 0x47474747, 0x47474747,
    0x47474747, 0x48484747, 0x47474747, 0x48474747, 0x47474747, 0x48474747, 0x2C474747, 0x4847472C,
    0x2C474747, 0x47474733, 0x47474747, 0x47474747, 0x47474747, 0x47474747, 0x47474747, 0x47474747,
    0x48484848, 0x48484848, 0x48484848, 0x48484848, 0x48484848, 0x48484848, 0x2D484848, 0x4848482D,
    0x2D484848, 0x47474834, 0x48484847, 0x47474748, 0x47474747, 0x47474747, 0x47474747, 0x47474747,
    0x48484848, 0x48484848, 0x48484848, 0x47484848, 0x48484848, 0x47474747, 0x2D474747, 0x4747472D,
    0x2C474747, 0x47474733, 0x47474747, 0x47474747, 0x47474747, 0x47474747, 0x47474747, 0x47474747,
    0x47474747, 0x47474747, 0x47474747, 0x47474747, 0x47474747, 0x47474747, 0x2C474747, 0x4747472C,
    0x2C474747, 0x47474733, 0x47474747, 0x47474747, 0x47474747, 0x47474747, 0x47474747, 0x47474747,
    0x48474747, 0x48484848, 0x47474747, 0x48484847, 0x47474747, 0x47474747, 0x2C474747, 0x4747472C,
    0x2C474747, 0x47474733, 0x47474747, 0x47474747, 0x47474747, 0x3E3E3E47, 0x3E3E3E47, 0x3E3E3E3E,
    0x47484848, 0x47474747, 0x47474748, 0x47474747, 0x47474747, 0x47474747, 0x2C474747, 0x4747472C,
    0x2C474747, 0x47474733, 0x47474747, 0x47474747, 0x3E3E3E3E, 0x4747473E, 0x3E3E3E3E, 0x473E3E3E,
    0x47474747, 0x47474747, 0x47474747, 0x47474747, 0x47474747, 0x47474747, 0x2C474747, 0x4747472C,
    0x2C474747, 0x47474733, 0x47474747, 0x47474747, 0x47474747, 0x47474747, 0x47474747, 0x47474747,
    0x47474747, 0x47474747, 0x47474747, 0x47473E3E, 0x47474747, 0x473E3E3E, 0x2C474747, 0x47473E2C,
    0x2C474747, 0x47474733, 0x47474747, 0x47474747, 0x47474747, 0x47474747, 0x47474747, 0x47474747,
    0x47474747, 0x5B474747, 0x47474747, 0x5B474747, 0x47474747, 0x5B474747, 0x2C474747, 0x5B47472C,
    0x2C474747, 0x5B474733, 0x47474747, 0x5B474747, 0x47474747, 0x5B474747, 0x47474747, 0x5B474747,
    0x38383828, 0x38383838, 0x2F2F3128, 0x2F2F2F2F, 0x2F2F2F28, 0x2F2F2F2F, 0x2F2F2F28, 0x2F2F2F2F,
    0x3C2F2D28, 0x2F2F2F32, 0x322F2D28, 0x2F2F2F29, 0x2F2F2D28, 0x2F2F2F2F, 0x2F2F2F28, 0x2F2F2F2F,
    0x38383838, 0x38383838, 0x31313131, 0x2F2F3131, 0x31313131, 0x2F2F3131, 0x312F3131, 0x2F2F3231,
    0x2F2F2F2F, 0x2F2F3231, 0x2F2F2F2F, 0x2F2F3231, 0x2F2F2F2F, 0x2F2F3231, 0x2F2F2F2F, 0x2F313231,
    0x38383838, 0x38383838, 0x2F2F2F2F, 0x2F2F2F2F, 0x2F2F2F2F, 0x2F2F2F2F, 0x2F2F2F2F, 0x2F2F2F2F,
    0x2F2F2D2F, 0x2F2D2D2F, 0x2F2F2D2F, 0x2F2D2D2F, 0x2F2F2D2F, 0x2F2D2D2F, 0x2F2F2D2F, 0x2F2D2F2F,
    0x38383838, 0x38383838, 0x31313231, 0x31312F31, 0x31323231, 0x31312F31, 0x31323131, 0x32312F31,
    0x31323131, 0x32312F2F, 0x3132312F, 0x32312F2F, 0x3131312F, 0x32312F2F, 0x3131322F, 0x31312F2F,
    0x38383838, 0x2A383838, 0x2F313231, 0x2A2F2F31, 0x2F313131, 0x2A2F2F2F, 0x2F313131, 0x2A2F2F2F,
    0x3C313131, 0x2A2F2F32, 0x32313131, 0x2A2F2F29, 0x2F2F2F31, 0x2A2F2F2F, 0x2F2F2F31, 0x2A2F2F2F,
    0x2F2F2F38, 0x2F313132, 0x2F2F2F38, 0x2F313131, 0x2F2F2F38, 0x2F2F3131, 0x312F2F38, 0x2F2F2F31,
    0x312F2F38, 0x2F2F2F2F, 0x312F2F38, 0x2F2F2F2F, 0x312F2F38, 0x2F2F2F2F, 0x2F2F2F38, 0x2F2F2F2F,
    0x2F2F2F2F, 0x312F2F2F, 0x2F2F2F2F, 0x312F2F2F, 0x2F2F2F2F, 0x2F2F2F2F, 0x2F2F2F2F, 0x2F2F2F2F,
    0x2F2F2F2F, 0x2F2F2F2F, 0x2F2F2F2F, 0x2D2F2F2F, 0x2F2F2F2F, 0x2D2F2F2F, 0x2F2F2F2F, 0x2F2F2F2F,
    0x2F313131, 0x2F2F2F2F, 0x2F31312F, 0x2F2F2F2F, 0x2F312F2F, 0x2F2F2F2F, 0x2F2F2F2F, 0x2F2F2F2F,
    0x2F2F2F2F, 0x2F2F2F2F, 0x2F2F2F2F, 0x2F2F2F2F, 0x2F2F2F2F, 0x312F2F2F, 0x2F2F2F2F, 0x312F2F2F,
    0x2F2F2F2F, 0x2F2F2F31, 0x2F2F2F2F, 0x2F2F2F31, 0x2F2F2F2F, 0x2F2F2F2F, 0x2F2F2F31, 0x2F2F2F2F,
    0x2F2F2F31, 0x2F2F2F2F, 0x2D2F2F31, 0x2F2F2F2F, 0x2D2F2F31, 0x2F2F2F2F, 0x2D2F3131, 0x2F2F2F2F,
    0x2F2F2F2F, 0x282F2F2F, 0x2F2F2F2F, 0x282F2F2F, 0x2F2F2F2F, 0x282F2F2F, 0x2F2F2F2F, 0x282F2F2F,
    0x2F2F2F2F, 0x28312F2F, 0x2F2F2F2F, 0x28322F2F, 0x2F2F2F2F, 0x28322F2F, 0x2F2F2F2F, 0x28322F2F,
    0x4747475B, 0x47474747, 0x4747475B, 0x47474747, 0x4747475B, 0x47474747, 0x2C47475B, 0x3E47472C,
    0x2C3E475B, 0x3E3E3E33, 0x3E3E3E5B, 0x3E3E3E3E, 0x3E3E3E5B, 0x3E3E3E3E, 0x3E3E3E5B, 0x3E3E3E3E,
    0x3E474747, 0x3E3E3E3E, 0x3E3E4747, 0x3E3E3E3E, 0x3E3E3E47, 0x3E3E3E3E, 0x2C3E3E3E, 0x3F3E3E2C,
    0x2C3E3E3E, 0x3F3F3E33, 0x3E3E3E3E, 0x3F3F3F3E, 0x3F3E3E3E, 0x3F3F3F3F, 0x3F3F3F3E, 0x3F3F3F3F,
    0x3F3F3F3E, 0x3F3F3F3F, 0x3F3F3F3F, 0x3F3F3F3F, 0x3F3F3F3F, 0x3F3F3F3F, 0x2B3F3F3F, 0x3F3F3F2B,
    0x2B3F3F3F, 0x3F3F3F33, 0x3F3F3F3F, 0x3F3F3F3F, 0x3F3F3F3F, 0x3F3F3F3F, 0x3F3F3F3F, 0x3F3F3F3F,
    0x3F3F3F3F, 0x3E3E3E3E, 0x3F3F3F3F, 0x3E3E3E3F, 0x3F3F3F3F, 0x3E3E3F3F, 0x2B3F3F3F, 0x3E3F3F2B,
    0x2B3F3F3F, 0x3F3F3F33, 0x3F3F3F3F, 0x3F3F3F3F, 0x3F3F3F3F, 0x3F3F3F3F, 0x3F3F3F3F, 0x3F3F3F3F,
    0x473E3E3E, 0x47474747, 0x3E3E3E3E, 0x47474747, 0x3E3E3E3E, 0x47473E3E, 0x2C3E3E3E, 0x3E3E3E2C,
    0x2C3E3E3E, 0x3E3E3E33, 0x3E3E3E3F, 0x3E3E3E3E, 0x3E3E3F3F, 0x3E3E3E3E, 0x3E3F3F3F, 0x3E3E3E3E,
    0x47474747, 0x47474747, 0x47474747, 0x47474747, 0x47474747, 0x3E3E4747, 0x2C3E3E3E, 0x3E3E3E2C,
    0x2C3E3E3E, 0x3E3E3E33, 0x3E3E3E3E, 0x3E3E3E3E, 0x3E3E3E3E, 0x3E3E3E3E, 0x3E3E3E3E, 0x3F3F3E3E,
    0x47474747, 0x3E3E3E47, 0x3E3E4747, 0x3E3E3E3E, 0x3E3E3E3E, 0x3E3E3E3E, 0x2C3E3E3E, 0x3E3E3E2C,
    0x2C3E3E3E, 0x3E3E3E33, 0x3E3E3E3E, 0x3E3E3E3E, 0x3F3F3E3E, 0x3F3F3F3F, 0x3F3F3F3F, 0x3F3F3F3F,
    0x3E3E3E3E, 0x3E3E3E3E, 0x3E3E3E3E, 0x3E3E3E3E, 0x3E3E3E3E, 0x3E3E3E3E, 0x2C3E3E3E, 0x3E3E3E2C,
    0x2C3E3E3E, 0x3E3E3E33, 0x3F3F3F3F, 0x3E3E3F3F, 0x3F3F3F3F, 0x3F3F3F3F, 0x3F3F3F3F, 0x3F3F3F3F,
    0x47473E3E, 0x47474747, 0x3E3E3E3E, 0x47474747, 0x3E3E3E3E, 0x473E3E3E, 0x2C3E3E3E, 0x3E3E3E2C,
    0x2C3E3E3E, 0x3E3E3E33, 0x3E3E3E3E, 0x3E3E3E3E, 0x3E3E3E3F, 0x3E3E3E3E, 0x3F3F3F3F, 0x3E3E3E3E,
    0x47474747, 0x47474747, 0x47474747, 0x47474747, 0x47474747, 0x47474747, 0x2C473E3E, 0x4747472C,
    0x2C3E3E3E, 0x3E3E3E33, 0x3E3E3E3E, 0x3E3E3E3E, 0x3E3E3E3E, 0x3E3E3E3E, 0x3E3E3E3E, 0x3E3E3E3E,
    0x47474747, 0x47474747, 0x47474747, 0x47474747, 0x47474747, 0x47474747, 0x2C474747, 0x4747472C,
    0x2C473E3E, 0x47474733, 0x3E3E3E3E, 0x47473E3E, 0x3E3E3E3E, 0x473E3E3E, 0x3E3E3E3E, 0x3E3E3E3E,
    0x47474747, 0x47474747, 0x47474747, 0x47474747, 0x47474747, 0x47474747, 0x2C474747, 0x4747472C,
    0x2C474747, 0x47474733, 0x47474747, 0x47474747, 0x47474747, 0x47474747, 0x47473E3E, 0x3E3E3E3E,
    0x47474747, 0x47474747, 0x47474747, 0x47474747, 0x47474747, 0x47474747, 0x2C474747, 0x4747472C,
    0x2C474747, 0x47474733, 0x47474747, 0x47474747, 0x47474747, 0x47474747, 0x3E3E3E3E, 0x3E3E3E3E,
    0x47474747, 0x47474747, 0x47474747, 0x47474747, 0x47474747, 0x47474747, 0x2C474747, 0x3E47472C,
    0x2C474747, 0x3E3E4733, 0x3E474747, 0x3E3E3E3E, 0x3E3E3E47, 0x3E3E3E3E, 0x3E3E3E3E, 0x3E3E3E3E,
    0x47474747, 0x3E3E3E3E, 0x3E3E4747, 0x3E3E3E3E, 0x3E3E3E47, 0x3E3E3E3E, 0x2C3E3E3E, 0x3E3E3E2C,
    0x2C3E3E3E, 0x3E3E3E33, 0x3E3E3E3E, 0x3E3E3E3E, 0x3E3E3E3E, 0x3E3E3E3E, 0x3E3E3E3E, 0x3F3F3E3E,
    0x3E3E3E3E, 0x3E3E3E3E, 0x3E3E3E3E, 0x3E3E3E3E, 0x3E3E3E3E, 0x3E3E3E3E, 0x2C3E3E3E, 0x3E3E3E2C,
    0x2C3E3E3E, 0x3E3E3E33, 0x3E3E3E3E, 0x3E3E3E3E, 0x3E3E3E3E, 0x3E3E3E3E, 0x3E3E3E3F, 0x3E3E3E3E,
    0x3E3E3E3E, 0x3E3E3E3E, 0x3E3E3E3E, 0x3E3E3E3E, 0x3E3E3E3E, 0x3E3E3E3E, 0x2C3E3E3E, 0x3E3E3E2C,
    0x2C3E3E3E, 0x3E3E3E33, 0x3E3E3E3E, 0x3E3E3E3E, 0x3E3E3E3E, 0x473E3E3E, 0x3E3E3E3E, 0x473E3E3E,
    0x47474747, 0x47474747, 0x47473E3E, 0x47474747, 0x47473E3E, 0x47474747, 0x2C47473E, 0x4747472C,
    0x2C474747, 0x47474733, 0x47474747, 0x47474747, 0x47474747, 0x47474747, 0x47474747, 0x47474747,
    0x47474747, 0x47474747, 0x47474747, 0x47474747, 0x47474747, 0x3E474747, 0x2C474747, 0x3E3E472C,
    0x2C474747, 0x3E3E4733, 0x47474747, 0x3E3E4747, 0x47474747, 0x3E3E4747, 0x47474747, 0x3E3E4747,
    0x47474747, 0x5B474747, 0x47474747, 0x5B474747, 0x3E3E3E3E, 0x5B3E3E3E, 0x2C3E3E3E, 0x5B3E3E2C,
    0x2C3E3E3E, 0x5B3E3E33, 0x3E3E3E3E, 0x5B3E3E3E, 0x3E3E3E3E, 0x5B3E3E3E, 0x3E3E3E3E, 0x5B3E3E3E,
    0x2F2F2F28, 0x2F2F2F2F, 0x2F2F2F28, 0x2F2F2F2F, 0x2F2F2F28, 0x2F2F2F31, 0x312F2F28, 0x2F2F2F31,
    0x312F2F28, 0x2F2F2F32, 0x31313128, 0x2F2F2F32, 0x32313128, 0x2F2F3132, 0x32313228, 0x2F2F3132,
    0x2F2F2F2F, 0x2F31322F, 0x2F312F2F, 0x2F31312F, 0x2F312F2F, 0x2F2F312F, 0x2F312F2F, 0x2F2F2F2F,
    0x2F312F2F, 0x2F2F2F2F, 0x2F312F2F, 0x2F2F2F2F, 0x2F31312F, 0x2F2F2F2F, 0x2F31312F, 0x2F2F2F2F,
    0x2F2F2F2F, 0x2F2F2F2F, 0x2F2F2F2F, 0x2F2F2F2F, 0x2F2F2F2F, 0x2F2F2F2F, 0x2F2F2F2F, 0x2F2F2F2F,
    0x2F2F2F2F, 0x2F2F2F2F, 0x2F2F2F2F, 0x2F2F2F2F, 0x2F2F2F2F, 0x2F2F2F2F, 0x2F2F2F2F, 0x2F2F2F2F,
    0x312F312F, 0x31312F2F, 0x2F2F312F, 0x312F2F2F, 0x2F2F2F2F, 0x312F2F2F, 0x2F2F2F2F, 0x2F2F2F2F,
    0x2F2F2F2F, 0x2F2F2F2F, 0x2F2F2F2F, 0x2F2F2F2F, 0x2F2F2F2F, 0x2F2F2F2F, 0x2F2F2F2F, 0x2F2F2F2F,
    0x2F2F2F32, 0x2A2F2F2F, 0x2F2F2F32, 0x2A2F2F2F, 0x2F2F3131, 0x2A2F2F2F, 0x2F313131, 0x2A2F2F2F,
    0x31323231, 0x2A2F2F2F, 0x31323231, 0x2A2D2F2F, 0x32323231, 0x2A2D2F2F, 0x32323231, 0x2A2F2F2F,
    0x2F2F2F38, 0x2F2F2F2F, 0x2F2F2F38, 0x2F2F2F2F, 0x2F2F2F38, 0x2F2F2F2F, 0x2F2F2F38, 0x2F2F2F2F,
    0x2F2F2F38, 0x2F2F2F2F, 0x2F2F2F38, 0x2F2F2F2F, 0x2F2F2F38, 0x2F2F2F2F, 0x2F2F2F38, 0x2F2F2F2F,
    0x2F2F2F2F, 0x2F2F2F2F, 0x2F2F2F2F, 0x2F2F2F2F, 0x2F2F2F2F, 0x2F2F2F2F, 0x2F2F2F2F, 0x2F2F2F2F,
    0x2F2F2F2F, 0x2F2F2F2F, 0x2F2F2F2F, 0x2F2F312F, 0x2F2F2F2F, 0x2F2F312F, 0x2F2F2F2F, 0x2F2F312F,
    0x2F2F2F2F, 0x312F2F2F, 0x2F2F2F2F, 0x2F2F2F2F, 0x2F312F2F, 0x2F2F2F2F, 0x2F312F2F, 0x2F2F2F2F,
    0x2F2F2F2F, 0x2F2F2F2F, 0x2F2F2F2F, 0x2F2F2F2F, 0x2F2F2F2F, 0x2F2F2F2F, 0x2F31312F, 0x2F2F2F2F,
    0x2F2F3131, 0x2F2F2F2D, 0x2F2F3131, 0x2F2F2F2D, 0x2F2F2F31, 0x2F2F2F2D, 0x2F2F2F31, 0x2F2F2F2F,
    0x2D2F2F2F, 0x2F2F2F2F, 0x2D2F2F2F, 0x2F2F2F2F, 0x2D2F2F2F, 0x2F2F2F2F, 0x2F2F2F2F, 0x2F2F2F2F,
    0x2F2F2F2F, 0x28322F2F, 0x2F2F2F2F, 0x28312F2F, 0x2F2F2F2F, 0x28312F2F, 0x2F2F2F2F, 0x28312F2F,
    0x2F2F2F2F, 0x28312F2F, 0x2F2F2F2F, 0x282F2F31, 0x312F2F2F, 0x282F2F31, 0x312F2F2F, 0x282F2F31,
    0x3F3F3F5B, 0x3F3F3F3F, 0x3F3F3F5B, 0x3F3F3F3F, 0x3F3F3F5B, 0x3F3F3F3F, 0x2B3F3F5B, 0x3F3F3F2B,
    0x2B3F3F5B, 0x3F3F3F33, 0x3F3F3F5B, 0x3F3F3F3F, 0x3F3F3F5B, 0x3F3F3F3F, 0x3F3F3F5B, 0x3F3F3F3F,
    0x3F3F3F3F, 0x3F3F3F3F, 0x3F3F3F3F, 0x3F3F3F3F, 0x3F3F3F3F, 0x3F3F3F3F, 0x2B3F3F3F, 0x3F3F3F2B,
    0x2B3F3F3F, 0x3F3F3F33, 0x3F3F3F3F, 0x3F3F3F3F, 0x3F3F3F3F, 0x3F3F3F3F, 0x3F3F3F3F, 0x3F3F3F3F,
    0x3F3F3F3F, 0x3F3F3F3F, 0x3F3F3F3F, 0x3F3F3F3F, 0x3F3F3F3F, 0x3F3F3F3F, 0x2B3F3F3F, 0x3F3F3F2B,
    0x2B3F3F3F, 0x3F3F3F32, 0x3F3F3F3F, 0x3F3F3F3F, 0x3F3F3F3F, 0x3F3F3F3F, 0x3F3F3F3F, 0x3F3F3F3F,
    0x3F3F3F3F, 0x3F3F3F3F, 0x3F3F3F3F, 0x3F3F3F3F, 0x3F3F3F3F, 0x3F3F3F3F, 0x2B3F3F3F, 0x3F3F3F2B,
    0x2B3F3F3F, 0x3F3F3F32, 0x3F3F3F3F, 0x3F3F3F3F, 0x3F3F3F3F, 0x3F3F3F3F, 0x3F3F3F3F, 0x3F3F3F3F,
    0x3F3F3F3F, 0x3E3E3E3F, 0x3F3F3F3F, 0x3E3E3F3F, 0x3F3F3F3F, 0x3F3F3F3F, 0x2B3F3F3F, 0x3F3F3F2B,
    0x2B3F3F3F, 0x3F3F3F33, 0x3F3F3F3F, 0x3F3F3F3F, 0x3F3F3F3F, 0x3F3F3F3F, 0x3F3F3F3F, 0x3F3F3F3F,
    0x3E3E3E3E, 0x3F3F3F3F, 0x3F3F3E3E, 0x3F3F3F3F, 0x3F3F3F3F, 0x3F3F3F3F, 0x2B3F3F3F, 0x3F3F3F2B,
    0x2B3F3F3F, 0x3F3F3F33, 0x3F3F3F3F, 0x3F3F3F3F, 0x3F3F3F3F, 0x3F3F3F3F, 0x3F3F3F3F, 0x3F3F3F3F,
    0x3F3F3F3F, 0x3F3F3F3F, 0x3F3F3F3F, 0x3F3F3F3F, 0x3F3F3F3F, 0x3F3F3F3F, 0x2B3F3F3F, 0x3F3F3F2B,
    0x2B3F3F3F, 0x3F3F3F32, 0x3F3F3F3F, 0x3F3F3F3F, 0x3F3F3F3F, 0x3F3F3F3F, 0x3F3F3F3F, 0x3F3F3F3F,
    0x3F3F3F3F, 0x3F3F3F3F, 0x3F3F3F3F, 0x3F3F3F3F, 0x3F3F3F3F, 0x3F3F3F3F, 0x2B3F3F3F, 0x3F3F3F2B,
    0x2B3F3F3F, 0x3F3F3F32, 0x3F3F3F3F, 0x3F3F3F3F, 0x3F3F3F3F, 0x3F3F3F3F, 0x3F3F3F3F, 0x3F3F3F3F,
    0x3F3F3F3F, 0x3F3F3F3F, 0x3F3F3F3F, 0x3F3F3F3F, 0x3F3F3F3F, 0x3F3F3F3F, 0x2B3F3F3F, 0x3F3F3F2B,
    0x2B3F3F3F, 0x3F3F3F33, 0x3F3F3F3F, 0x3F3F3F3F, 0x3F3F3F3F, 0x3F3F3F3F, 0x3F3F3F3F, 0x3F3F3F3F,
    0x3E3E3E3F, 0x3E3E3E3E, 0x3F3F3F3F, 0x3F3F3F3F, 0x3F3F3F3F, 0x3F3F3F3F, 0x2B3F3F3F, 0x3F3F3F2B,
    0x2B3F3F3F, 0x3F3F3F33, 0x3F3F3F3F, 0x3F3F3F3F, 0x3F3F3F3F, 0x3F3F3F3F, 0x3F3F3F3F, 0x3F3F3F3F,
    0x3E3E3E3E, 0x3E3E3E3E, 0x3E3E3E3F, 0x3E3E3E3E, 0x3E3E3F3F, 0x3E3E3E3E, 0x2C3F3F3F, 0x3E3E3E2C,
    0x2C3F3F3F, 0x3E3E3E33, 0x3F3F3F3F, 0x3E3E3F3F, 0x3F3F3F3F, 0x3F3F3F3F, 0x3F3F3F3F, 0x3F3F3F3F,
    0x3E3E3E3E, 0x3E3E3E3E, 0x3E3E3E3E, 0x3E3E3E3E, 0x3E3E3E3E, 0x3E3E3E3E, 0x2C3E3E3E, 0x3E3E3E2C,
    0x2C3E3E3E, 0x3E3E3E33, 0x3E3E3E3E, 0x3E3E3E3E, 0x3E3E3E3E, 0x3E3E3E3E, 0x3E3F3F3F, 0x3E3E3E3E,
    0x3E3E3E3E, 0x3E3E3E3E, 0x3E3E3E3E, 0x3E3E3E3E, 0x3E3E3E3E, 0x3E3E3E3E, 0x2C3E3E3E, 0x3E3E3E2C,
    0x2C3E3E3E, 0x3E3E3E33, 0x3E3E3E3E, 0x3E3E3E3E, 0x3E3E3E3E, 0x3E3E3E3E, 0x3E3E3E3E, 0x3E3E3E3E,
    0x3E3E3E3E, 0x3E3E3E3E, 0x3E3E3E3E, 0x3E3E3E3E, 0x3E3E3E3E, 0x3E3E3E3E, 0x2C3E3E3E, 0x3E3E3E2C,
    0x2C3E3E3E, 0x3F3F3E33, 0x3E3E3E3E, 0x3F3F3F3F, 0x3F3F3E3E, 0x3F3F3F3F, 0x3F3F3F3E, 0x3F3F3F3F,
    0x3E3E3E3E, 0x3F3F3F3F, 0x3F3F3E3E, 0x3F3F3F3F, 0x3F3F3F3E, 0x3F3F3F3F, 0x2B3F3F3F, 0x3F3F3F2B,
    0x2B3F3F3F, 0x3F3F3F33, 0x3F3F3F3F, 0x3F3F3F3F, 0x3F3F3F3F, 0x3F3F3F3F, 0x3F3F3F3F, 0x3F3F3F3F,
    0x3F3F3F3F, 0x3E3E3E3E, 0x3F3F3F3F, 0x3E3E3E3F, 0x3F3F3F3F, 0x3E3E3F3F, 0x2B3F3F3F, 0x3F3F3F2B,
    0x2B3F3F3F, 0x3F3F3F33, 0x3F3F3F3F, 0x3F3F3F3F, 0x3F3F3F3F, 0x3F3F3F3F, 0x3F3F3F3F, 0x3F3F3F3F,
    0x3E3E3E3E, 0x473E3E3E, 0x3E3E3E3E, 0x473E3E3E, 0x3E3E3E3E, 0x3E3E3E3E, 0x2C3E3E3E, 0x3E3E3E2C,
    0x2C3E3E3F, 0x3E3E3E33, 0x3E3F3F3F, 0x3E3E3E3E, 0x3F3F3F3F, 0x3E3E3E3F, 0x3F3F3F3F, 0x3E3F3F3F,
    0x47474747, 0x47474747, 0x47474747, 0x47474747, 0x47474747, 0x47474747, 0x2C47473E, 0x4747472C,
    0x2C3E3E3E, 0x3E3E3E33, 0x3E3E3E3E, 0x3E3E3E3E, 0x3E3E3E3E, 0x3E3E3E3E, 0x3E3E3E3E, 0x3E3E3E3E,
    0x47474747, 0x3E3E4747, 0x47474747, 0x3E3E4747, 0x47474747, 0x3E3E3E47, 0x2C474747, 0x3E3E3E2C,
    0x2C3E3E3E, 0x3E3E3E33, 0x3E3E3E3E, 0x3E3E3E3E, 0x3E3E3E3E, 0x3E3E3E3E, 0x3E3E3E3E, 0x3F3F3E3E,
    0x3E3E3E3E, 0x5B3F3F3E, 0x3E3E3E3E, 0x5B3F3F3F, 0x3F3E3E3E, 0x5B3F3F3F, 0x2C3E3E3E, 0x5B3F3F2C,
    0x2C3F3E3E, 0x5B3F3F33, 0x3F3F3E3E, 0x5B3F3F3F, 0x3F3F3F3E, 0x5B3F3F3F, 0x3F3F3F3F, 0x5B3F3F3F,
    0x32323228, 0x2F2F3131, 0x32323228, 0x2F2F3131, 0x31313128, 0x2F2F312F, 0x312F2F28, 0x2F2F312F,
    0x2F2F2F28, 0x2F2F312F, 0x2F2F2F28, 0x2F31312F, 0x2F2F2F28, 0x2F31312F, 0x2F2F2F28, 0x2F31312F,
    0x2F31312F, 0x2F2F2F2F, 0x2F31312F, 0x2F2F2F2F, 0x2F31312F, 0x2F2F2F2F, 0x2F312F2F, 0x2F2F2F2F,
    0x2F312F2F, 0x2F2F2F2F, 0x2F312F2F, 0x2F2F2F2F, 0x2F312F2F, 0x2F2D2F2F, 0x2F312F2F, 0x2F2F2F2F,
    0x2F2F2F2F, 0x2D2F2F2F, 0x2F2F2F2F, 0x2D2F2F2F, 0x2F2F2F2F, 0x2D2F2F2F, 0x2F2F2F2F, 0x2D2F2F2F,
    0x2F2F2F2F, 0x2F2F2F2F, 0x2F2F2F2F, 0x2F2F2F2F, 0x312F2F2F, 0x2F2F2F2F, 0x31312F2F, 0x2F2F2F2F,
    0x2F2F2F2F, 0x2F2F2F2F, 0x2F2F2F2F, 0x2F2F2F2F, 0x2F2F2F2F, 0x2F2F2F2F, 0x2F2F2F2F, 0x2F2F2F2F,
    0x2F2F312F, 0x2F2F2F2F, 0x2F31312F, 0x2F2F2F2F, 0x2F323231, 0x2F2F2F2F, 0x2F323231, 0x2D2F2F2F,
    0x32323131, 0x2A2F2F2F, 0x31313131, 0x2A2F2F2F, 0x31312F31, 0x2A2F2F2F, 0x312F2F2F, 0x2A2F2F2F,
    0x2F2F2F2F, 0x2A2F3131, 0x2F2F2F2F, 0x2A313231, 0x2F2F2F2F, 0x2A313231, 0x2F2F2F2F, 0x2A313232,
    0x2F2F2F38, 0x2F2F2F2F, 0x2F2F2F38, 0x2F2F2F2F, 0x2F2F2F38, 0x2F2F2F2F, 0x2F2F2F38, 0x2F2F2F2F,
    0x2F2F2F38, 0x2F2F2F2F, 0x2D2F2F38, 0x2F2F2F2F, 0x2D2F2F38, 0x312F2F2F, 0x2D2F2F38, 0x3131312F,
    0x2F2F2F2F, 0x2F2F312F, 0x2F312F2F, 0x2F2F2F2F, 0x2F312F2F, 0x2F2F2F2F, 0x31312F2F, 0x2F2F2F2F,
    0x2F2F2F2F, 0x2F2F2F2F, 0x2F2F2F2F, 0x2F2F2F31, 0x2F2F2F31, 0x2F2F2F31, 0x2F2F2F31, 0x2F2F2F31,
    0x2F31312F, 0x2F2F2F2F, 0x31312F2F, 0x2F2F2F2F, 0x31312F2F, 0x2F2F2F2F, 0x31312F2F, 0x2F2F2F2F,
    0x31312F2F, 0x2F2F2F2F, 0x31312F2F, 0x2F2F2F2F, 0x312F2F2F, 0x2F2F2F2F, 0x2F2F2F2F, 0x2F2F2F2F,
    0x2F2F2F2F, 0x2F2F2F2F, 0x2F2F2F2F, 0x2F2F2F2F, 0x2F2F2F2F, 0x2F2F2F2F, 0x2F2F2F2F, 0x2F2F2F2F,
    0x2F2F2F2F, 0x2F2F2F2F, 0x2F2F2F2F, 0x2F2F2F2D, 0x2F2F2F2F, 0x2F2F2D2D, 0x2F2F2F2F, 0x2F2F2D2D,
    0x312F2F2F, 0x282F2F31, 0x312F2F2F, 0x282F2F31, 0x312F2F2F, 0x282F2F31, 0x2F2F2F2F, 0x282F2F2F,
    0x2F2F2F2F, 0x282F2F2F, 0x2F2F2F2F, 0x282F2F2F, 0x2F2F2F2F, 0x282F2F2F, 0x2F2F2F2F, 0x282F2D2F,
    0x3F3F3F5B, 0x3F3F3F3F, 0x3F3F3F5B, 0x3F3F3F3F, 0x3F3F3F5B, 0x3F3F3F3F, 0x2B3F3F5B, 0x3F3F3F2B,
    0x2B3F3F5B, 0x3F3F3F32, 0x3F3F3F5B, 0x3F3F3F3F, 0x46462424, 0x24244646, 0x46464624, 0x24242446,
    0x3F3F3F3F, 0x3F3F3F3F, 0x3F3F3F3F, 0x3F3F3F3F, 0x3F3F3F3F, 0x3F3F3F3F, 0x2B3F3F3F, 0x3F3F3F2B,
    0x2B3F3F3F, 0x3F3F3F32, 0x3F3F3F3F, 0x3F3F3F3F, 0x46462424, 0x24244646, 0x46464624, 0x24242446,
    0x3F3F3F3F, 0x3F3F3F3F, 0x3F3F3F3F, 0x3F3F3F3F, 0x3F3F3F3F, 0x3F3F3F3F, 0x2B3F3F3F, 0x3F3F3F2B,
    0x2B3F3F3F, 0x3F3F3F32, 0x3F3F3F3F, 0x3F3F3F3F, 0x46462424, 0x24244646, 0x46464624, 0x24242446,
    0x3F3F3F3F, 0x3F3F3F3F, 0x3F3F3F3F, 0x3F3F3F3F, 0x3F3F3F3F, 0x3F3F3F3F, 0x2B3F3F3F, 0x3F3F3F2B,
    0x2B3F3F3F, 0x3F3F3F32, 0x3F3F3F3F, 0x3F3F3F3F, 0x46462424, 0x24244646, 0x46464624, 0x24242446,
    0x3F3F3F3F, 0x3F3F3F3F, 0x3F3F3F3F, 0x3F3F3F3F, 0x3F3F3F3F, 0x3F3F3F3F, 0x2B3F3F3F, 0x3F3F3F2B,
    0x2B3F3F3F, 0x3F3F3F33, 0x3F3F3F3F, 0x3F3F3F3F, 0x46462424, 0x24244646, 0x46464624, 0x24242446,
    0x3F3F3F3F, 0x3F3F3F3F, 0x3F3F3F3F, 0x3F3F3F3F, 0x3F3F3F3F, 0x3F3F3F3F, 0x2B3F3F3F, 0x3F3F3F2B,
    0x2B3F3F3F, 0x3F3F3F33, 0x3F3F3F3F, 0x3F3F3F3F, 0x46462424, 0x24244646, 0x46464624, 0x24242446,
    0x3F3F3F3F, 0x3F3F3F3F, 0x3F3F3F3F, 0x3F3F3F3F, 0x3F3F3F3F, 0x3F3F3F3F, 0x2B3F3F3F, 0x3F3F3F2B,
    0x2B3F3F3F, 0x3F3F3F32, 0x3F3F3F3F, 0x3F3F3F3F, 0x46462424, 0x24244646, 0x46464624, 0x24242446,
    0x3F3F3F3F, 0x3F3F3F3F, 0x3F3F3F3F, 0x3F3F3F3F, 0x3F3F3F3F, 0x3F3F3F3F, 0x2B3F3F3F, 0x3F3F3F2B,
    0x2B3F3F3F, 0x3F3F3F32, 0x3D3D3D3F, 0x3F3F3D3D, 0x46462424, 0x24244646, 0x46464624, 0x24242446,
    0x3F3F3F3F, 0x3F3F3F3F, 0x3F3F3F3F, 0x3F3F3F3F, 0x3F3F3F3F, 0x3F3F3F3F, 0x2B3F3F3F, 0x3F3F3F2B,
    0x2B3F3F3F, 0x3F3F3F32, 0x3F3F3F3F, 0x3F3F3F3F, 0x46462424, 0x24244646, 0x46464624, 0x24242446,
    0x3F3F3F3F, 0x3F3F3F3F, 0x3F3F3F3F, 0x3F3F3F3F, 0x3F3F3F3F, 0x3F3F3F3F, 0x2B3F3F3F, 0x3F3F3F2B,
    0x2B3F3F3F, 0x3F3F3F32, 0x3F3F3F3F, 0x3F3F3F3F, 0x46462424, 0x24244646, 0x46464624, 0x24242446,
    0x3F3F3F3F, 0x3F3F3F3F, 0x3F3F3F3F, 0x3F3F3F3F, 0x3F3F3F3F, 0x3F3F3F3F, 0x2B3F3F3F, 0x3F3F3F2B,
    0x2B3F3F3F, 0x3F3F3F32, 0x3F3F3F3F, 0x3F3F3F3F, 0x46462424, 0x24244646, 0x46464624, 0x24242446,
    0x3F3F3F3F, 0x3E3E3E3F, 0x3F3F3F3F, 0x3E3E3F3F, 0x3F3F3F3F, 0x3E3E3F3F, 0x2B3F3F3F, 0x3E3F3F2B,
    0x2B3F3F3F, 0x3E3F3F33, 0x3F3F3F3F, 0x3F3F3F3F, 0x46462424, 0x24244646, 0x46464624, 0x24242446,
    0x3E3E3E3E, 0x3E3E3E3E, 0x3E3E3E3E, 0x3F3E3E3E, 0x3E3E3E3E, 0x3F3E3E3E, 0x2C3E3E3E, 0x3F3F3E2C,
    0x2C3E3E3E, 0x3F3F3E33, 0x3E3E3E3E, 0x3F3F3F3E, 0x46462424, 0x24244646, 0x46464624, 0x24242446,
    0x3F3F3F3F, 0x3F3F3F3F, 0x3F3F3F3F, 0x3F3F3F3F, 0x3F3F3F3F, 0x3F3F3F3F, 0x2B3F3F3F, 0x3F3F3F2B,
    0x2B3F3F3F, 0x3F3F3F32, 0x3F3F3F3F, 0x3F3F3F3F, 0x46462424, 0x24244646, 0x46464624, 0x24242446,
    0x3F3F3F3F, 0x3F3F3F3F, 0x3F3F3F3F, 0x3F3F3F3F, 0x3F3F3F3F, 0x3F3F3F3F, 0x2B3F3F3F, 0x3F3F3F2B,
    0x2B3F3F3F, 0x3F3F3F32, 0x3F3F3F3F, 0x3F3F3F3F, 0x46462424, 0x24244646, 0x46464624, 0x24242446,
    0x3F3F3F3F, 0x3F3F3F3F, 0x3F3F3F3F, 0x3F3F3F3F, 0x3F3F3F3F, 0x3F3F3F3F, 0x2B3F3F3F, 0x3F3F3F2B,
    0x2B3F3F3F, 0x3F3F3F32, 0x3D3D3D3D, 0x3F3F3F3F, 0x46462424, 0x24244646, 0x46464624, 0x24242446,
    0x3F3F3F3F, 0x3F3F3F3F, 0x3F3F3F3F, 0x3F3F3F3F, 0x3F3F3F3F, 0x3F3F3F3F, 0x2B3F3F3F, 0x3F3F3F2B,
    0x2B3F3F3F, 0x3F3F3F32, 0x3F3F3F3F, 0x3F3F3F3F, 0x46462424, 0x24244646, 0x46464624, 0x24242446,
    0x3F3F3F3F, 0x3F3F3F3F, 0x3F3F3F3F, 0x3F3F3F3F, 0x3F3F3F3F, 0x3F3F3F3F, 0x2B3F3F3F, 0x3F3F3F2B,
    0x2B3F3F3F, 0x3F3F3F32, 0x3F3F3F3F, 0x3F3F3F3F, 0x46462424, 0x24244646, 0x46464624, 0x24242446,
    0x3F3F3F3F, 0x3F3F3F3F, 0x3F3F3F3F, 0x3F3F3F3F, 0x3F3F3F3F, 0x3F3F3F3F, 0x2B3F3F3F, 0x3F3F3F2B,
    0x2B3F3F3F, 0x3F3F3F32, 0x3F3F3F3F, 0x3F3F3F3F, 0x46462424, 0x24244646, 0x46464624, 0x24242446,
    0x3F3F3F3F, 0x5B3F3F3F, 0x3F3F3F3F, 0x5B3F3F3F, 0x3F3F3F3F, 0x5B3F3F3F, 0x2C3F3F3F, 0x5B3F3F2C,
    0x2B3F3F3F, 0x5B3F3F33, 0x3F3F3F3F, 0x5B3F3F3F, 0x46462424, 0x24244646, 0x46464624, 0x24242446,
    0x2F2F2F28, 0x2F31312F, 0x2F2F2F28, 0x2F2F312F, 0x2F2F2F28, 0x2F2F2F2F, 0x2F2F2F28, 0x2F312F2F,
    0x2F2F2F28, 0x2F312F2F, 0x2F2F2F28, 0x2F312F2F, 0x2F2F2F28, 0x31312F2F, 0x2F2F2F28, 0x31312F2F,
    0x2F312F2F, 0x2F2F2F2F, 0x2F31312F, 0x2F2F2F2F, 0x2F313131, 0x2F2F2F2F, 0x2F313131, 0x2F2F2F2F,
    0x2F2F3131, 0x2F2F2F2F, 0x2F2F2F31, 0x2F2F2F2F, 0x2F2F2F31, 0x2F2F2F2F, 0x2F2F2F31, 0x2F2F2F2F,
    0x31312F2F, 0x2F2F2F2F, 0x32312F2F, 0x2F2F2F2F, 0x31312F2F, 0x2F2F2F2F, 0x31312F2F, 0x2F2F2F2F,
    0x31312F2F, 0x2F2F2F2F, 0x31312F2F, 0x2F2F2F2F, 0x31312F2F, 0x2D2F2F2F, 0x31312F2F, 0x2D2F2F2F,
    0x2F313231, 0x2D2F2F2F, 0x2F2F3231, 0x2F2F2F2F, 0x2F2F312F, 0x2F2F2F2F, 0x2F2F312F, 0x2F2F2F2F,
    0x2F2F2F2F, 0x2F2F2F31, 0x312F2F2F, 0x2F2F3131, 0x312F2F2F, 0x2F313232, 0x322F2F2F, 0x31323232,
    0x2F2F2F2F, 0x2A313232, 0x2F2F2F2F, 0x2A2F3232, 0x2F2F2F2F, 0x2A2F3232, 0x2F2F2F2F, 0x2A2F3231,
    0x2F2F2F2F, 0x2A2F3131, 0x312F2F2F, 0x2A2F3131, 0x312F2F2F, 0x2A31312F, 0x312F2F2F, 0x2A31312F,
    0x2D2F2F38, 0x3131312F, 0x2D2F2F38, 0x3131312F, 0x2D2F2F38, 0x3131312F, 0x2D2F2F38, 0x3131312F,
    0x3C2F2F38, 0x31313132, 0x322F2F38, 0x312F2F29, 0x2F2F2F38, 0x2F2F2F2F, 0x2A2A2A2A, 0x2A2A2A2A,
    0x2F2F2F2F, 0x2F2F2F31, 0x312F2F2F, 0x2F2F2F32, 0x312F2F2F, 0x2F2F2F32, 0x312F2F2F, 0x2F2F2F32,
    0x312F2F31, 0x2F2F2F32, 0x312F2F2F, 0x2F2F2F32, 0x312F2F2F, 0x2F2F2F31, 0x2A2A2A2A, 0x2A2A2A2A,
    0x2F2F2F2F, 0x2F2F2F2F, 0x2F2F2F2F, 0x2F2F312F, 0x2F2F2F2F, 0x2F2F312F, 0x2F2F2F2D, 0x2F2F312F,
    0x2F2F2F2F, 0x2F2F312F, 0x2F2F2F2F, 0x2F2F2F2F, 0x2F2F2F2F, 0x2F2F2F2F, 0x2A2A2A2A, 0x2A2A2A2A,
    0x2F2F2F2F, 0x2F2F2F2D, 0x2F2F2F2F, 0x2F2F2F2F, 0x2F2F2F2F, 0x2F2F2F2F, 0x2F2F2F2F, 0x2F2F2F2F,
    0x2F2F2F2F, 0x2F2F2F2F, 0x2F2F2F2F, 0x2F2F2F2F, 0x2F2F2F2F, 0x2F2F2F2F, 0x2A2A2A2A, 0x2A2A2A2A,
    0x2F2F312F, 0x282F2D2F, 0x2F2F312F, 0x282F2F2F, 0x2F2F3131, 0x282F2F2F, 0x2F313131, 0x282F2F2F,
    0x3C313231, 0x282F2F32, 0x32313231, 0x282F2F29, 0x2F323131, 0x282F2F2F, 0x2A2A2A2A, 0x282A2A2A,
    0x56562E2E, 0x56565656, 0x27275151, 0x27272727, 0x26264545, 0x26262626, 0x25254343, 0x25252525,
    0x23232323, 0x23232323, 0x22222222, 0x22222222, 0x21212121, 0x21212121, 0x20202020, 0x20202020,
    0x2E2E2E2E, 0x2E2E2E2E, 0x27272727, 0x51512727, 0x26262626, 0x45452626, 0x25252525, 0x43432525,
    0x40404040, 0x23234040, 0x37373737, 0x22223737, 0x21212121, 0x21212121, 0x20202020, 0x20202020,
    0x2E2E2E2E, 0x56565656, 0x51515151, 0x27272727, 0x45454545, 0x26262626, 0x43434343, 0x25252525,
    0x23232323, 0x23232323, 0x22222222, 0x22222222, 0x21212121, 0x21212121, 0x20202020, 0x20202020,
    0x2E2E5656, 0x2E2E2E2E, 0x27272727, 0x27272727, 0x26262626, 0x26262626, 0x25252525, 0x25252525,
    0x40402323, 0x40404040, 0x37372222, 0x37373737, 0x21212121, 0x21212121, 0x20202020, 0x20202020,
    0x2E2E2E2E, 0x56562E2E, 0x51515151, 0x27275151, 0x45454545, 0x26264545, 0x43434343, 0x25254343,
    0x23232323, 0x23232323, 0x22222222, 0x22222222, 0x21212121, 0x21212121, 0x20202020, 0x20202020,
    0x56565656, 0x2E2E2E2E, 0x27272727, 0x27272727, 0x26262626, 0x26262626, 0x25252525, 0x25252525,
    0x23232323, 0x40404040, 0x22222222, 0x37373737, 0x21212121, 0x21212121, 0x20202020, 0x20202020,
    0x2E2E2E2E, 0x2E2E2E2E, 0x51512727, 0x51515151, 0x45452626, 0x45454545, 0x43432525, 0x43434343,
    0x23234040, 0x23232323, 0x22223737, 0x22222222, 0x21212121, 0x21212121, 0x20202020, 0x20202020,
    0x56565656, 0x2E2E5656, 0x27272727, 0x27272727, 0x26262626, 0x26262626, 0x25252525, 0x25252525,
    0x23232323, 0x40402323, 0x22222222, 0x37372222, 0x21212121, 0x21212121, 0x20202020, 0x20202020,
    0x2E2E2E2E, 0x2E2E2E2E, 0x27272727, 0x51515151, 0x26262626, 0x45454545, 0x25252525, 0x43434343,
    0x40404040, 0x23232323, 0x37373737, 0x22222222, 0x21212121, 0x21212121, 0x20202020, 0x20202020,
    0x56562E2E, 0x56565656, 0x27275151, 0x27272727, 0x26264545, 0x26262626, 0x25254343, 0x25252525,
    0x23232323, 0x23232323, 0x22222222, 0x22222222, 0x21212121, 0x21212121, 0x20202020, 0x20202020,
    0x2E2E2E2E, 0x2E2E2E2E, 0x27272727, 0x51512727, 0x26262626, 0x45452626, 0x25252525, 0x43432525,
    0x40404040, 0x23234040, 0x37373737, 0x22223737, 0x21212121, 0x21212121, 0x20202020, 0x20202020,
    0x2E2E2E2E, 0x56565656, 0x51515151, 0x27272727, 0x45454545, 0x26262626, 0x43434343, 0x25252525,
    0x23232323, 0x23232323, 0x22222222, 0x22222222, 0x21212121, 0x21212121, 0x20202020, 0x20202020,
    0x2E2E5656, 0x2E2E2E2E, 0x27272727, 0x27272727, 0x26262626, 0x26262626, 0x25252525, 0x25252525,
    0x40402323, 0x40404040, 0x37372222, 0x37373737, 0x21212121, 0x21212121, 0x20202020, 0x20202020,
    0x2E2E2E2E, 0x56562E2E, 0x51515151, 0x27275151, 0x45454545, 0x26264545, 0x43434343, 0x25254343,
    0x23232323, 0x23232323, 0x22222222, 0x22222222, 0x21212121, 0x21212121, 0x20202020, 0x20202020,
    0x56565656, 0x2E2E2E2E, 0x27272727, 0x27272727, 0x26262626, 0x26262626, 0x25252525, 0x25252525,
    0x23232323, 0x40404040, 0x22222222, 0x37373737, 0x21212121, 0x21212121, 0x20202020, 0x20202020,
    0x2E2E2E2E, 0x2E2E2E2E, 0x51512727, 0x51515151, 0x45452626, 0x45454545, 0x43432525, 0x43434343,
    0x23234040, 0x23232323, 0x22223737, 0x22222222, 0x21212121, 0x21212121, 0x20202020, 0x20202020,
    0x56565656, 0x2E2E5656, 0x27272727, 0x27272727, 0x26262626, 0x26262626, 0x25252525, 0x25252525,
    0x23232323, 0x40402323, 0x22222222, 0x37372222, 0x21212121, 0x21212121, 0x20202020, 0x20202020,
    0x2E2E2E2E, 0x2E2E2E2E, 0x27272727, 0x51515151, 0x26262626, 0x45454545, 0x25252525, 0x43434343,
    0x40404040, 0x23232323, 0x37373737, 0x22222222, 0x21212121, 0x21212121, 0x20202020, 0x20202020,
    0x56562E2E, 0x56565656, 0x27275151, 0x27272727, 0x26264545, 0x26262626, 0x25254343, 0x25252525,
    0x23232323, 0x23232323, 0x22222222, 0x22222222, 0x21212121, 0x21212121, 0x20202020, 0x20202020,
    0x2E2E2E2E, 0x2E2E2E2E, 0x27272727, 0x51512727, 0x26262626, 0x45452626, 0x25252525, 0x43432525,
    0x40404040, 0x23234040, 0x37373737, 0x22223737, 0x21212121, 0x21212121, 0x20202020, 0x20202020,
    0x2F2F2F28, 0x31312F2F, 0x2F2F2F28, 0x32312F2F, 0x2F2F2F28, 0x32312F2F, 0x2F2F2F28, 0x32312F2F,
    0x3C2F2F28, 0x32312F32, 0x322F2F28, 0x32312F29, 0x2F2F2F28, 0x32312F2F, 0x2A2A2A28, 0x2A2A2A2A,
    0x2F2F2F31, 0x2F2F2F2F, 0x2F2F3131, 0x2F2F2F2F, 0x2F2F3132, 0x2F2F2F2F, 0x2F2F3132, 0x2F2F2F2F,
    0x2F2F3132, 0x2F2F2F2F, 0x2F2F3132, 0x2F2F2F2F, 0x2F313232, 0x2F2F2F2F, 0x2A2A2A2A, 0x2A2A2A2A,
    0x31312F2F, 0x2F2F2F2F, 0x312F2F2F, 0x2F2D2F2F, 0x312F2F2F, 0x2F2D2F31, 0x312F2F2F, 0x2F2D2F31,
    0x322F2F2F, 0x2F2D2F31, 0x32312F2F, 0x2F2F2F31, 0x32312F2F, 0x2F2F2F2F, 0x2A2A2A2A, 0x2A2A2A2A,
    0x312F2F2D, 0x31323232, 0x312F2D2F, 0x31313232, 0x2F2F2F2F, 0x31313131, 0x2F2F2F2F, 0x31312F2F,
    0x2F2F2F2F, 0x31312F2F, 0x2F2F2F2F, 0x312F2F2F, 0x2F2F2F2F, 0x312F2F2F, 0x2A2A2A2A, 0x2A2A2A2A,
    0x312F2F2F, 0x2A31312F, 0x2F2F2F2F, 0x2A31312F, 0x2F2F2F2F, 0x2A31312F, 0x2F2F2F2F, 0x2A313131,
    0x3C2F2F2F, 0x2A313132, 0x322F2F2F, 0x2A313129, 0x2F2F2F31, 0x2A313131, 0x2A2A2A2A, 0x2A2A2A2A,
};
const uint16_t *const board_pal[NUM_BOARDS] = { board0_pal, board1_pal, board2_pal };
const uint32_t *const board_tiles[NUM_BOARDS] = { board0_tiles, board1_tiles, board2_tiles };
const uint32_t obj_tiles[1296] = {
    0x00111100, 0x01333410, 0x12533531, 0x12523531, 0x12222331, 0x17222271, 0x01222210, 0x00111100,
    0x00111100, 0x01333410, 0x12233431, 0x12523531, 0x12222331, 0x17222271, 0x01222210, 0x00111100,
    0x00000000, 0x00000000, 0x11100000, 0x33310000, 0x34431000, 0x34543100, 0x34533100, 0x33333100,
    0x00000000, 0x00000000, 0x00000111, 0x00001333, 0x00012333, 0x00122253, 0x00122253, 0x00122222,
    0x23333100, 0x22373100, 0x22233100, 0x22221000, 0x22210000, 0x11100000, 0x00000000, 0x00000000,
    0x00122222, 0x00127222, 0x00122222, 0x00012222, 0x00001222, 0x00000111, 0x00000000, 0x00000000,
    0x00000000, 0x00000000, 0x11100000, 0x33310000, 0x34431000, 0x34443100, 0x34533100, 0x33333100,
    0x00000000, 0x00000000, 0x00000111, 0x00001333, 0x00012333, 0x00122233, 0x00122253, 0x00122222,
    0x23333100, 0x22373100, 0x22233100, 0x22221000, 0x22210000, 0x11100000, 0x00000000, 0x00000000,
    0x00122222, 0x00127222, 0x00122222, 0x00012222, 0x00001222, 0x00000111, 0x00000000, 0x00000000,
    0x10000000, 0x31110000, 0x33331000, 0x34443100, 0x34444310, 0x44444310, 0x34444310, 0x33433331,
    0x00000001, 0x00001113, 0x00012233, 0x00122333, 0x01222333, 0x01222333, 0x01222333, 0x12222333,
    0x33333331, 0x33333310, 0x33333210, 0x22222210, 0x22222100, 0x22221000, 0x21110000, 0x10000000,
    0x12222233, 0x01222223, 0x01222222, 0x01122222, 0x00112222, 0x00011222, 0x00001112, 0x00000001,
    0x00000000, 0x00000000, 0x00000000, 0x00066000, 0x00566000, 0x00550000, 0x00000000, 0x00000000,
    0x20000000, 0x22220000, 0x02222000, 0x00022200, 0x00002220, 0x00000220, 0x00000220, 0x00000022,
    0x00000002, 0x00002222, 0x00022220, 0x00112000, 0x01110000, 0x01100000, 0x01100000, 0x11000000,
    0x00000022, 0x00000220, 0x00000220, 0x00001110, 0x00011100, 0x01111000, 0x11110000, 0x10000000,
    0x11000000, 0x01100000, 0x01100000, 0x01110000, 0x00111000, 0x00011110, 0x00001111, 0x00000001,
    0x00000000, 0x00000000, 0x00000000, 0x00220022, 0x00220022, 0x00000000, 0x00000000, 0x00000000,
    0x11111111, 0x22222222, 0x33333333, 0x44444444, 0x44444444, 0x33333333, 0x22222222, 0x11111111,
    0x00000000, 0x00000000, 0x00000000, 0x06665550, 0x00555500, 0x00000000, 0x00000000, 0x00000000,
    0x00000000, 0x11111100, 0xBBBBB110, 0xBBBBBB10, 0x2BBBBB10, 0x22BBBB10, 0x2B2BBB10, 0x21BBBB10,
    0x00000000, 0x00111111, 0x011BBBBB, 0x01BBBBBB, 0x01BBBBBB, 0x01BBBBB2, 0x01BBBB21, 0x01BBB1B1,
    0x2CCCCC10, 0x2CCCCC10, 0x2CCCCC10, 0xCCCCCC10, 0xCCCCCC10, 0xCCCCC110, 0x11111100, 0x00000000,
    0x01CCCCC1, 0x01CCCCC1, 0x01CCCCC1, 0x01CCCCC1, 0x01CCCCCC, 0x011CCCCC, 0x00111111, 0x00000000,
    0x00000000, 0x11111100, 0x77777110, 0x77777710, 0x77777710, 0x27777710, 0x27777710, 0x22277710,
    0x00000000, 0x00111111, 0x01177777, 0x01777777, 0x01777777, 0x01777777, 0x01777771, 0x01777722,
    0x21888810, 0x28888810, 0x88888810, 0x88888810, 0x88888810, 0x88888110, 0x11111100, 0x00000000,
    0x01888111, 0x01888881, 0x01888881, 0x01888888, 0x01888888, 0x01188888, 0x00111111, 0x00000000,
    0x00000000, 0x11111100, 0x55555110, 0x55555510, 0x25555510, 0x52555510, 0x15255510, 0x21555510,
    0x00000000, 0x00111111, 0x01155555, 0x01555555, 0x01555555, 0x01555552, 0x01555525, 0x01555155,
    0x62666610, 0x16266610, 0x61666610, 0x66666610, 0x66666610, 0x66666110, 0x11111100, 0x00000000,
    0x01666662, 0x01666626, 0x01666166, 0x01666666, 0x01666666, 0x01166666, 0x00111111, 0x00000000,
    0x00000000, 0x11111100, 0x99999110, 0x99999910, 0x99999910, 0x29999910, 0x22999910, 0x22299910,
    0x00000000, 0x00111111, 0x01199999, 0x01999999, 0x01999922, 0x01999112, 0x01999911, 0x01999922,
    0x21AAAA10, 0x22AAAA10, 0x122AAA10, 0x11AAAA10, 0xAAAAAA10, 0xAAAAA110, 0x11111100, 0x00000000,
    0x01AAA112, 0x01AAAA11, 0x01AAAAA1, 0x01AAAAAA, 0x01AAAAAA, 0x011AAAAA, 0x00111111, 0x00000000,
    0x00000000, 0x11111100, 0xFFFFF110, 0xFFFFFF10, 0xFF2FFF10, 0xF12FFF10, 0xF2FFFF10, 0x2FFFFF10,
    0x00000000, 0x00111111, 0x011FFFFF, 0x01FFFFFF, 0x01FFFF2F, 0x01FFF12F, 0x01FFF1F2, 0x01FFFF1F,
    0xA2AAAA10, 0x1A2AAA10, 0xA12AAA10, 0xA1AAAA10, 0xAAAAAA10, 0xAAAAA110, 0x11111100, 0x00000000,
    0x01AAAAA2, 0x01AAAA2A, 0x01AAA12A, 0x01AAA1AA, 0x01AAAAAA, 0x011AAAAA, 0x00111111, 0x00000000,
    0x00000000, 0x11111100, 0x33333110, 0x33333310, 0x22233310, 0x11333310, 0x33333310, 0x23333310,
    0x00000000, 0x00111111, 0x01133333, 0x01333333, 0x01333322, 0x01333121, 0x01333132, 0x01333313,
    0x42444410, 0x14244410, 0x22244410, 0x11444410, 0x44444410, 0x44444110, 0x11111100, 0x00000000,
    0x01444441, 0x01444444, 0x01444422, 0x01444111, 0x01444444, 0x01144444, 0x00111111, 0x00000000,
    0x00000000, 0x11111100, 0xDDDDD110, 0xDDDDDD10, 0x2DDDDD10, 0x22DDDD10, 0x2D2DDD10, 0x22DDDD10,
    0x00000000, 0x00111111, 0x011DDDDD, 0x01DDDDDD, 0x01DDDDDD, 0x01DDDD22, 0x01DDD111, 0x01DDDDD2,
    0x2EEEEE10, 0x222EEE10, 0x21EEEE10, 0xEEEEEE10, 0xEEEEEE10, 0xEEEEE110, 0x11111100, 0x00000000,
    0x01EEEE21, 0x01EEE1E2, 0x01EEEE11, 0x01EEEEE1, 0x01EEEEEE, 0x011EEEEE, 0x00111111, 0x00000000,
    0x00000000, 0x11111100, 0x99999110, 0x99999910, 0x22299910, 0x11299910, 0x91299910, 0x22299910,
    0x00000000, 0x00111111, 0x01199999, 0x01999999, 0x01999922, 0x01999111, 0x01999999, 0x01999992,
    0x112AAA10, 0xA12AAA10, 0x222AAA10, 0x11AAAA10, 0xAAAAAA10, 0xAAAAA110, 0x11111100, 0x00000000,
    0x01AAAA11, 0x01AAAAAA, 0x01AAAA22, 0x01AAA111, 0x01AAAAAA, 0x011AAAAA, 0x00111111, 0x00000000,
    0x00000000, 0x11111100, 0x55555110, 0x55555510, 0x22555510, 0x15255510, 0x51255510, 0x22555510,
    0x00000000, 0x00111111, 0x01155555, 0x01555555, 0x01555552, 0x01555521, 0x01555125, 0x01555152,
    0x16266610, 0x61266610, 0x22666610, 0x16666610, 0x66666610, 0x66666110, 0x11111100, 0x00000000,
    0x01666621, 0x01666126, 0x01666162, 0x01666611, 0x01666666, 0x01166666, 0x00111111, 0x00000000,
    0x00000000, 0x11111100, 0xFFFFF110, 0xFFFFFF10, 0x22FFFF10, 0x1F2FFF10, 0xF12FFF10, 0xF12FFF10,
    0x00000000, 0x00111111, 0x011FFFFF, 0x01FFFFFF, 0x01FFFFF2, 0x01FFFF21, 0x01FFF12F, 0x01FFF12F,
    0xA12AAA10, 0xA12AAA10, 0x22AAAA10, 0x1AAAAA10, 0xAAAAAA10, 0xAAAAA110, 0x11111100, 0x00000000,
    0x01AAA12A, 0x01AAA12A, 0x01AAA1A2, 0x01AAAA11, 0x01AAAAAA, 0x011AAAAA, 0x00111111, 0x00000000,
    0x00000000, 0x11111100, 0xDDDDD110, 0xDDDDDD10, 0xDDDDDD10, 0xD2DDDD10, 0x222DDD10, 0x222DDD10,
    0x00000000, 0x00111111, 0x011DDDDD, 0x01DDDDDD, 0x01DDDDDD, 0x01DDDDD2, 0x01DDDD22, 0x01DDD122,
    0x22EEEE10, 0x2EEEEE10, 0xEEEEEE10, 0xEEEEEE10, 0xEEEEEE10, 0xEEEEE110, 0x11111100, 0x00000000,
    0x01EEE112, 0x01EEEE11, 0x01EEEEE1, 0x01EEEEEE, 0x01EEEEEE, 0x011EEEEE, 0x00111111, 0x00000000,
    0x00000000, 0x11111100, 0xBBBBB110, 0xBBBBBB10, 0xBBBBBB10, 0x222BBB10, 0x11BBBB10, 0xBBBBBB10,
    0x00000000, 0x00111111, 0x011BBBBB, 0x01BBBBBB, 0x01BBBBBB, 0x01BBBB22, 0x01BBB111, 0x01BBBBBB,
    0x222CCC10, 0x11CCCC10, 0xCCCCCC10, 0xCCCCCC10, 0xCCCCCC10, 0xCCCCC110, 0x11111100, 0x00000000,
    0x01CCCC22, 0x01CCC111, 0x01CCCCCC, 0x01CCCCCC, 0x01CCCCCC, 0x011CCCCC, 0x00111111, 0x00000000,
    0x00000000, 0x11111100, 0x77777110, 0x77777710, 0x77277710, 0x21777710, 0x22777710, 0x22277710,
    0x00000000, 0x00111111, 0x01177777, 0x01777777, 0x01777727, 0x01777177, 0x01777772, 0x01777722,
    0x22888810, 0x28888810, 0x88288810, 0x81888810, 0x88888810, 0x88888110, 0x11111100, 0x00000000,
    0x01888112, 0x01888811, 0x01888821, 0x01888188, 0x01888888, 0x01188888, 0x00111111, 0x00000000,
    0x00000000, 0x11111100, 0x99999110, 0x99999910, 0x29999910, 0x22999910, 0x22299910, 0x22999910,
    0x00000000, 0x00111111, 0x01199999, 0x01999999, 0x01999999, 0x01999991, 0x01999922, 0x01999121,
    0x2AAAAA10, 0xAAAAAA10, 0x2AAAAA10, 0xAAAAAA10, 0xAAAAAA10, 0xAAAAA110, 0x11111100, 0x00000000,
    0x01AAA121, 0x01AAA122, 0x01AAA11A, 0x01AAAAA1, 0x01AAAAAA, 0x011AAAAA, 0x00111111, 0x00000000,
    0x00000000, 0x11111100, 0xFFFFF110, 0xFFFFFF10, 0x2FFFFF10, 0x22FFFF10, 0x2F2FFF10, 0x222FFF10,
    0x00000000, 0x00111111, 0x011FFFFF, 0x01FFFFFF, 0x01FFFFFF, 0x01FFFFF2, 0x01FFFF21, 0x01FFF122,
    0x212AAA10, 0x22AAAA10, 0x2AAAAA10, 0xAAAAAA10, 0xAAAAAA10, 0xAAAAA110, 0x11111100, 0x00000000,
    0x01AAA121, 0x01AAA1A2, 0x01AAAA11, 0x01AAAAA1, 0x01AAAAAA, 0x011AAAAA, 0x00111111, 0x00000000,
    0x00000000, 0x11111100, 0x55555110, 0x55555510, 0x25555510, 0x25555510, 0x52555510, 0x12555510,
    0x00000000, 0x00111111, 0x01155555, 0x01555555, 0x01555555, 0x01555551, 0x01555552, 0x01555512,
    0x16266610, 0x61266610, 0x22266610, 0x11666610, 0x66666610, 0x66666110, 0x11111100, 0x00000000,
    0x01666626, 0x01666126, 0x01666122, 0x01666111, 0x01666666, 0x01166666, 0x00111111, 0x00000000,
    0x00000000, 0x11111100, 0x99999110, 0x99999910, 0x29999910, 0x22999910, 0x29299910, 0x22999910,
    0x00000000, 0x00111111, 0x01199999, 0x01999999, 0x01999999, 0x01999922, 0x01999111, 0x01999992,
    0x2AAAAA10, 0x222AAA10, 0x21AAAA10, 0xAAAAAA10, 0xAAAAAA10, 0xAAAAA110, 0x11111100, 0x00000000,
    0x01AAAA21, 0x01AAA1A2, 0x01AAAA11, 0x01AAAAA1, 0x01AAAAAA, 0x011AAAAA, 0x00111111, 0x00000000,
    0x00000000, 0x11111100, 0xDDDDD110, 0xDDDDDD10, 0x22DDDD10, 0x2D2DDD10, 0x212DDD10, 0x212DDD10,
    0x00000000, 0x00111111, 0x011DDDDD, 0x01DDDDDD, 0x01DDDDD2, 0x01DDDD21, 0x01DDD121, 0x01DDD122,
    0xE12EEE10, 0xE12EEE10, 0x22EEEE10, 0x1EEEEE10, 0xEEEEEE10, 0xEEEEE110, 0x11111100, 0x00000000,
    0x01EEE121, 0x01EEE12E, 0x01EEE1E2, 0x01EEEE11, 0x01EEEEEE, 0x011EEEEE, 0x00111111, 0x00000000,
    0x00000000, 0x11111100, 0x33333110, 0x33333310, 0x22233310, 0x11233310, 0x31233310, 0x31233310,
    0x00000000, 0x00111111, 0x01133333, 0x01333333, 0x01333322, 0x01333121, 0x01333123, 0x01333123,
    0x42444410, 0x24444410, 0x44444410, 0x44444410, 0x44444410, 0x44444110, 0x11111100, 0x00000000,
    0x01444142, 0x01444414, 0x01444441, 0x01444444, 0x01444444, 0x01144444, 0x00111111, 0x00000000,
    0x00000000, 0x11111100, 0x77777110, 0x77777710, 0x22777710, 0x17277710, 0x21277710, 0x71277710,
    0x00000000, 0x00111111, 0x01177777, 0x01777777, 0x01777772, 0x01777721, 0x01777127, 0x01777121,
    0x22888810, 0x18888810, 0x88888810, 0x88888810, 0x88888810, 0x88888110, 0x11111100, 0x00000000,
    0x01888182, 0x01888811, 0x01888888, 0x01888888, 0x01888888, 0x01188888, 0x00111111, 0x00000000,
    0x00000000, 0x11100000, 0x99911000, 0x99991100, 0x22999100, 0x19299910, 0x91299910, 0x91299910,
    0x00000000, 0x00000111, 0x00011999, 0x00119999, 0x00199992, 0x01999921, 0x01999199, 0x01999999,
    0xA12AAA10, 0xA12AAA10, 0x22AAAA10, 0x1AAAA100, 0xAAAA1100, 0xAAA11000, 0x11100000, 0x00000000,
    0x01AAAAAA, 0x01AAAA2A, 0x01AAA1A2, 0x001AAA11, 0x0011AAAA, 0x00011AAA, 0x00000111, 0x00000000,
    0x00000000, 0x11100000, 0x55511000, 0x55551100, 0x22555100, 0x15255510, 0x51555510, 0x25555510,
    0x00000000, 0x00000111, 0x00011555, 0x00115555, 0x00155552, 0x01555521, 0x01555152, 0x01555515,
    0x26666610, 0x66666610, 0x26666610, 0x66666100, 0x66661100, 0x66611000, 0x11100000, 0x00000000,
    0x01666661, 0x01666661, 0x01666666, 0x00166661, 0x00116666, 0x00011666, 0x00000111, 0x00000000,
    0x00000000, 0x11100000, 0xFFF11000, 0xFFFF1100, 0x22FFF100, 0x2FFFFF10, 0x2FFFFF10, 0x2FFFFF10,
    0x00000000, 0x00000111, 0x00011FFF, 0x0011FFFF, 0x001FFFF2, 0x01FFFF11, 0x01FFFFF1, 0x01FFFFF1,
    0x2AAAAA10, 0x2AAAAA10, 0x22AAAA10, 0x1AAAA100, 0xAAAA1100, 0xAAA11000, 0x11100000, 0x00000000,
    0x01AAAAA1, 0x01AAAAA1, 0x01AAAAA2, 0x001AAA11, 0x0011AAAA, 0x00011AAA, 0x00000111, 0x00000000,
    0x00000000, 0x11100000, 0xDDD11000, 0xDDDD1100, 0x222DD100, 0x112DDD10, 0xD12DDD10, 0x222DDD10,
    0x00000000, 0x00000111, 0x00011DDD, 0x0011DDDD, 0x001DDDD2, 0x01DDDD21, 0x01DDD12D, 0x01DDD1D2,
    0x212EEE10, 0xE12EEE10, 0xE12EEE10, 0xE1EEE100, 0xEEEE1100, 0xEEE11000, 0x11100000, 0x00000000,
    0x01EEEE11, 0x01EEEEE2, 0x01EEEE2E, 0x001EE1EE, 0x0011EEEE, 0x00011EEE, 0x00000111, 0x00000000,
    0x00000000, 0x11100000, 0xBBB11000, 0xBBBB1100, 0x222BB100, 0x112BBB10, 0xB12BBB10, 0x222BBB10,
    0x00000000, 0x00000111, 0x00011BBB, 0x0011BBBB, 0x001BBBB2, 0x01BBBB21, 0x01BBB12B, 0x01BBB1B2,
    0x112CCC10, 0xC12CCC10, 0x222CCC10, 0x11CCC100, 0xCCCC1100, 0xCCC11000, 0x11100000, 0x00000000,
    0x01CCCC21, 0x01CCC12C, 0x01CCC1C2, 0x001CCC11, 0x0011CCCC, 0x00011CCC, 0x00000111, 0x00000000,
    0x00000000, 0x11100000, 0x99911000, 0x99991100, 0x22299100, 0x11299910, 0x91299910, 0x22299910,
    0x00000000, 0x00000111, 0x00011999, 0x00119999, 0x00199992, 0x01999921, 0x01999129, 0x01999192,
    0x112AAA10, 0xA12AAA10, 0xA12AAA10, 0xA1AAA100, 0xAAAA1100, 0xAAA11000, 0x11100000, 0x00000000,
    0x01AAAA11, 0x01AAAAAA, 0x01AAAAAA, 0x001AAAAA, 0x0011AAAA, 0x00011AAA, 0x00000111, 0x00000000,
    0x00000000, 0x11100000, 0x33311000, 0x33331100, 0x23333100, 0x33333310, 0x33333310, 0x33333310,
    0x00000000, 0x00000111, 0x00011333, 0x00113333, 0x00133322, 0x01333112, 0x01333312, 0x01333312,
    0x44444410, 0x44244410, 0x22444410, 0x14444100, 0x44441100, 0x44411000, 0x11100000, 0x00000000,
    0x01444412, 0x01444412, 0x01444414, 0x00144441, 0x00114444, 0x00011444, 0x00000111, 0x00000000,
    0x00000000, 0x11100000, 0x77711000, 0x77771100, 0x22277100, 0x11277710, 0x71277710, 0x71277710,
    0x00000000, 0x00000111, 0x00011777, 0x00117777, 0x00177772, 0x01777721, 0x01777127, 0x01777127,
    0x81288810, 0x81288810, 0x22288810, 0x11888100, 0x88881100, 0x88811000, 0x11100000, 0x00000000,
    0x01888128, 0x01888128, 0x01888182, 0x00188811, 0x00118888, 0x00011888, 0x00000111, 0x00000000,
    0x00000000, 0x11100000, 0xFFF11000, 0xFFFF1100, 0x2FFFF100, 0x2FFFFF10, 0x22FFFF10, 0x222FFF10,
    0x00000000, 0x00000111, 0x00011FFF, 0x0011FFFF, 0x001FFFFF, 0x01FFFFF1, 0x01FFFFF2, 0x01FFFF22,
    0x22AAAA10, 0x2AAAAA10, 0x2AAAAA10, 0xAAAAA100, 0xAAAA1100, 0xAAA11000, 0x11100000, 0x00000000,
    0x01AAA112, 0x01AAAA11, 0x01AAAAA1, 0x001AAAA1, 0x0011AAAA, 0x00011AAA, 0x00000111, 0x00000000,
    0x00000000, 0x11100000, 0xBBB11000, 0xBBBB1100, 0x222BB100, 0x112BBB10, 0xB12BBB10, 0x222BBB10,
    0x00000000, 0x00000111, 0x00011BBB, 0x0011BBBB, 0x001BBB22, 0x01BBB111, 0x01BBBBBB, 0x01BBBBB2,
    0x112CCC10, 0xC12CCC10, 0xC12CCC10, 0xC1CCC100, 0xCCCC1100, 0xCCC11000, 0x11100000, 0x00000000,
    0x01CCCC11, 0x01CCCCCC, 0x01CCCCCC, 0x001CCCCC, 0x0011CCCC, 0x00011CCC, 0x00000111, 0x00000000,
    0x00000000, 0x11100000, 0x55511000, 0x55551100, 0x25555100, 0x22555510, 0x22555510, 0x22255510,
    0x00000000, 0x00000111, 0x00011555, 0x00115555, 0x00155555, 0x01555552, 0x01555512, 0x01555522,
    0x22266610, 0x22266610, 0x11666610, 0x66666100, 0x66661100, 0x66611000, 0x11100000, 0x00000000,
    0x01666122, 0x01666122, 0x01666111, 0x00166666, 0x00116666, 0x00011666, 0x00000111, 0x00000000,
    0x00000000, 0x11100000, 0x99911000, 0x99991100, 0x29999100, 0x22999910, 0x29299910, 0x22999910,
    0x00000000, 0x00000111, 0x00011999, 0x00119999, 0x00199999, 0x01999922, 0x01999111, 0x01999992,
    0x2AAAAA10, 0x222AAA10, 0x21AAAA10, 0xAAAAA100, 0xAAAA1100, 0xAAA11000, 0x11100000, 0x00000000,
    0x01AAAA21, 0x01AAA1A2, 0x01AAAA11, 0x001AAAA1, 0x0011AAAA, 0x00011AAA, 0x00000111, 0x00000000,
    0x00000000, 0x11100000, 0xBBB11000, 0xBBBB1100, 0xBB2BB100, 0xB12BBB10, 0xB12BBB10, 0x212BBB10,
    0x00000000, 0x00000111, 0x00011BBB, 0x0011BBBB, 0x001BBB2B, 0x01BBB12B, 0x01BBB12B, 0x01BBB12B,
    0x212CCC10, 0x212CCC10, 0xC2CCCC10, 0x1CCCC100, 0xCCCC1100, 0xCCC11000, 0x11100000, 0x00000000,
    0x01CCC121, 0x01CCC121, 0x01CCC1C2, 0x001CCC1C, 0x0011CCCC, 0x00011CCC, 0x00000111, 0x00000000,
    0x00000000, 0x11100000, 0xDDD11000, 0xDDDD1100, 0x222DD100, 0x112DDD10, 0xD12DDD10, 0x222DDD10,
    0x00000000, 0x00000111, 0x00011DDD, 0x0011DDDD, 0x001DDD22, 0x01DDD111, 0x01DDDDDD, 0x01DDDDD2,
    0x112EEE10, 0xE12EEE10, 0x222EEE10, 0x11EEE100, 0xEEEE1100, 0xEEE11000, 0x11100000, 0x00000000,
    0x01EEEE11, 0x01EEEEEE, 0x01EEEE22, 0x001EE111, 0x0011EEEE, 0x00011EEE, 0x00000111, 0x00000000,
    0x00000000, 0x11100000, 0x99911000, 0x99991100, 0x29999100, 0x29999910, 0x29999910, 0x29999910,
    0x00000000, 0x00000111, 0x00011999, 0x00119999, 0x00199999, 0x01999991, 0x01999991, 0x01999991,
    0x2AAAAA10, 0xAAAAAA10, 0x2AAAAA10, 0xAAAAA100, 0xAAAA1100, 0xAAA11000, 0x11100000, 0x00000000,
    0x01AAAAA1, 0x01AAAAA1, 0x01AAAAAA, 0x001AAAA1, 0x0011AAAA, 0x00011AAA, 0x00000111, 0x00000000,
};
const uint32_t font_tiles[1984] = {
    0x00000000, 0x00000000, 0x00000000, 0x00000000, 0x00000000, 0x00000000, 0x00000000, 0x00000000,
    0x00011100, 0x00122010, 0x02110210, 0x02101210, 0x02120110, 0x02102210, 0x02011100, 0x00222000,
    0x00001000, 0x00021100, 0x00021000, 0x00021000, 0x00021000, 0x00021000, 0x00011100, 0x00222000,
    0x00011100, 0x00122010, 0x02100200, 0x02010000, 0x00201000, 0x00020100, 0x00111110, 0x02222200,
    0x00111110, 0x02212200, 0x00201000, 0x00010000, 0x00100000, 0x02100010, 0x02011100, 0x00222000,
    0x00010000, 0x00211000, 0x00210100, 0x00212010, 0x00111110, 0x02212200, 0x00210000, 0x00200000,
    0x00111110, 0x02222210, 0x00011110, 0x00122200, 0x02100000, 0x02100010, 0x02011100, 0x00222000,
    0x00011000, 0x00220100, 0x00002010, 0x00011110, 0x00122210, 0x02100210, 0x02011100, 0x00222000,
    0x00111110, 0x02122200, 0x02010000, 0x00201000, 0x00020100, 0x00002100, 0x00002100, 0x00002000,
    0x00011100, 0x00122010, 0x02100210, 0x02011100, 0x00122010, 0x02100210, 0x02011100, 0x00222000,
    0x00011100, 0x00122010, 0x02100210, 0x02111100, 0x02122000, 0x02010000, 0x00201100, 0x00022000,
    0x00011100, 0x00122010, 0x02100210, 0x02111110, 0x02122210, 0x02100210, 0x02100210, 0x02000200,
    0x00011110, 0x00122210, 0x02100210, 0x02011110, 0x00122210, 0x02100210, 0x02011110, 0x00222200,
    0x00011100, 0x00122010, 0x02000210, 0x00000210, 0x00000210, 0x00100210, 0x02011100, 0x00222000,
    0x00011110, 0x00122210, 0x02100210, 0x02100210, 0x02100210, 0x02100210, 0x02011110, 0x00222200,
    0x00111110, 0x02222210, 0x00000210, 0x00011110, 0x00222210, 0x00000210, 0x00111110, 0x02222200,
    0x00111110, 0x02222210, 0x00000210, 0x00011110, 0x00222210, 0x00000210, 0x00000210, 0x00000200,
    0x00011100, 0x00122010, 0x02000210, 0x00111210, 0x02120210, 0x02100210, 0x02111100, 0x02222000,
    0x00100010, 0x02100210, 0x02100210, 0x02111110, 0x02122210, 0x02100210, 0x02100210, 0x02000200,
    0x00011100, 0x00221000, 0x00021000, 0x00021000, 0x00021000, 0x00021000, 0x00011100, 0x00222000,
    0x00111000, 0x02210000, 0x00210000, 0x00210000, 0x00210000, 0x00210010, 0x00201100, 0x00022000,
    0x00100010, 0x02010210, 0x00201210, 0x00020110, 0x00001210, 0x00010210, 0x00100210, 0x02000200,
    0x00000010, 0x00000210, 0x00000210, 0x00000210, 0x00000210, 0x00000210, 0x00111110, 0x02222200,
    0x00100010, 0x02110110, 0x02101210, 0x02121210, 0x02120210, 0x02100210, 0x02100210, 0x02000200,
    0x00100010, 0x02100210, 0x02100110, 0x02101210, 0x02110210, 0x02100210, 0x02100210, 0x02000200,
    0x00011100, 0x00122010, 0x02100210, 0x02100210, 0x02100210, 0x02100210, 0x02011100, 0x00222000,
    0x00011110, 0x00122210, 0x02100210, 0x02011110, 0x00222210, 0x00000210, 0x00000210, 0x00000200,
    0x00011100, 0x00122010, 0x02100210, 0x02100210, 0x02101210, 0x02010210, 0x00101100, 0x02022000,
    0x00011110, 0x00122210, 0x02100210, 0x02011110, 0x00221210, 0x00010210, 0x00100210, 0x02000200,
    0x00111100, 0x02222010, 0x00000210, 0x00011100, 0x00122000, 0x02100000, 0x02011110, 0x00222200,
    0x00111110, 0x02221200, 0x00021000, 0x00021000, 0x00021000, 0x00021000, 0x00021000, 0x00020000,
    0x00100010, 0x02100210, 0x02100210, 0x02100210, 0x02100210, 0x02100210, 0x02011100, 0x00222000,
    0x00100010, 0x02100210, 0x02100210, 0x02100210, 0x02100210, 0x02010100, 0x00201000, 0x00020000,
    0x00100010, 0x02100210, 0x02100210, 0x02101210, 0x02121210, 0x02121210, 0x02010100, 0x00202000,
    0x00100010, 0x02100210, 0x02010100, 0x00201000, 0x00010100, 0x00102010, 0x02100210, 0x02000200,
    0x00100010, 0x02100210, 0x02010100, 0x00201000, 0x00021000, 0x00021000, 0x00021000, 0x00020000,
    0x00111110, 0x02122200, 0x02010000, 0x00201000, 0x00020100, 0x00002010, 0x00111110, 0x02222200,
    0x00000000, 0x00001000, 0x00021000, 0x00020000, 0x00001000, 0x00021000, 0x00020000, 0x00000000,
    0x00001000, 0x00021000, 0x00021000, 0x00021000, 0x00021000, 0x00020000, 0x00001000, 0x00020000,
    0x00000000, 0x00000000, 0x00000000, 0x00011100, 0x00222000, 0x00000000, 0x00000000, 0x00000000,
    0x00000010, 0x00000100, 0x00001000, 0x00010000, 0x00201000, 0x00020100, 0x00002010, 0x00000200,
    0x00000000, 0x00001000, 0x00021000, 0x00111110, 0x02221200, 0x00021000, 0x00020000, 0x00000000,
    0x00000000, 0x00000000, 0x00111110, 0x02222200, 0x00111110, 0x02222200, 0x00000000, 0x00000000,
    0x00000000, 0x00000000, 0x00000000, 0x00000000, 0x00000000, 0x00000000, 0x00001000, 0x00020000,
    0x00001000, 0x00021000, 0x00020100, 0x00002000, 0x00000000, 0x00000000, 0x00000000, 0x00000000,
    0x00000000, 0x00000000, 0x00000000, 0x00000000, 0x00000000, 0x00001000, 0x00020100, 0x00002000,
    0x00100110, 0x02012110, 0x00212200, 0x00201000, 0x00020100, 0x00112100, 0x02112010, 0x02200200,
    0x00100000, 0x02010000, 0x00210000, 0x00201000, 0x00020100, 0x00002100, 0x00002010, 0x00000200,
    0x33333333, 0x33333333, 0x33333333, 0x33333333, 0x33333333, 0x33333333, 0x33333333, 0x33333333,
    0x33311133, 0x33122313, 0x32113213, 0x32131213, 0x32123113, 0x32132213, 0x32311133, 0x33222333,
    0x33331333, 0x33321133, 0x33321333, 0x33321333, 0x33321333, 0x33321333, 0x33311133, 0x33222333,
    0x33311133, 0x33122313, 0x32133233, 0x32313333, 0x33231333, 0x33323133, 0x33111113, 0x32222233,
    0x33111113, 0x32212233, 0x33231333, 0x33313333, 0x33133333, 0x32133313, 0x32311133, 0x33222333,
    0x33313333, 0x33211333, 0x33213133, 0x33212313, 0x33111113, 0x32212233, 0x33213333, 0x33233333,
    0x33111113, 0x32222213, 0x33311113, 0x33122233, 0x32133333, 0x32133313, 0x32311133, 0x33222333,
    0x33311333, 0x33223133, 0x33332313, 0x33311113, 0x33122213, 0x32133213, 0x32311133, 0x33222333,
    0x33111113, 0x32122233, 0x32313333, 0x33231333, 0x33323133, 0x33332133, 0x33332133, 0x33332333,
    0x33311133, 0x33122313, 0x32133213, 0x32311133, 0x33122313, 0x32133213, 0x32311133, 0x33222333,
    0x33311133, 0x33122313, 0x32133213, 0x32111133, 0x32122333, 0x32313333, 0x33231133, 0x33322333,
    0x33311133, 0x33122313, 0x32133213, 0x32111113, 0x32122213, 0x32133213, 0x32133213, 0x32333233,
    0x33311113, 0x33122213, 0x32133213, 0x32311113, 0x33122213, 0x32133213, 0x32311113, 0x33222233,
    0x33311133, 0x33122313, 0x32333213, 0x33333213, 0x33333213, 0x33133213, 0x32311133, 0x33222333,
    0x33311113, 0x33122213, 0x32133213, 0x32133213, 0x32133213, 0x32133213, 0x32311113, 0x33222233,
    0x33111113, 0x32222213, 0x33333213, 0x33311113, 0x33222213, 0x33333213, 0x33111113, 0x32222233,
    0x33111113, 0x32222213, 0x33333213, 0x33311113, 0x33222213, 0x33333213, 0x33333213, 0x33333233,
    0x33311133, 0x33122313, 0x32333213, 0x33111213, 0x32123213, 0x32133213, 0x32111133, 0x32222333,
    0x33133313, 0x32133213, 0x32133213, 0x32111113, 0x32122213, 0x32133213, 0x32133213, 0x32333233,
    0x33311133, 0x33221333, 0x33321333, 0x33321333, 0x33321333, 0x33321333, 0x33311133, 0x33222333,
    0x33111333, 0x32213333, 0x33213333, 0x33213333, 0x33213333, 0x33213313, 0x33231133, 0x33322333,
    0x33133313, 0x32313213, 0x33231213, 0x33323113, 0x33331213, 0x33313213, 0x33133213, 0x32333233,
    0x33333313, 0x33333213, 0x33333213, 0x33333213, 0x33333213, 0x33333213, 0x33111113, 0x32222233,
    0x33133313, 0x32113113, 0x32131213, 0x32121213, 0x32123213, 0x32133213, 0x32133213, 0x32333233,
    0x33133313, 0x32133213, 0x32133113, 0x32131213, 0x32113213, 0x32133213, 0x32133213, 0x32333233,
    0x33311133, 0x33122313, 0x32133213, 0x32133213, 0x32133213, 0x32133213, 0x32311133, 0x33222333,
    0x33311113, 0x33122213, 0x32133213, 0x32311113, 0x33222213, 0x33333213, 0x33333213, 0x33333233,
    0x33311133, 0x33122313, 0x32133213, 0x32133213, 0x32131213, 0x32313213, 0x33131133, 0x32322333,
    0x33311113, 0x33122213, 0x32133213, 0x32311113, 0x33221213, 0x33313213, 0x33133213, 0x32333233,
    0x33111133, 0x32222313, 0x33333213, 0x33311133, 0x33122333, 0x32133333, 0x32311113, 0x33222233,
    0x33111113, 0x32221233, 0x33321333, 0x33321333, 0x33321333, 0x33321333, 0x33321333, 0x33323333,
    0x33133313, 0x32133213, 0x32133213, 0x32133213, 0x32133213, 0x32133213, 0x32311133, 0x33222333,
    0x33133313, 0x32133213, 0x32133213, 0x32133213, 0x32133213, 0x32313133, 0x33231333, 0x33323333,
    0x33133313, 0x32133213, 0x32133213, 0x32131213, 0x32121213, 0x32121213, 0x32313133, 0x33232333,
    0x33133313, 0x32133213, 0x32313133, 0x33231333, 0x33313133, 0x33132313, 0x32133213, 0x32333233,
    0x33133313, 0x32133213, 0x32313133, 0x33231333, 0x33321333, 0x33321333, 0x33321333, 0x33323333,
    0x33111113, 0x32122233, 0x32313333, 0x33231333, 0x33323133, 0x33332313, 0x33111113, 0x32222233,
    0x33333333, 0x33331333, 0x33321333, 0x33323333, 0x33331333, 0x33321333, 0x33323333, 0x33333333,
    0x33331333, 0x33321333, 0x33321333, 0x33321333, 0x33321333, 0x33323333, 0x33331333, 0x33323333,
    0x33333333, 0x33333333, 0x33333333, 0x33311133, 0x33222333, 0x33333333, 0x33333333, 0x33333333,
    0x33333313, 0x33333133, 0x33331333, 0x33313333, 0x33231333, 0x33323133, 0x33332313, 0x33333233,
    0x33333333, 0x33331333, 0x33321333, 0x33111113, 0x32221233, 0x33321333, 0x33323333, 0x33333333,
    0x33333333, 0x33333333, 0x33111113, 0x32222233, 0x33111113, 0x32222233, 0x33333333, 0x33333333,
    0x33333333, 0x33333333, 0x33333333, 0x33333333, 0x33333333, 0x33333333, 0x33331333, 0x33323333,
    0x33331333, 0x33321333, 0x33323133, 0x33332333, 0x33333333, 0x33333333, 0x33333333, 0x33333333,
    0x33333333, 0x33333333, 0x33333333, 0x33333333, 0x33333333, 0x33331333, 0x33323133, 0x33332333,
    0x33133113, 0x32312113, 0x33212233, 0x33231333, 0x33323133, 0x33112133, 0x32112313, 0x32233233,
    0x33133333, 0x32313333, 0x33213333, 0x33231333, 0x33323133, 0x33332133, 0x33332313, 0x33333233,
    0x33333333, 0x33333333, 0x33333333, 0x33333333, 0x33333333, 0x33333333, 0x33333333, 0x33333333,
    0x33366633, 0x33622363, 0x32663263, 0x32636263, 0x32623663, 0x32632263, 0x32366633, 0x33222333,
    0x33336333, 0x33326633, 0x33326333, 0x33326333, 0x33326333, 0x33326333, 0x33366633, 0x33222333,
    0x33366633, 0x33622363, 0x32633233, 0x32363333, 0x33236333, 0x33323633, 0x33666663, 0x32222233,
    0x33666663, 0x32262233, 0x33236333, 0x33363333, 0x33633333, 0x32633363, 0x32366633, 0x33222333,
    0x33363333, 0x33266333, 0x33263633, 0x33262363, 0x33666663, 0x32262233, 0x33263333, 0x33233333,
    0x33666663, 0x32222263, 0x33366663, 0x33622233, 0x32633333, 0x32633363, 0x32366633, 0x33222333,
    0x33366333, 0x33223633, 0x33332363, 0x33366663, 0x33622263, 0x32633263, 0x32366633, 0x33222333,
    0x33666663, 0x32622233, 0x32363333, 0x33236333, 0x33323633, 0x33332633, 0x33332633, 0x33332333,
    0x33366633, 0x33622363, 0x32633263, 0x32366633, 0x33622363, 0x32633263, 0x32366633, 0x33222333,
    0x33366633, 0x33622363, 0x32633263, 0x32666633, 0x32622333, 0x32363333, 0x33236633, 0x33322333,
    0x33366633, 0x33622363, 0x32633263, 0x32666663, 0x32622263, 0x32633263, 0x32633263, 0x32333233,
    0x33366663, 0x33622263, 0x32633263, 0x32366663, 0x33622263, 0x32633263, 0x32366663, 0x33222233,
    0x33366633, 0x33622363, 0x32333263, 0x33333263, 0x33333263, 0x33633263, 0x32366633, 0x33222333,
    0x33366663, 0x33622263, 0x32633263, 0x32633263, 0x32633263, 0x32633263, 0x32366663, 0x33222233,
    0x33666663, 0x32222263, 0x33333263, 0x33366663, 0x33222263, 0x33333263, 0x33666663, 0x32222233,
    0x33666663, 0x32222263, 0x33333263, 0x33366663, 0x33222263, 0x33333263, 0x33333263, 0x33333233,
    0x33366633, 0x33622363, 0x32333263, 0x33666263, 0x32623263, 0x32633263, 0x32666633, 0x32222333,
    0x33633363, 0x32633263, 0x32633263, 0x32666663, 0x32622263, 0x32633263, 0x32633263, 0x32333233,
    0x33366633, 0x33226333, 0x33326333, 0x33326333, 0x33326333, 0x33326333, 0x33366633, 0x33222333,
    0x33666333, 0x32263333, 0x33263333, 0x33263333, 0x33263333, 0x33263363, 0x33236633, 0x33322333,
    0x33633363, 0x32363263, 0x33236263, 0x33323663, 0x33336263, 0x33363263, 0x33633263, 0x32333233,
    0x33333363, 0x33333263, 0x33333263, 0x33333263, 0x33333263, 0x33333263, 0x33666663, 0x32222233,
    0x33633363, 0x32663663, 0x32636263, 0x32626263, 0x32623263, 0x32633263, 0x32633263, 0x32333233,
    0x33633363, 0x32633263, 0x32633663, 0x32636263, 0x32663263, 0x32633263, 0x32633263, 0x32333233,
    0x33366633, 0x33622363, 0x32633263, 0x32633263, 0x32633263, 0x32633263, 0x32366633, 0x33222333,
    0x33366663, 0x33622263, 0x32633263, 0x32366663, 0x33222263, 0x33333263, 0x33333263, 0x33333233,
    0x33366633, 0x33622363, 0x32633263, 0x32633263, 0x32636263, 0x32363263, 0x33636633, 0x32322333,
    0x33366663, 0x33622263, 0x32633263, 0x32366663, 0x33226263, 0x33363263, 0x33633263, 0x32333233,
    0x33666633, 0x32222363, 0x33333263, 0x33366633, 0x33622333, 0x32633333, 0x32366663, 0x33222233,
    0x33666663, 0x32226233, 0x33326333, 0x33326333, 0x33326333, 0x33326333, 0x33326333, 0x33323333,
    0x33633363, 0x32633263, 0x32633263, 0x32633263, 0x32633263, 0x32633263, 0x32366633, 0x33222333,
    0x33633363, 0x32633263, 0x32633263, 0x32633263, 0x32633263, 0x32363633, 0x33236333, 0x33323333,
    0x33633363, 0x32633263, 0x32633263, 0x32636263, 0x32626263, 0x32626263, 0x32363633, 0x33232333,
    0x33633363, 0x32633263, 0x32363633, 0x33236333, 0x33363633, 0x33632363, 0x32633263, 0x32333233,
    0x33633363, 0x32633263, 0x32363633, 0x33236333, 0x33326333, 0x33326333, 0x33326333, 0x33323333,
    0x33666663, 0x32622233, 0x32363333, 0x33236333, 0x33323633, 0x33332363, 0x33666663, 0x32222233,
    0x33333333, 0x33336333, 0x33326333, 0x33323333, 0x33336333, 0x33326333, 0x33323333, 0x33333333,
    0x33336333, 0x33326333, 0x33326333, 0x33326333, 0x33326333, 0x33323333, 0x33336333, 0x33323333,
    0x33333333, 0x33333333, 0x33333333, 0x33366633, 0x33222333, 0x33333333, 0x33333333, 0x33333333,
    0x33333363, 0x33333633, 0x33336333, 0x33363333, 0x33236333, 0x33323633, 0x33332363, 0x33333233,
    0x33333333, 0x33336333, 0x33326333, 0x33666663, 0x32226233, 0x33326333, 0x33323333, 0x33333333,
    0x33333333, 0x33333333, 0x33666663, 0x32222233, 0x33666663, 0x32222233, 0x33333333, 0x33333333,
    0x33333333, 0x33333333, 0x33333333, 0x33333333, 0x33333333, 0x33333333, 0x33336333, 0x33323333,
    0x33336333, 0x33326333, 0x33323633, 0x33332333, 0x33333333, 0x33333333, 0x33333333, 0x33333333,
    0x33333333, 0x33333333, 0x33333333, 0x33333333, 0x33333333, 0x33336333, 0x33323633, 0x33332333,
    0x33633663, 0x32362663, 0x33262233, 0x33236333, 0x33323633, 0x33662633, 0x32662363, 0x32233233,
    0x33633333, 0x32363333, 0x33263333, 0x33236333, 0x33323633, 0x33332633, 0x33332363, 0x33333233,
    0x00000000, 0x00000000, 0x00000000, 0x00000000, 0x00000000, 0x00000000, 0x00000000, 0x00000000,
    0x00066600, 0x00622060, 0x02660260, 0x02606260, 0x02620660, 0x02602260, 0x02066600, 0x00222000,
    0x00006000, 0x00026600, 0x00026000, 0x00026000, 0x00026000, 0x00026000, 0x00066600, 0x00222000,
    0x00066600, 0x00622060, 0x02600200, 0x02060000, 0x00206000, 0x00020600, 0x00666660, 0x02222200,
    0x00666660, 0x02262200, 0x00206000, 0x00060000, 0x00600000, 0x02600060, 0x02066600, 0x00222000,
    0x00060000, 0x00266000, 0x00260600, 0x00262060, 0x00666660, 0x02262200, 0x00260000, 0x00200000,
    0x00666660, 0x02222260, 0x00066660, 0x00622200, 0x02600000, 0x02600060, 0x02066600, 0x00222000,
    0x00066000, 0x00220600, 0x00002060, 0x00066660, 0x00622260, 0x02600260, 0x02066600, 0x00222000,
    0x00666660, 0x02622200, 0x02060000, 0x00206000, 0x00020600, 0x00002600, 0x00002600, 0x00002000,
    0x00066600, 0x00622060, 0x02600260, 0x02066600, 0x00622060, 0x02600260, 0x02066600, 0x00222000,
    0x00066600, 0x00622060, 0x02600260, 0x02666600, 0x02622000, 0x02060000, 0x00206600, 0x00022000,
    0x00066600, 0x00622060, 0x02600260, 0x02666660, 0x02622260, 0x02600260, 0x02600260, 0x02000200,
    0x00066660, 0x00622260, 0x02600260, 0x02066660, 0x00622260, 0x02600260, 0x02066660, 0x00222200,
    0x00066600, 0x00622060, 0x02000260, 0x00000260, 0x00000260, 0x00600260, 0x02066600, 0x00222000,
    0x00066660, 0x00622260, 0x02600260, 0x02600260, 0x02600260, 0x02600260, 0x02066660, 0x00222200,
    0x00666660, 0x02222260, 0x00000260, 0x00066660, 0x00222260, 0x00000260, 0x00666660, 0x02222200,
    0x00666660, 0x02222260, 0x00000260, 0x00066660, 0x00222260, 0x00000260, 0x00000260, 0x00000200,
    0x00066600, 0x00622060, 0x02000260, 0x00666260, 0x02620260, 0x02600260, 0x02666600, 0x02222000,
    0x00600060, 0x02600260, 0x02600260, 0x02666660, 0x02622260, 0x02600260, 0x02600260, 0x02000200,
    0x00066600, 0x00226000, 0x00026000, 0x00026000, 0x00026000, 0x00026000, 0x00066600, 0x00222000,
    0x00666000, 0x02260000, 0x00260000, 0x00260000, 0x00260000, 0x00260060, 0x00206600, 0x00022000,
    0x00600060, 0x02060260, 0x00206260, 0x00020660, 0x00006260, 0x00060260, 0x00600260, 0x02000200,
    0x00000060, 0x00000260, 0x00000260, 0x00000260, 0x00000260, 0x00000260, 0x00666660, 0x02222200,
    0x00600060, 0x02660660, 0x02606260, 0x02626260, 0x02620260, 0x02600260, 0x02600260, 0x02000200,
    0x00600060, 0x02600260, 0x02600660, 0x02606260, 0x02660260, 0x02600260, 0x02600260, 0x02000200,
    0x00066600, 0x00622060, 0x02600260, 0x02600260, 0x02600260, 0x02600260, 0x02066600, 0x00222000,
    0x00066660, 0x00622260, 0x02600260, 0x02066660, 0x00222260, 0x00000260, 0x00000260, 0x00000200,
    0x00066600, 0x00622060, 0x02600260, 0x02600260, 0x02606260, 0x02060260, 0x00606600, 0x02022000,
    0x00066660, 0x00622260, 0x02600260, 0x02066660, 0x00226260, 0x00060260, 0x00600260, 0x02000200,
    0x00666600, 0x02222060, 0x00000260, 0x00066600, 0x00622000, 0x02600000, 0x02066660, 0x00222200,
    0x00666660, 0x02226200, 0x00026000, 0x00026000, 0x00026000, 0x00026000, 0x00026000, 0x00020000,
    0x00600060, 0x02600260, 0x02600260, 0x02600260, 0x02600260, 0x02600260, 0x02066600, 0x00222000,
    0x00600060, 0x02600260, 0x02600260, 0x02600260, 0x02600260, 0x02060600, 0x00206000, 0x00020000,
    0x00600060, 0x02600260, 0x02600260, 0x02606260, 0x02626260, 0x02626260, 0x02060600, 0x00202000,
    0x00600060, 0x02600260, 0x02060600, 0x00206000, 0x00060600, 0x00602060, 0x02600260, 0x02000200,
    0x00600060, 0x02600260, 0x02060600, 0x00206000, 0x00026000, 0x00026000, 0x00026000, 0x00020000,
    0x00666660, 0x02622200, 0x02060000, 0x00206000, 0x00020600, 0x00002060, 0x00666660, 0x02222200,
    0x00000000, 0x00006000, 0x00026000, 0x00020000, 0x00006000, 0x00026000, 0x00020000, 0x00000000,
    0x00006000, 0x00026000, 0x00026000, 0x00026000, 0x00026000, 0x00020000, 0x00006000, 0x00020000,
    0x00000000, 0x00000000, 0x00000000, 0x00066600, 0x00222000, 0x00000000, 0x00000000, 0x00000000,
    0x00000060, 0x00000600, 0x00006000, 0x00060000, 0x00206000, 0x00020600, 0x00002060, 0x00000200,
    0x00000000, 0x00006000, 0x00026000, 0x00666660, 0x02226200, 0x00026000, 0x00020000, 0x00000000,
    0x00000000, 0x00000000, 0x00666660, 0x02222200, 0x00666660, 0x02222200, 0x00000000, 0x00000000,
    0x00000000, 0x00000000, 0x00000000, 0x00000000, 0x00000000, 0x00000000, 0x00006000, 0x00020000,
    0x00006000, 0x00026000, 0x00020600, 0x00002000, 0x00000000, 0x00000000, 0x00000000, 0x00000000,
    0x00000000, 0x00000000, 0x00000000, 0x00000000, 0x00000000, 0x00006000, 0x00020600, 0x00002000,
    0x00600660, 0x02062660, 0x00262200, 0x00206000, 0x00020600, 0x00662600, 0x02662060, 0x02200200,
    0x00600000, 0x02060000, 0x00260000, 0x00206000, 0x00020600, 0x00002600, 0x00002060, 0x00000200,
    0x33333333, 0x33333333, 0x33333333, 0x33333333, 0x33333333, 0x33333333, 0x33333333, 0x33333333,
    0x33388833, 0x33822383, 0x32883283, 0x32838283, 0x32823883, 0x32832283, 0x32388833, 0x33222333,
    0x33338333, 0x33328833, 0x33328333, 0x33328333, 0x33328333, 0x33328333, 0x33388833, 0x33222333,
    0x33388833, 0x33822383, 0x32833233, 0x32383333, 0x33238333, 0x33323833, 0x33888883, 0x32222233,
    0x33888883, 0x32282233, 0x33238333, 0x33383333, 0x33833333, 0x32833383, 0x32388833, 0x33222333,
    0x33383333, 0x33288333, 0x33283833, 0x33282383, 0x33888883, 0x32282233, 0x33283333, 0x33233333,
    0x33888883, 0x32222283, 0x33388883, 0x33822233, 0x32833333, 0x32833383, 0x32388833, 0x33222333,
    0x33388333, 0x33223833, 0x33332383, 0x33388883, 0x33822283, 0x32833283, 0x32388833, 0x33222333,
    0x33888883, 0x32822233, 0x32383333, 0x33238333, 0x33323833, 0x33332833, 0x33332833, 0x33332333,
    0x33388833, 0x33822383, 0x32833283, 0x32388833, 0x33822383, 0x32833283, 0x32388833, 0x33222333,
    0x33388833, 0x33822383, 0x32833283, 0x32888833, 0x32822333, 0x32383333, 0x33238833, 0x33322333,
    0x33388833, 0x33822383, 0x32833283, 0x32888883, 0x32822283, 0x32833283, 0x32833283, 0x32333233,
    0x33388883, 0x33822283, 0x32833283, 0x32388883, 0x33822283, 0x32833283, 0x32388883, 0x33222233,
    0x33388833, 0x33822383, 0x32333283, 0x33333283, 0x33333283, 0x33833283, 0x32388833, 0x33222333,
    0x33388883, 0x33822283, 0x32833283, 0x32833283, 0x32833283, 0x32833283, 0x32388883, 0x33222233,
    0x33888883, 0x32222283, 0x33333283, 0x33388883, 0x33222283, 0x33333283, 0x33888883, 0x32222233,
    0x33888883, 0x32222283, 0x33333283, 0x33388883, 0x33222283, 0x33333283, 0x33333283, 0x33333233,
    0x33388833, 0x33822383, 0x32333283, 0x33888283, 0x32823283, 0x32833283, 0x32888833, 0x32222333,
    0x33833383, 0x32833283, 0x32833283, 0x32888883, 0x32822283, 0x32833283, 0x32833283, 0x32333233,
    0x33388833, 0x33228333, 0x33328333, 0x33328333, 0x33328333, 0x33328333, 0x33388833, 0x33222333,
    0x33888333, 0x32283333, 0x33283333, 0x33283333, 0x33283333, 0x33283383, 0x33238833, 0x33322333,
    0x33833383, 0x32383283, 0x33238283, 0x33323883, 0x33338283, 0x33383283, 0x33833283, 0x32333233,
    0x33333383, 0x33333283, 0x33333283, 0x33333283, 0x33333283, 0x33333283, 0x33888883, 0x32222233,
    0x33833383, 0x32883883, 0x32838283, 0x32828283, 0x32823283, 0x32833283, 0x32833283, 0x32333233,
    0x33833383, 0x32833283, 0x32833883, 0x32838283, 0x32883283, 0x32833283, 0x32833283, 0x32333233,
    0x33388833, 0x33822383, 0x32833283, 0x32833283, 0x32833283, 0x32833283, 0x32388833, 0x33222333,
    0x33388883, 0x33822283, 0x32833283, 0x32388883, 0x33222283, 0x33333283, 0x33333283, 0x33333233,
    0x33388833, 0x33822383, 0x32833283, 0x32833283, 0x32838283, 0x32383283, 0x33838833, 0x32322333,
    0x33388883, 0x33822283, 0x32833283, 0x32388883, 0x33228283, 0x33383283, 0x33833283, 0x32333233,
    0x33888833, 0x32222383, 0x33333283, 0x33388833, 0x33822333, 0x32833333, 0x32388883, 0x33222233,
    0x33888883, 0x32228233, 0x33328333, 0x33328333, 0x33328333, 0x33328333, 0x33328333, 0x33323333,
    0x33833383, 0x32833283, 0x32833283, 0x32833283, 0x32833283, 0x32833283, 0x32388833, 0x33222333,
    0x33833383, 0x32833283, 0x32833283, 0x32833283, 0x32833283, 0x32383833, 0x33238333, 0x33323333,
    0x33833383, 0x32833283, 0x32833283, 0x32838283, 0x32828283, 0x32828283, 0x32383833, 0x33232333,
    0x33833383, 0x32833283, 0x32383833, 0x33238333, 0x33383833, 0x33832383, 0x32833283, 0x32333233,
    0x33833383, 0x32833283, 0x32383833, 0x33238333, 0x33328333, 0x33328333, 0x33328333, 0x33323333,
    0x33888883, 0x32822233, 0x32383333, 0x33238333, 0x33323833, 0x33332383, 0x33888883, 0x32222233,
    0x33333333, 0x33338333, 0x33328333, 0x33323333, 0x33338333, 0x33328333, 0x33323333, 0x33333333,
    0x33338333, 0x33328333, 0x33328333, 0x33328333, 0x33328333, 0x33323333, 0x33338333, 0x33323333,
    0x33333333, 0x33333333, 0x33333333, 0x33388833, 0x33222333, 0x33333333, 0x33333333, 0x33333333,
    0x33333383, 0x33333833, 0x33338333, 0x33383333, 0x33238333, 0x33323833, 0x33332383, 0x33333233,
    0x33333333, 0x33338333, 0x33328333, 0x33888883, 0x32228233, 0x33328333, 0x33323333, 0x33333333,
    0x33333333, 0x33333333, 0x33888883, 0x32222233, 0x33888883, 0x32222233, 0x33333333, 0x33333333,
    0x33333333, 0x33333333, 0x33333333, 0x33333333, 0x33333333, 0x33333333, 0x33338333, 0x33323333,
    0x33338333, 0x33328333, 0x33323833, 0x33332333, 0x33333333, 0x33333333, 0x33333333, 0x33333333,
    0x33333333, 0x33333333, 0x33333333, 0x33333333, 0x33333333, 0x33338333, 0x33323833, 0x33332333,
    0x33833883, 0x32382883, 0x33282233, 0x33238333, 0x33323833, 0x33882833, 0x32882383, 0x32233233,
    0x33833333, 0x32383333, 0x33283333, 0x33238333, 0x33323833, 0x33332833, 0x33332383, 0x33333233,
    0x55555555, 0x44444445, 0x77777745, 0x33333745, 0x33333745, 0x33333745, 0x33333745, 0x33333745,
    0x55555555, 0x44444444, 0x77777777, 0x33333333, 0x33333333, 0x33333333, 0x33333333, 0x33333333,
    0x55555555, 0x54444444, 0x54777777, 0x54333333, 0x54333333, 0x54333333, 0x54333333, 0x54333333,
    0x33333745, 0x33333745, 0x33333745, 0x33333745, 0x33333745, 0x33333745, 0x33333745, 0x33333745,
    0x54333333, 0x54333333, 0x54333333, 0x54333333, 0x54333333, 0x54333333, 0x54333333, 0x54333333,
    0x33333745, 0x33333745, 0x33333745, 0x33333745, 0x33333745, 0x33333745, 0x44444445, 0x55555555,
    0x33333333, 0x33333333, 0x33333333, 0x33333333, 0x33333333, 0x33333333, 0x44444444, 0x55555555,
    0x54333333, 0x54333333, 0x54333333, 0x54333333, 0x54333333, 0x54333333, 0x54444444, 0x55555555,
};
